,SNP,effect_allele.exposure,other_allele.exposure,effect_allele.outcome,other_allele.outcome,beta.exposure,beta.outcome,eaf.exposure,eaf.outcome,remove,palindromic,ambiguous,id.outcome,chr,pos,se.outcome,samplesize.outcome,pval.outcome,outcome,originalname.outcome,outcome.deprecated,mr_keep.outcome,data_source.outcome,proxy.outcome,target_snp.outcome,proxy_snp.outcome,target_a1.outcome,target_a2.outcome,proxy_a1.outcome,proxy_a2.outcome,chr.exposure,pos.exposure,se.exposure,pval.exposure,samplesize.exposure,id.exposure,exposure,mr_keep.exposure,pval_origin.exposure,data_source.exposure,action,SNP_index,mr_keep
1,rs10179090,C,A,C,A,-0.00102593,-0.0336,0.871148,0.8543,FALSE,FALSE,FALSE,Atrial fibrillation,2,86327820,0.0099,1030836,0.000707701,Atrial fibrillation || id:ebi-a-GCST006414,Atrial fibrillation,Atrial fibrillation ||  || ,TRUE,igd,NA,NA,NA,NA,NA,NA,NA,2,86327820,0.000238119,1.60E-05,484598,Anemia, || id:ebi-a-GCST90038659,TRUE,reported,igd,2,1,TRUE
2,rs1028857,C,T,C,T,-0.00218637,0.0077,0.031306,0.0288,FALSE,FALSE,FALSE,Atrial fibrillation,10,17292512,0.019,1030836,0.684,Atrial fibrillation || id:ebi-a-GCST006414,Atrial fibrillation,Atrial fibrillation ||  || ,TRUE,igd,NA,NA,NA,NA,NA,NA,NA,10,17292512,0.000469116,3.20E-06,484598,Anemia, || id:ebi-a-GCST90038659,TRUE,reported,igd,2,1,TRUE
3,rs10908449,T,C,T,C,0.00190155,-0.0189,0.040466,0.0358,FALSE,FALSE,FALSE,Atrial fibrillation,1,154955724,0.018,1030836,0.2952,Atrial fibrillation || id:ebi-a-GCST006414,Atrial fibrillation,Atrial fibrillation ||  || ,TRUE,igd,NA,NA,NA,NA,NA,NA,NA,1,154955724,0.000426302,8.20E-06,484598,Anemia, || id:ebi-a-GCST90038659,TRUE,reported,igd,2,1,TRUE
4,rs11077796,T,A,T,A,-0.00247324,-0.001,0.024467,0.0214,FALSE,TRUE,FALSE,Atrial fibrillation,17,73779570,0.0227,1030836,0.9643,Atrial fibrillation || id:ebi-a-GCST006414,Atrial fibrillation,Atrial fibrillation ||  || ,TRUE,igd,NA,NA,NA,NA,NA,NA,NA,17,73779570,0.000521945,2.20E-06,484598,Anemia, || id:ebi-a-GCST90038659,TRUE,reported,igd,2,1,TRUE
5,rs111419522,C,T,C,T,0.00110152,0.0106,0.143144,0.1553,FALSE,FALSE,FALSE,Atrial fibrillation,20,52212917,0.0157,1030836,0.5008,Atrial fibrillation || id:ebi-a-GCST006414,Atrial fibrillation,Atrial fibrillation ||  || ,TRUE,igd,NA,NA,NA,NA,NA,NA,NA,20,52212917,0.000241822,5.20E-06,484598,Anemia, || id:ebi-a-GCST90038659,TRUE,reported,igd,2,1,TRUE
6,rs111811279,C,A,C,A,-0.000673607,-0.0174,0.443216,0.3931,FALSE,FALSE,FALSE,Atrial fibrillation,3,98589509,0.0186,1030836,0.349,Atrial fibrillation || id:ebi-a-GCST006414,Atrial fibrillation,Atrial fibrillation ||  || ,TRUE,igd,NA,NA,NA,NA,NA,NA,NA,3,98589509,0.000159667,2.50E-05,484598,Anemia, || id:ebi-a-GCST90038659,TRUE,reported,igd,2,1,TRUE
7,rs111986112,T,C,T,C,0.00360667,0.0127,0.010352,0.0135,FALSE,FALSE,FALSE,Atrial fibrillation,10,8161318,0.0366,1030836,0.7291,Atrial fibrillation || id:ebi-a-GCST006414,Atrial fibrillation,Atrial fibrillation ||  || ,TRUE,igd,NA,NA,NA,NA,NA,NA,NA,10,8161318,0.000837796,1.70E-05,484598,Anemia, || id:ebi-a-GCST90038659,TRUE,reported,igd,2,1,TRUE
8,rs112021726,G,A,G,A,0.00310324,0.0156,0.020341,0.0214,FALSE,FALSE,FALSE,Atrial fibrillation,5,40502978,0.0243,1030836,0.5199,Atrial fibrillation || id:ebi-a-GCST006414,Atrial fibrillation,Atrial fibrillation ||  || ,TRUE,igd,NA,NA,NA,NA,NA,NA,NA,5,40502978,0.000561944,3.30E-08,484598,Anemia, || id:ebi-a-GCST90038659,TRUE,reported,igd,2,1,TRUE
9,rs112170322,C,G,C,G,0.00357261,-0.0512,0.012494,0.0073,FALSE,TRUE,FALSE,Atrial fibrillation,1,14228340,0.0367,1030836,0.1625,Atrial fibrillation || id:ebi-a-GCST006414,Atrial fibrillation,Atrial fibrillation ||  || ,TRUE,igd,NA,NA,NA,NA,NA,NA,NA,1,14228340,0.000770056,3.50E-06,484598,Anemia, || id:ebi-a-GCST90038659,TRUE,reported,igd,2,1,TRUE
10,rs114246813,C,T,C,T,0.00179291,0.005,0.04251,0.0413,FALSE,FALSE,FALSE,Atrial fibrillation,4,121482428,0.0182,1030836,0.783599,Atrial fibrillation || id:ebi-a-GCST006414,Atrial fibrillation,Atrial fibrillation ||  || ,TRUE,igd,NA,NA,NA,NA,NA,NA,NA,4,121482428,0.000392173,4.80E-06,484598,Anemia, || id:ebi-a-GCST90038659,TRUE,reported,igd,2,1,TRUE
11,rs114739334,A,C,A,C,0.00325618,0.0125,0.011835,0.0074,FALSE,FALSE,FALSE,Atrial fibrillation,4,188764555,0.0416,1030836,0.762901,Atrial fibrillation || id:ebi-a-GCST006414,Atrial fibrillation,Atrial fibrillation ||  || ,TRUE,igd,NA,NA,NA,NA,NA,NA,NA,4,188764555,0.000751163,1.50E-05,484598,Anemia, || id:ebi-a-GCST90038659,TRUE,reported,igd,2,1,TRUE
12,rs11604989,G,A,G,A,0.00135607,-0.0153,0.061162,0.0609,FALSE,FALSE,FALSE,Atrial fibrillation,11,43252301,0.0138,1030836,0.2691,Atrial fibrillation || id:ebi-a-GCST006414,Atrial fibrillation,Atrial fibrillation ||  || ,TRUE,igd,NA,NA,NA,NA,NA,NA,NA,11,43252301,0.000331783,4.40E-05,484598,Anemia, || id:ebi-a-GCST90038659,TRUE,reported,igd,2,1,TRUE
13,rs117402895,C,T,C,T,0.00296884,0.0497,0.014584,0.0167,FALSE,FALSE,FALSE,Atrial fibrillation,11,80052400,0.0289,1030836,0.0851001,Atrial fibrillation || id:ebi-a-GCST006414,Atrial fibrillation,Atrial fibrillation ||  || ,TRUE,igd,NA,NA,NA,NA,NA,NA,NA,11,80052400,0.000661113,7.10E-06,484598,Anemia, || id:ebi-a-GCST90038659,TRUE,reported,igd,2,1,TRUE
14,rs117950314,A,G,A,G,0.00243359,-0.0498,0.02147,0.0193,FALSE,FALSE,FALSE,Atrial fibrillation,15,87249449,0.0295,1030836,0.0912998,Atrial fibrillation || id:ebi-a-GCST006414,Atrial fibrillation,Atrial fibrillation ||  || ,TRUE,igd,NA,NA,NA,NA,NA,NA,NA,15,87249449,0.000570827,2.00E-05,484598,Anemia, || id:ebi-a-GCST90038659,TRUE,reported,igd,2,1,TRUE
15,rs11855020,T,C,T,C,-0.00306175,-0.0157,0.986099,0.982,FALSE,FALSE,FALSE,Atrial fibrillation,15,89840500,0.0232,1030836,0.5001,Atrial fibrillation || id:ebi-a-GCST006414,Atrial fibrillation,Atrial fibrillation ||  || ,TRUE,igd,NA,NA,NA,NA,NA,NA,NA,15,89840500,0.000686321,8.20E-06,484598,Anemia, || id:ebi-a-GCST90038659,TRUE,reported,igd,2,1,TRUE
16,rs11874083,G,T,G,T,-0.00211029,-0.0203,0.031724,0.0253,FALSE,FALSE,FALSE,Atrial fibrillation,18,37836008,0.0206,1030836,0.323,Atrial fibrillation || id:ebi-a-GCST006414,Atrial fibrillation,Atrial fibrillation ||  || ,TRUE,igd,NA,NA,NA,NA,NA,NA,NA,18,37836008,0.000471104,7.50E-06,484598,Anemia, || id:ebi-a-GCST90038659,TRUE,reported,igd,2,1,TRUE
17,rs11944241,G,C,G,C,0.00290797,-0.0692,0.020926,0.018,FALSE,TRUE,FALSE,Atrial fibrillation,4,6101322,0.0287,1030836,0.0160502,Atrial fibrillation || id:ebi-a-GCST006414,Atrial fibrillation,Atrial fibrillation ||  || ,TRUE,igd,NA,NA,NA,NA,NA,NA,NA,4,6101322,0.000558827,2.00E-07,484598,Anemia, || id:ebi-a-GCST90038659,TRUE,reported,igd,2,1,TRUE
18,rs11995240,C,T,C,T,0.000936743,0.0064,0.187205,0.1932,FALSE,FALSE,FALSE,Atrial fibrillation,8,3848025,0.0084,1030836,0.4478,Atrial fibrillation || id:ebi-a-GCST006414,Atrial fibrillation,Atrial fibrillation ||  || ,TRUE,igd,NA,NA,NA,NA,NA,NA,NA,8,3848025,0.000204476,4.60E-06,484598,Anemia, || id:ebi-a-GCST90038659,TRUE,reported,igd,2,1,TRUE
19,rs12088582,C,T,C,T,0.000714648,0.0135,0.330052,0.3352,FALSE,FALSE,FALSE,Atrial fibrillation,1,105063571,0.0071,1030836,0.0577298,Atrial fibrillation || id:ebi-a-GCST006414,Atrial fibrillation,Atrial fibrillation ||  || ,TRUE,igd,NA,NA,NA,NA,NA,NA,NA,1,105063571,0.000168853,2.30E-05,484598,Anemia, || id:ebi-a-GCST90038659,TRUE,reported,igd,2,1,TRUE
20,rs12245340,T,C,T,C,-0.00177178,-0.0209,0.039891,0.0374,FALSE,FALSE,FALSE,Atrial fibrillation,10,132789123,0.0178,1030836,0.2403,Atrial fibrillation || id:ebi-a-GCST006414,Atrial fibrillation,Atrial fibrillation ||  || ,TRUE,igd,NA,NA,NA,NA,NA,NA,NA,10,132789123,0.000407649,1.40E-05,484598,Anemia, || id:ebi-a-GCST90038659,TRUE,reported,igd,2,1,TRUE
21,rs12313040,G,T,G,T,0.00304937,0.0057,0.013088,0.0098,FALSE,FALSE,FALSE,Atrial fibrillation,12,72773035,0.0333,1030836,0.8636,Atrial fibrillation || id:ebi-a-GCST006414,Atrial fibrillation,Atrial fibrillation ||  || ,TRUE,igd,TRUE,rs12313040,rs17111106,G,T,G,A,12,72768074,0.000744261,4.20E-05,484598,Anemia, || id:ebi-a-GCST90038659,TRUE,reported,igd,2,1,TRUE
22,rs12361570,C,A,C,A,0.000658225,-0.0035,0.437327,0.45,FALSE,FALSE,FALSE,Atrial fibrillation,11,108374130,0.0067,1030836,0.602101,Atrial fibrillation || id:ebi-a-GCST006414,Atrial fibrillation,Atrial fibrillation ||  || ,TRUE,igd,NA,NA,NA,NA,NA,NA,NA,11,108374130,0.000160844,4.30E-05,484598,Anemia, || id:ebi-a-GCST90038659,TRUE,reported,igd,2,1,TRUE
23,rs12539196,C,A,C,A,0.00113772,0.0079,0.143477,0.1408,FALSE,FALSE,FALSE,Atrial fibrillation,7,132037683,0.0097,1030836,0.4145,Atrial fibrillation || id:ebi-a-GCST006414,Atrial fibrillation,Atrial fibrillation ||  || ,TRUE,igd,NA,NA,NA,NA,NA,NA,NA,7,132037683,0.000227491,5.70E-07,484598,Anemia, || id:ebi-a-GCST90038659,TRUE,reported,igd,2,1,TRUE
24,rs12582971,T,C,T,C,-0.000941659,0.023,0.138272,0.128,FALSE,FALSE,FALSE,Atrial fibrillation,12,18459387,0.0097,1030836,0.0183,Atrial fibrillation || id:ebi-a-GCST006414,Atrial fibrillation,Atrial fibrillation ||  || ,TRUE,igd,NA,NA,NA,NA,NA,NA,NA,12,18459387,0.000230452,4.40E-05,484598,Anemia, || id:ebi-a-GCST90038659,TRUE,reported,igd,2,1,TRUE
25,rs12796308,A,G,A,G,0.000815222,7.00E-04,0.213741,0.2217,FALSE,FALSE,FALSE,Atrial fibrillation,11,23343707,0.0082,1030836,0.9306,Atrial fibrillation || id:ebi-a-GCST006414,Atrial fibrillation,Atrial fibrillation ||  || ,TRUE,igd,NA,NA,NA,NA,NA,NA,NA,11,23343707,0.000194305,2.70E-05,484598,Anemia, || id:ebi-a-GCST90038659,TRUE,reported,igd,2,1,TRUE
26,rs13011099,T,C,T,C,-0.000847241,-0.0103,0.65233,0.64,FALSE,FALSE,FALSE,Atrial fibrillation,2,65801490,0.0071,1030836,0.1476,Atrial fibrillation || id:ebi-a-GCST006414,Atrial fibrillation,Atrial fibrillation ||  || ,TRUE,igd,NA,NA,NA,NA,NA,NA,NA,2,65801490,0.000168191,4.70E-07,484598,Anemia, || id:ebi-a-GCST90038659,TRUE,reported,igd,2,1,TRUE
27,rs13146215,T,C,T,C,0.000694573,0.0037,0.447361,0.4505,FALSE,FALSE,FALSE,Atrial fibrillation,4,137765655,0.0067,1030836,0.582801,Atrial fibrillation || id:ebi-a-GCST006414,Atrial fibrillation,Atrial fibrillation ||  || ,TRUE,igd,NA,NA,NA,NA,NA,NA,NA,4,137765655,0.000159717,1.40E-05,484598,Anemia, || id:ebi-a-GCST90038659,TRUE,reported,igd,2,1,TRUE
28,rs138151226,A,G,A,G,0.00124305,-0.0086,0.079405,0.0797,FALSE,FALSE,FALSE,Atrial fibrillation,9,106053485,0.0135,1030836,0.5232,Atrial fibrillation || id:ebi-a-GCST006414,Atrial fibrillation,Atrial fibrillation ||  || ,TRUE,igd,NA,NA,NA,NA,NA,NA,NA,9,106053485,0.00029639,2.70E-05,484598,Anemia, || id:ebi-a-GCST90038659,TRUE,reported,igd,2,1,TRUE
29,rs142500033,T,C,T,C,0.00312397,-0.0162,0.011648,0.0123,FALSE,FALSE,FALSE,Atrial fibrillation,7,102063788,0.0359,1030836,0.6522,Atrial fibrillation || id:ebi-a-GCST006414,Atrial fibrillation,Atrial fibrillation ||  || ,TRUE,igd,NA,NA,NA,NA,NA,NA,NA,7,102063788,0.000758087,3.80E-05,484598,Anemia, || id:ebi-a-GCST90038659,TRUE,reported,igd,2,1,TRUE
30,rs145026349,G,A,G,A,0.00327055,0.0173,0.011363,0.0101,FALSE,FALSE,FALSE,Atrial fibrillation,5,26101611,0.0442,1030836,0.6953,Atrial fibrillation || id:ebi-a-GCST006414,Atrial fibrillation,Atrial fibrillation ||  || ,TRUE,igd,NA,NA,NA,NA,NA,NA,NA,5,26101611,0.000805764,4.90E-05,484598,Anemia, || id:ebi-a-GCST90038659,TRUE,reported,igd,2,1,TRUE
31,rs146564277,A,G,A,G,0.00249266,-0.0098,0.019101,0.0204,FALSE,FALSE,FALSE,Atrial fibrillation,1,155024095,0.024,1030836,0.683501,Atrial fibrillation || id:ebi-a-GCST006414,Atrial fibrillation,Atrial fibrillation ||  || ,TRUE,igd,NA,NA,NA,NA,NA,NA,NA,1,155024095,0.000590298,2.40E-05,484598,Anemia, || id:ebi-a-GCST90038659,TRUE,reported,igd,2,1,TRUE
32,rs148376658,C,G,C,G,0.00237122,-0.022,0.026085,0.0259,FALSE,TRUE,FALSE,Atrial fibrillation,12,96589102,0.0249,1030836,0.3782,Atrial fibrillation || id:ebi-a-GCST006414,Atrial fibrillation,Atrial fibrillation ||  || ,TRUE,igd,NA,NA,NA,NA,NA,NA,NA,12,96589102,0.000544066,1.30E-05,484598,Anemia, || id:ebi-a-GCST90038659,TRUE,reported,igd,2,1,TRUE
33,rs149583679,A,G,A,G,0.00317701,-0.0169,0.010894,0.0168,FALSE,FALSE,FALSE,Atrial fibrillation,7,104483509,0.0334,1030836,0.611899,Atrial fibrillation || id:ebi-a-GCST006414,Atrial fibrillation,Atrial fibrillation ||  || ,TRUE,igd,NA,NA,NA,NA,NA,NA,NA,7,104483509,0.000776858,4.30E-05,484598,Anemia, || id:ebi-a-GCST90038659,TRUE,reported,igd,2,1,TRUE
34,rs150202462,T,C,T,C,0.00325369,0.0637,0.010977,0.0111,FALSE,FALSE,FALSE,Atrial fibrillation,2,9454891,0.0411,1030836,0.1217,Atrial fibrillation || id:ebi-a-GCST006414,Atrial fibrillation,Atrial fibrillation ||  || ,TRUE,igd,NA,NA,NA,NA,NA,NA,NA,2,9454891,0.000790094,3.80E-05,484598,Anemia, || id:ebi-a-GCST90038659,TRUE,reported,igd,2,1,TRUE
35,rs1504336,T,C,T,C,-0.000847928,0.0265,0.392382,0.3147,FALSE,FALSE,FALSE,Atrial fibrillation,8,114057108,0.0099,1030836,0.00713493,Atrial fibrillation || id:ebi-a-GCST006414,Atrial fibrillation,Atrial fibrillation ||  || ,TRUE,igd,NA,NA,NA,NA,NA,NA,NA,8,114057108,0.000168517,4.90E-07,484598,Anemia, || id:ebi-a-GCST90038659,TRUE,reported,igd,2,1,TRUE
36,rs1607484,T,G,T,G,0.00111064,-0.0157,0.901142,0.8819,FALSE,FALSE,FALSE,Atrial fibrillation,18,25044483,0.0117,1030836,0.1781,Atrial fibrillation || id:ebi-a-GCST006414,Atrial fibrillation,Atrial fibrillation ||  || ,TRUE,igd,NA,NA,NA,NA,NA,NA,NA,18,25044483,0.000268556,3.50E-05,484598,Anemia, || id:ebi-a-GCST90038659,TRUE,reported,igd,2,1,TRUE
37,rs16891454,A,G,A,G,-0.00218693,-0.0349,0.025899,0.019,FALSE,FALSE,FALSE,Atrial fibrillation,8,42485540,0.0228,1030836,0.1251,Atrial fibrillation || id:ebi-a-GCST006414,Atrial fibrillation,Atrial fibrillation ||  || ,TRUE,igd,NA,NA,NA,NA,NA,NA,NA,8,42485540,0.000506923,1.60E-05,484598,Anemia, || id:ebi-a-GCST90038659,TRUE,reported,igd,2,1,TRUE
38,rs17677408,A,T,A,T,0.00230424,-0.0328,0.021354,0.024,FALSE,TRUE,FALSE,Atrial fibrillation,16,79571193,0.0255,1030836,0.1985,Atrial fibrillation || id:ebi-a-GCST006414,Atrial fibrillation,Atrial fibrillation ||  || ,TRUE,igd,NA,NA,NA,NA,NA,NA,NA,16,79571193,0.000550398,2.80E-05,484598,Anemia, || id:ebi-a-GCST90038659,TRUE,reported,igd,2,1,TRUE
39,rs17836871,C,T,C,T,0.00209855,0.0147,0.025303,0.0206,FALSE,FALSE,FALSE,Atrial fibrillation,12,90082166,0.0239,1030836,0.537499,Atrial fibrillation || id:ebi-a-GCST006414,Atrial fibrillation,Atrial fibrillation ||  || ,TRUE,igd,NA,NA,NA,NA,NA,NA,NA,12,90082166,0.000507485,3.50E-05,484598,Anemia, || id:ebi-a-GCST90038659,TRUE,reported,igd,2,1,TRUE
40,rs180994820,A,G,A,G,-0.000703643,0.0072,0.350679,0.3679,FALSE,FALSE,FALSE,Atrial fibrillation,1,76352209,0.0106,1030836,0.4952,Atrial fibrillation || id:ebi-a-GCST006414,Atrial fibrillation,Atrial fibrillation ||  || ,TRUE,igd,NA,NA,NA,NA,NA,NA,NA,1,76352209,0.000169631,3.40E-05,484598,Anemia, || id:ebi-a-GCST90038659,TRUE,reported,igd,2,1,TRUE
41,rs1884854,T,C,T,C,-0.000754909,-0.0011,0.584832,0.5832,FALSE,FALSE,FALSE,Atrial fibrillation,20,59776574,0.007,1030836,0.875,Atrial fibrillation || id:ebi-a-GCST006414,Atrial fibrillation,Atrial fibrillation ||  || ,TRUE,igd,NA,NA,NA,NA,NA,NA,NA,20,59776574,0.000163244,3.80E-06,484598,Anemia, || id:ebi-a-GCST90038659,TRUE,reported,igd,2,1,TRUE
42,rs197225,T,C,T,C,0.00065855,0.0474,0.528913,0.4889,FALSE,FALSE,FALSE,Atrial fibrillation,4,110518910,0.0177,1030836,0.00750793,Atrial fibrillation || id:ebi-a-GCST006414,Atrial fibrillation,Atrial fibrillation ||  || ,TRUE,igd,NA,NA,NA,NA,NA,NA,NA,4,110518910,0.00016022,4.00E-05,484598,Anemia, || id:ebi-a-GCST90038659,TRUE,reported,igd,2,1,TRUE
43,rs2055418,A,G,A,G,0.00106249,-0.019,0.890719,0.8792,FALSE,FALSE,FALSE,Atrial fibrillation,4,16557143,0.0109,1030836,0.0804804,Atrial fibrillation || id:ebi-a-GCST006414,Atrial fibrillation,Atrial fibrillation ||  || ,TRUE,igd,NA,NA,NA,NA,NA,NA,NA,4,16557143,0.000259403,4.20E-05,484598,Anemia, || id:ebi-a-GCST90038659,TRUE,reported,igd,2,1,TRUE
44,rs2274690,G,C,G,C,0.00309158,0.0346,0.014262,0.0155,FALSE,TRUE,FALSE,Atrial fibrillation,9,98215968,0.0298,1030836,0.2461,Atrial fibrillation || id:ebi-a-GCST006414,Atrial fibrillation,Atrial fibrillation ||  || ,TRUE,igd,NA,NA,NA,NA,NA,NA,NA,9,98215968,0.000675988,4.80E-06,484598,Anemia, || id:ebi-a-GCST90038659,TRUE,reported,igd,2,1,TRUE
45,rs2323513,T,C,T,C,-0.00372113,-0.0074,0.989125,0.9259,FALSE,FALSE,FALSE,Atrial fibrillation,3,6000254,0.0366,1030836,0.84,Atrial fibrillation || id:ebi-a-GCST006414,Atrial fibrillation,Atrial fibrillation ||  || ,TRUE,igd,NA,NA,NA,NA,NA,NA,NA,3,6000254,0.000811999,4.60E-06,484598,Anemia, || id:ebi-a-GCST90038659,TRUE,reported,igd,2,1,TRUE
46,rs2393281,T,C,T,C,-0.000998643,0.0013,0.841027,0.8289,FALSE,FALSE,FALSE,Atrial fibrillation,10,59369677,0.0097,1030836,0.8897,Atrial fibrillation || id:ebi-a-GCST006414,Atrial fibrillation,Atrial fibrillation ||  || ,TRUE,igd,NA,NA,NA,NA,NA,NA,NA,10,59369677,0.000221871,6.80E-06,484598,Anemia, || id:ebi-a-GCST90038659,TRUE,reported,igd,2,1,TRUE
47,rs2461525,C,A,C,A,0.00332332,0.0084,0.989146,0.9689,FALSE,FALSE,FALSE,Atrial fibrillation,12,124951667,0.0364,1030836,0.8165,Atrial fibrillation || id:ebi-a-GCST006414,Atrial fibrillation,Atrial fibrillation ||  || ,TRUE,igd,NA,NA,NA,NA,NA,NA,NA,12,124951667,0.000780733,2.10E-05,484598,Anemia, || id:ebi-a-GCST90038659,TRUE,reported,igd,2,1,TRUE
48,rs2463700,A,G,A,G,0.00174629,-0.0191,0.035783,0.035,FALSE,FALSE,FALSE,Atrial fibrillation,6,72847767,0.0189,1030836,0.3102,Atrial fibrillation || id:ebi-a-GCST006414,Atrial fibrillation,Atrial fibrillation ||  || ,TRUE,igd,NA,NA,NA,NA,NA,NA,NA,6,72847767,0.000426502,4.20E-05,484598,Anemia, || id:ebi-a-GCST90038659,TRUE,reported,igd,2,1,TRUE
49,rs2630247,G,A,G,A,0.000961929,0.012,0.86367,0.831,FALSE,FALSE,FALSE,Atrial fibrillation,3,193644739,0.0097,1030836,0.2135,Atrial fibrillation || id:ebi-a-GCST006414,Atrial fibrillation,Atrial fibrillation ||  || ,TRUE,igd,NA,NA,NA,NA,NA,NA,NA,3,193644739,0.000232013,3.40E-05,484598,Anemia, || id:ebi-a-GCST90038659,TRUE,reported,igd,2,1,TRUE
50,rs2691198,C,A,C,A,0.00162144,-0.0141,0.059093,0.0581,FALSE,FALSE,FALSE,Atrial fibrillation,7,80236603,0.0153,1030836,0.3562,Atrial fibrillation || id:ebi-a-GCST006414,Atrial fibrillation,Atrial fibrillation ||  || ,TRUE,igd,NA,NA,NA,NA,NA,NA,NA,7,80236603,0.000381693,2.20E-05,484598,Anemia, || id:ebi-a-GCST90038659,TRUE,reported,igd,2,1,TRUE
51,rs2785114,A,G,A,G,-0.00270783,0.0606,0.017884,0.0101,FALSE,FALSE,FALSE,Atrial fibrillation,9,26335945,0.0307,1030836,0.0486396,Atrial fibrillation || id:ebi-a-GCST006414,Atrial fibrillation,Atrial fibrillation ||  || ,TRUE,igd,NA,NA,NA,NA,NA,NA,NA,9,26335945,0.000660413,4.10E-05,484598,Anemia, || id:ebi-a-GCST90038659,TRUE,reported,igd,2,1,TRUE
52,rs2835694,G,A,G,A,-0.00228308,0.0094,0.036258,0.0272,FALSE,FALSE,FALSE,Atrial fibrillation,21,38671630,0.0204,1030836,0.6454,Atrial fibrillation || id:ebi-a-GCST006414,Atrial fibrillation,Atrial fibrillation ||  || ,TRUE,igd,NA,NA,NA,NA,NA,NA,NA,21,38671630,0.000436917,1.70E-07,484598,Anemia, || id:ebi-a-GCST90038659,TRUE,reported,igd,2,1,TRUE
53,rs28704862,T,C,T,C,0.00379816,-0.0224,0.012269,0.0055,FALSE,FALSE,FALSE,Atrial fibrillation,11,96884211,0.0369,1030836,0.543599,Atrial fibrillation || id:ebi-a-GCST006414,Atrial fibrillation,Atrial fibrillation ||  || ,TRUE,igd,NA,NA,NA,NA,NA,NA,NA,11,96884211,0.000768838,7.80E-07,484598,Anemia, || id:ebi-a-GCST90038659,TRUE,reported,igd,2,1,TRUE
54,rs289900,G,T,G,T,-0.00231206,-0.028,0.979093,0.9412,FALSE,FALSE,FALSE,Atrial fibrillation,2,152082115,0.0244,1030836,0.2514,Atrial fibrillation || id:ebi-a-GCST006414,Atrial fibrillation,Atrial fibrillation ||  || ,TRUE,igd,NA,NA,NA,NA,NA,NA,NA,2,152082115,0.000561643,3.80E-05,484598,Anemia, || id:ebi-a-GCST90038659,TRUE,reported,igd,2,1,TRUE
55,rs2948892,A,G,A,G,-0.000810955,0.0029,0.730745,0.7101,FALSE,FALSE,FALSE,Atrial fibrillation,10,30549367,0.0076,1030836,0.7057,Atrial fibrillation || id:ebi-a-GCST006414,Atrial fibrillation,Atrial fibrillation ||  || ,TRUE,igd,NA,NA,NA,NA,NA,NA,NA,10,30549367,0.00018106,7.50E-06,484598,Anemia, || id:ebi-a-GCST90038659,TRUE,reported,igd,2,1,TRUE
56,rs359960,T,C,T,C,-0.00299582,-0.0618,0.985865,0.9595,FALSE,FALSE,FALSE,Atrial fibrillation,2,219940484,0.032,1030836,0.0537403,Atrial fibrillation || id:ebi-a-GCST006414,Atrial fibrillation,Atrial fibrillation ||  || ,TRUE,igd,NA,NA,NA,NA,NA,NA,NA,2,219940484,0.000670366,7.90E-06,484598,Anemia, || id:ebi-a-GCST90038659,TRUE,reported,igd,2,1,TRUE
57,rs375536563,T,C,T,C,-0.00226014,0.0177,0.021968,0.0167,FALSE,FALSE,FALSE,Atrial fibrillation,2,25945649,0.0522,1030836,0.734301,Atrial fibrillation || id:ebi-a-GCST006414,Atrial fibrillation,Atrial fibrillation ||  || ,TRUE,igd,NA,NA,NA,NA,NA,NA,NA,2,25945649,0.000542789,3.10E-05,484598,Anemia, || id:ebi-a-GCST90038659,TRUE,reported,igd,2,1,TRUE
58,rs4307681,G,C,G,C,0.00198658,0.0078,0.028154,0.0245,FALSE,TRUE,FALSE,Atrial fibrillation,11,95237654,0.0209,1030836,0.7089,Atrial fibrillation || id:ebi-a-GCST006414,Atrial fibrillation,Atrial fibrillation ||  || ,TRUE,igd,NA,NA,NA,NA,NA,NA,NA,11,95237654,0.000481297,3.70E-05,484598,Anemia, || id:ebi-a-GCST90038659,TRUE,reported,igd,2,1,TRUE
59,rs4403867,T,C,T,C,0.00123115,-0.014,0.090513,0.0854,FALSE,FALSE,FALSE,Atrial fibrillation,12,90758006,0.0117,1030836,0.2297,Atrial fibrillation || id:ebi-a-GCST006414,Atrial fibrillation,Atrial fibrillation ||  || ,TRUE,igd,NA,NA,NA,NA,NA,NA,NA,12,90758006,0.000277996,9.50E-06,484598,Anemia, || id:ebi-a-GCST90038659,TRUE,reported,igd,2,1,TRUE
60,rs45574433,C,T,C,T,0.00240773,-0.0623,0.018964,0.0242,FALSE,FALSE,FALSE,Atrial fibrillation,6,126039077,0.0256,1030836,0.01486,Atrial fibrillation || id:ebi-a-GCST006414,Atrial fibrillation,Atrial fibrillation ||  || ,TRUE,igd,NA,NA,NA,NA,NA,NA,NA,6,126039077,0.000579195,3.20E-05,484598,Anemia, || id:ebi-a-GCST90038659,TRUE,reported,igd,2,1,TRUE
61,rs4636264,C,T,C,T,0.00169273,-0.0145,0.052945,0.0501,FALSE,FALSE,FALSE,Atrial fibrillation,9,96162324,0.0151,1030836,0.3384,Atrial fibrillation || id:ebi-a-GCST006414,Atrial fibrillation,Atrial fibrillation ||  || ,TRUE,igd,NA,NA,NA,NA,NA,NA,NA,9,96162324,0.00035833,2.30E-06,484598,Anemia, || id:ebi-a-GCST90038659,TRUE,reported,igd,2,1,TRUE
62,rs478714,A,G,A,G,0.000671478,0.0077,0.397686,0.4007,FALSE,FALSE,FALSE,Atrial fibrillation,3,62729044,0.0068,1030836,0.2618,Atrial fibrillation || id:ebi-a-GCST006414,Atrial fibrillation,Atrial fibrillation ||  || ,TRUE,igd,NA,NA,NA,NA,NA,NA,NA,3,62729044,0.000162588,3.60E-05,484598,Anemia, || id:ebi-a-GCST90038659,TRUE,reported,igd,2,1,TRUE
63,rs4787903,G,A,G,A,-0.00148332,-0.0113,0.943819,0.9275,FALSE,FALSE,FALSE,Atrial fibrillation,16,27041757,0.0151,1030836,0.456,Atrial fibrillation || id:ebi-a-GCST006414,Atrial fibrillation,Atrial fibrillation ||  || ,TRUE,igd,NA,NA,NA,NA,NA,NA,NA,16,27041757,0.000363257,4.40E-05,484598,Anemia, || id:ebi-a-GCST90038659,TRUE,reported,igd,2,1,TRUE
64,rs488353,A,G,A,G,-0.000669224,-0.0077,0.544348,0.5491,FALSE,FALSE,FALSE,Atrial fibrillation,12,24433576,0.0067,1030836,0.2528,Atrial fibrillation || id:ebi-a-GCST006414,Atrial fibrillation,Atrial fibrillation ||  || ,TRUE,igd,NA,NA,NA,NA,NA,NA,NA,12,24433576,0.000159067,2.60E-05,484598,Anemia, || id:ebi-a-GCST90038659,TRUE,reported,igd,2,1,TRUE
65,rs4961662,G,C,G,C,0.000943519,-0.0041,0.213837,0.2121,FALSE,TRUE,FALSE,Atrial fibrillation,9,16102066,0.0084,1030836,0.628599,Atrial fibrillation || id:ebi-a-GCST006414,Atrial fibrillation,Atrial fibrillation ||  || ,TRUE,igd,NA,NA,NA,NA,NA,NA,NA,9,16102066,0.000194976,1.30E-06,484598,Anemia, || id:ebi-a-GCST90038659,TRUE,reported,igd,2,1,TRUE
66,rs5012646,G,T,G,T,-0.0019893,-0.0502,0.96288,NA,FALSE,FALSE,FALSE,Atrial fibrillation,5,34392833,0.0359,1030836,0.162,Atrial fibrillation || id:ebi-a-GCST006414,Atrial fibrillation,Atrial fibrillation ||  || ,TRUE,igd,NA,NA,NA,NA,NA,NA,NA,5,34392833,0.000462246,1.70E-05,484598,Anemia, || id:ebi-a-GCST90038659,TRUE,reported,igd,2,1,TRUE
67,rs55906250,G,A,G,A,0.00246238,0.0204,0.019131,0.0183,FALSE,FALSE,FALSE,Atrial fibrillation,8,73922587,0.0293,1030836,0.486,Atrial fibrillation || id:ebi-a-GCST006414,Atrial fibrillation,Atrial fibrillation ||  || ,TRUE,igd,NA,NA,NA,NA,NA,NA,NA,8,73922587,0.00060188,4.30E-05,484598,Anemia, || id:ebi-a-GCST90038659,TRUE,reported,igd,2,1,TRUE
68,rs57544588,G,A,G,A,-0.000846133,0.0108,0.225358,NA,FALSE,FALSE,FALSE,Atrial fibrillation,5,76143436,0.0154,1030836,0.4831,Atrial fibrillation || id:ebi-a-GCST006414,Atrial fibrillation,Atrial fibrillation ||  || ,TRUE,igd,NA,NA,NA,NA,NA,NA,NA,5,76143436,0.000193196,1.20E-05,484598,Anemia, || id:ebi-a-GCST90038659,TRUE,reported,igd,2,1,TRUE
69,rs58800547,C,A,C,A,-0.00376753,0.0246,0.013738,0.0056,FALSE,FALSE,FALSE,Atrial fibrillation,4,171739736,0.0361,1030836,0.4966,Atrial fibrillation || id:ebi-a-GCST006414,Atrial fibrillation,Atrial fibrillation ||  || ,TRUE,igd,NA,NA,NA,NA,NA,NA,NA,4,171739736,0.000737968,3.30E-07,484598,Anemia, || id:ebi-a-GCST90038659,TRUE,reported,igd,2,1,TRUE
70,rs59341235,C,T,C,T,0.00291045,0.0148,0.015034,0.0142,FALSE,FALSE,FALSE,Atrial fibrillation,6,4964683,0.0315,1030836,0.637901,Atrial fibrillation || id:ebi-a-GCST006414,Atrial fibrillation,Atrial fibrillation ||  || ,TRUE,igd,NA,NA,NA,NA,NA,NA,NA,6,4964683,0.000657267,9.50E-06,484598,Anemia, || id:ebi-a-GCST90038659,TRUE,reported,igd,2,1,TRUE
71,rs59459246,G,A,G,A,-0.00208929,0.02,0.033525,0.0187,FALSE,FALSE,FALSE,Atrial fibrillation,14,74890393,0.061,1030836,0.7431,Atrial fibrillation || id:ebi-a-GCST006414,Atrial fibrillation,Atrial fibrillation ||  || ,TRUE,igd,NA,NA,NA,NA,NA,NA,NA,14,74890393,0.000457695,5.00E-06,484598,Anemia, || id:ebi-a-GCST90038659,TRUE,reported,igd,2,1,TRUE
72,rs60288561,C,T,C,T,0.00349354,-0.0612,0.014284,0.0063,FALSE,FALSE,FALSE,Atrial fibrillation,17,16421233,0.0322,1030836,0.0573403,Atrial fibrillation || id:ebi-a-GCST006414,Atrial fibrillation,Atrial fibrillation ||  || ,TRUE,igd,NA,NA,NA,NA,NA,NA,NA,17,16421233,0.000820582,2.10E-05,484598,Anemia, || id:ebi-a-GCST90038659,TRUE,reported,igd,2,1,TRUE
73,rs60827300,G,A,G,A,-0.00265934,0.0294,0.018088,0.0122,FALSE,FALSE,FALSE,Atrial fibrillation,20,36907655,0.0353,1030836,0.4051,Atrial fibrillation || id:ebi-a-GCST006414,Atrial fibrillation,Atrial fibrillation ||  || ,TRUE,igd,NA,NA,NA,NA,NA,NA,NA,20,36907655,0.000602965,1.00E-05,484598,Anemia, || id:ebi-a-GCST90038659,TRUE,reported,igd,2,1,TRUE
74,rs6132204,T,C,T,C,0.00343948,0.0084,0.012977,0.0087,FALSE,FALSE,FALSE,Atrial fibrillation,20,19426159,0.0332,1030836,0.799,Atrial fibrillation || id:ebi-a-GCST006414,Atrial fibrillation,Atrial fibrillation ||  || ,TRUE,igd,NA,NA,NA,NA,NA,NA,NA,20,19426159,0.000716386,1.60E-06,484598,Anemia, || id:ebi-a-GCST90038659,TRUE,reported,igd,2,1,TRUE
75,rs614971,C,G,C,G,-0.000697532,-0.0062,0.325422,0.3265,FALSE,TRUE,FALSE,Atrial fibrillation,20,3648850,0.0073,1030836,0.3935,Atrial fibrillation || id:ebi-a-GCST006414,Atrial fibrillation,Atrial fibrillation ||  || ,TRUE,igd,NA,NA,NA,NA,NA,NA,NA,20,3648850,0.000170957,4.50E-05,484598,Anemia, || id:ebi-a-GCST90038659,TRUE,reported,igd,2,1,TRUE
76,rs62391250,G,A,G,A,0.00262083,0.0269,0.017881,0.0184,FALSE,FALSE,FALSE,Atrial fibrillation,5,160413666,0.0283,1030836,0.3423,Atrial fibrillation || id:ebi-a-GCST006414,Atrial fibrillation,Atrial fibrillation ||  || ,TRUE,igd,NA,NA,NA,NA,NA,NA,NA,5,160413666,0.000596865,1.10E-05,484598,Anemia, || id:ebi-a-GCST90038659,TRUE,reported,igd,2,1,TRUE
77,rs62500073,G,C,G,C,0.000760852,0.0038,0.282563,0.2813,FALSE,TRUE,FALSE,Atrial fibrillation,8,19719054,0.0076,1030836,0.617101,Atrial fibrillation || id:ebi-a-GCST006414,Atrial fibrillation,Atrial fibrillation ||  || ,TRUE,igd,NA,NA,NA,NA,NA,NA,NA,8,19719054,0.000179578,2.30E-05,484598,Anemia, || id:ebi-a-GCST90038659,TRUE,reported,igd,2,1,TRUE
78,rs62529852,A,G,A,G,0.00228103,-0.0194,0.024864,0.0238,FALSE,FALSE,FALSE,Atrial fibrillation,8,127877053,0.0239,1030836,0.4185,Atrial fibrillation || id:ebi-a-GCST006414,Atrial fibrillation,Atrial fibrillation ||  || ,TRUE,igd,NA,NA,NA,NA,NA,NA,NA,8,127877053,0.000507972,7.10E-06,484598,Anemia, || id:ebi-a-GCST90038659,TRUE,reported,igd,2,1,TRUE
79,rs6735835,G,C,G,C,0.00368783,-0.0572,0.013523,0.0081,FALSE,TRUE,FALSE,Atrial fibrillation,2,18126053,0.0343,1030836,0.0948309,Atrial fibrillation || id:ebi-a-GCST006414,Atrial fibrillation,Atrial fibrillation ||  || ,TRUE,igd,NA,NA,NA,NA,NA,NA,NA,2,18126053,0.000767487,1.50E-06,484598,Anemia, || id:ebi-a-GCST90038659,TRUE,reported,igd,2,1,TRUE
80,rs699197,G,C,G,C,-0.000971043,0.0112,0.815623,0.8033,FALSE,TRUE,FALSE,Atrial fibrillation,10,91999624,0.0087,1030836,0.1992,Atrial fibrillation || id:ebi-a-GCST006414,Atrial fibrillation,Atrial fibrillation ||  || ,TRUE,igd,NA,NA,NA,NA,NA,NA,NA,10,91999624,0.000207641,2.90E-06,484598,Anemia, || id:ebi-a-GCST90038659,TRUE,reported,igd,2,1,TRUE
81,rs7019824,T,C,T,C,-0.00293473,0.0156,0.014936,0.0092,FALSE,FALSE,FALSE,Atrial fibrillation,9,84207210,0.036,1030836,0.664099,Atrial fibrillation || id:ebi-a-GCST006414,Atrial fibrillation,Atrial fibrillation ||  || ,TRUE,igd,NA,NA,NA,NA,NA,NA,NA,9,84207210,0.000719578,4.50E-05,484598,Anemia, || id:ebi-a-GCST90038659,TRUE,reported,igd,2,1,TRUE
82,rs7035938,C,T,C,T,-0.00201732,0.0269,0.028314,0.023,FALSE,FALSE,FALSE,Atrial fibrillation,9,119890074,0.0224,1030836,0.2304,Atrial fibrillation || id:ebi-a-GCST006414,Atrial fibrillation,Atrial fibrillation ||  || ,TRUE,igd,NA,NA,NA,NA,NA,NA,NA,9,119890074,0.000491319,4.00E-05,484598,Anemia, || id:ebi-a-GCST90038659,TRUE,reported,igd,2,1,TRUE
83,rs7113429,C,T,C,T,0.00209796,-0.0149,0.031189,0.0344,FALSE,FALSE,FALSE,Atrial fibrillation,11,14491885,0.0205,1030836,0.4664,Atrial fibrillation || id:ebi-a-GCST006414,Atrial fibrillation,Atrial fibrillation ||  || ,TRUE,igd,NA,NA,NA,NA,NA,NA,NA,11,14491885,0.000454992,4.00E-06,484598,Anemia, || id:ebi-a-GCST90038659,TRUE,reported,igd,2,1,TRUE
84,rs7170662,A,T,A,T,0.000959418,0.0124,0.145311,0.1411,FALSE,TRUE,FALSE,Atrial fibrillation,15,34241251,0.0094,1030836,0.1902,Atrial fibrillation || id:ebi-a-GCST006414,Atrial fibrillation,Atrial fibrillation ||  || ,TRUE,igd,NA,NA,NA,NA,NA,NA,NA,15,34241251,0.000226627,2.30E-05,484598,Anemia, || id:ebi-a-GCST90038659,TRUE,reported,igd,2,1,TRUE
85,rs7184533,G,C,G,C,-0.00181514,-0.0088,0.038882,0.03,FALSE,TRUE,FALSE,Atrial fibrillation,16,60746327,0.0193,1030836,0.649901,Atrial fibrillation || id:ebi-a-GCST006414,Atrial fibrillation,Atrial fibrillation ||  || ,TRUE,igd,NA,NA,NA,NA,NA,NA,NA,16,60746327,0.000436257,3.20E-05,484598,Anemia, || id:ebi-a-GCST90038659,TRUE,reported,igd,2,1,TRUE
86,rs722931,A,G,A,G,0.00193335,0.0128,0.036821,0.0349,FALSE,FALSE,FALSE,Atrial fibrillation,6,6547275,0.018,1030836,0.4768,Atrial fibrillation || id:ebi-a-GCST006414,Atrial fibrillation,Atrial fibrillation ||  || ,TRUE,igd,NA,NA,NA,NA,NA,NA,NA,6,6547275,0.000449036,1.70E-05,484598,Anemia, || id:ebi-a-GCST90038659,TRUE,reported,igd,2,1,TRUE
87,rs72887280,G,A,G,A,0.00136263,0.019,0.068142,0.0633,FALSE,FALSE,FALSE,Atrial fibrillation,18,25222146,0.0135,1030836,0.1599,Atrial fibrillation || id:ebi-a-GCST006414,Atrial fibrillation,Atrial fibrillation ||  || ,TRUE,igd,NA,NA,NA,NA,NA,NA,NA,18,25222146,0.000318922,1.90E-05,484598,Anemia, || id:ebi-a-GCST90038659,TRUE,reported,igd,2,1,TRUE
88,rs73066424,C,T,C,T,-0.00160436,-0.0321,0.051865,0.0633,FALSE,FALSE,FALSE,Atrial fibrillation,3,54636843,0.0153,1030836,0.0358303,Atrial fibrillation || id:ebi-a-GCST006414,Atrial fibrillation,Atrial fibrillation ||  || ,TRUE,igd,NA,NA,NA,NA,NA,NA,NA,3,54636843,0.000361114,8.90E-06,484598,Anemia, || id:ebi-a-GCST90038659,TRUE,reported,igd,2,1,TRUE
89,rs73412928,A,G,A,G,-0.00328814,-0.0115,0.015671,0.0164,FALSE,FALSE,FALSE,Atrial fibrillation,22,34520066,0.0294,1030836,0.6962,Atrial fibrillation || id:ebi-a-GCST006414,Atrial fibrillation,Atrial fibrillation ||  || ,TRUE,igd,NA,NA,NA,NA,NA,NA,NA,22,34520066,0.000657728,5.80E-07,484598,Anemia, || id:ebi-a-GCST90038659,TRUE,reported,igd,2,1,TRUE
90,rs73591042,T,C,T,C,0.00190294,0.0033,0.031883,0.0256,FALSE,FALSE,FALSE,Atrial fibrillation,19,34164320,0.0208,1030836,0.8725,Atrial fibrillation || id:ebi-a-GCST006414,Atrial fibrillation,Atrial fibrillation ||  || ,TRUE,igd,NA,NA,NA,NA,NA,NA,NA,19,34164320,0.000465068,4.30E-05,484598,Anemia, || id:ebi-a-GCST90038659,TRUE,reported,igd,2,1,TRUE
91,rs73861663,T,C,T,C,0.00235594,0.0197,0.021781,0.0223,FALSE,FALSE,FALSE,Atrial fibrillation,3,125780747,0.026,1030836,0.4478,Atrial fibrillation || id:ebi-a-GCST006414,Atrial fibrillation,Atrial fibrillation ||  || ,TRUE,igd,NA,NA,NA,NA,NA,NA,NA,3,125780747,0.000541795,1.40E-05,484598,Anemia, || id:ebi-a-GCST90038659,TRUE,reported,igd,2,1,TRUE
92,rs73939516,A,G,A,G,0.00389483,0.0717,0.012106,0.0073,FALSE,FALSE,FALSE,Atrial fibrillation,18,8734818,0.045,1030836,0.1111,Atrial fibrillation || id:ebi-a-GCST006414,Atrial fibrillation,Atrial fibrillation ||  || ,TRUE,igd,NA,NA,NA,NA,NA,NA,NA,18,8734818,0.000788044,7.70E-07,484598,Anemia, || id:ebi-a-GCST90038659,TRUE,reported,igd,2,1,TRUE
93,rs74114573,T,A,T,A,0.00147182,-0.0107,0.051944,0.0492,FALSE,TRUE,FALSE,Atrial fibrillation,1,116158325,0.0155,1030836,0.4901,Atrial fibrillation || id:ebi-a-GCST006414,Atrial fibrillation,Atrial fibrillation ||  || ,TRUE,igd,TRUE,rs74114573,rs74378152,T,A,C,G,1,116150872,0.000360778,4.50E-05,484598,Anemia, || id:ebi-a-GCST90038659,TRUE,reported,igd,2,1,TRUE
94,rs74325207,T,G,T,G,0.00223842,0.01,0.023686,0.026,FALSE,FALSE,FALSE,Atrial fibrillation,2,35863428,0.0224,1030836,0.653,Atrial fibrillation || id:ebi-a-GCST006414,Atrial fibrillation,Atrial fibrillation ||  || ,TRUE,igd,NA,NA,NA,NA,NA,NA,NA,2,35863428,0.00052934,2.40E-05,484598,Anemia, || id:ebi-a-GCST90038659,TRUE,reported,igd,2,1,TRUE
95,rs74567462,T,G,T,G,-0.00179455,0.0095,0.041106,0.0459,FALSE,FALSE,FALSE,Atrial fibrillation,1,47082212,0.0196,1030836,0.6303,Atrial fibrillation || id:ebi-a-GCST006414,Atrial fibrillation,Atrial fibrillation ||  || ,TRUE,igd,NA,NA,NA,NA,NA,NA,NA,1,47082212,0.000435119,3.70E-05,484598,Anemia, || id:ebi-a-GCST90038659,TRUE,reported,igd,2,1,TRUE
96,rs74976620,C,A,C,A,0.00260419,-0.0209,0.016935,0.0116,FALSE,FALSE,FALSE,Atrial fibrillation,22,27545471,0.0308,1030836,0.498,Atrial fibrillation || id:ebi-a-GCST006414,Atrial fibrillation,Atrial fibrillation ||  || ,TRUE,igd,NA,NA,NA,NA,NA,NA,NA,22,27545471,0.000639466,4.70E-05,484598,Anemia, || id:ebi-a-GCST90038659,TRUE,reported,igd,2,1,TRUE
97,rs76203357,C,T,C,T,0.00152835,0.0305,0.058946,0.0605,FALSE,FALSE,FALSE,Atrial fibrillation,10,118204655,0.017,1030836,0.0731392,Atrial fibrillation || id:ebi-a-GCST006414,Atrial fibrillation,Atrial fibrillation ||  || ,TRUE,igd,NA,NA,NA,NA,NA,NA,NA,10,118204655,0.000350877,1.30E-05,484598,Anemia, || id:ebi-a-GCST90038659,TRUE,reported,igd,2,1,TRUE
98,rs77347402,T,C,T,C,0.00389877,-0.0196,0.012409,0.1394,FALSE,FALSE,FALSE,Atrial fibrillation,12,130863128,0.0126,1030836,0.119,Atrial fibrillation || id:ebi-a-GCST006414,Atrial fibrillation,Atrial fibrillation ||  || ,TRUE,igd,NA,NA,NA,NA,NA,NA,NA,12,130863128,0.000948799,4.00E-05,484598,Anemia, || id:ebi-a-GCST90038659,TRUE,reported,igd,2,1,TRUE
99,rs77693654,G,A,G,A,0.00107478,-0.0143,0.11624,0.1123,FALSE,FALSE,FALSE,Atrial fibrillation,11,128237988,0.0107,1030836,0.1812,Atrial fibrillation || id:ebi-a-GCST006414,Atrial fibrillation,Atrial fibrillation ||  || ,TRUE,igd,NA,NA,NA,NA,NA,NA,NA,11,128237988,0.000248774,1.60E-05,484598,Anemia, || id:ebi-a-GCST90038659,TRUE,reported,igd,2,1,TRUE
100,rs7795214,G,A,G,A,-0.00174958,-0.0226,0.049578,0.0455,FALSE,FALSE,FALSE,Atrial fibrillation,7,128710460,0.0159,1030836,0.1562,Atrial fibrillation || id:ebi-a-GCST006414,Atrial fibrillation,Atrial fibrillation ||  || ,TRUE,igd,NA,NA,NA,NA,NA,NA,NA,7,128710460,0.000369697,2.20E-06,484598,Anemia, || id:ebi-a-GCST90038659,TRUE,reported,igd,2,1,TRUE
101,rs78024150,A,G,A,G,-0.00315433,-0.0227,0.011775,0.0071,FALSE,FALSE,FALSE,Atrial fibrillation,2,71037580,0.0336,1030836,0.5004,Atrial fibrillation || id:ebi-a-GCST006414,Atrial fibrillation,Atrial fibrillation ||  || ,TRUE,igd,NA,NA,NA,NA,NA,NA,NA,2,71037580,0.000764118,3.70E-05,484598,Anemia, || id:ebi-a-GCST90038659,TRUE,reported,igd,2,1,TRUE
102,rs78092625,G,T,G,T,-0.00258709,-0.0268,0.020621,0.0221,FALSE,FALSE,FALSE,Atrial fibrillation,21,37163803,0.0266,1030836,0.3137,Atrial fibrillation || id:ebi-a-GCST006414,Atrial fibrillation,Atrial fibrillation ||  || ,TRUE,igd,NA,NA,NA,NA,NA,NA,NA,21,37163803,0.000619269,2.90E-05,484598,Anemia, || id:ebi-a-GCST90038659,TRUE,reported,igd,2,1,TRUE
103,rs78207558,A,G,A,G,0.00226772,0.0137,0.025819,0.0308,FALSE,FALSE,FALSE,Atrial fibrillation,8,142111255,0.024,1030836,0.5674,Atrial fibrillation || id:ebi-a-GCST006414,Atrial fibrillation,Atrial fibrillation ||  || ,TRUE,igd,NA,NA,NA,NA,NA,NA,NA,8,142111255,0.000525791,1.60E-05,484598,Anemia, || id:ebi-a-GCST90038659,TRUE,reported,igd,2,1,TRUE
104,rs78368183,T,C,T,C,0.00270335,-0.011,0.016276,0.0158,FALSE,FALSE,FALSE,Atrial fibrillation,13,91020020,0.0287,1030836,0.7014,Atrial fibrillation || id:ebi-a-GCST006414,Atrial fibrillation,Atrial fibrillation ||  || ,TRUE,igd,NA,NA,NA,NA,NA,NA,NA,13,91020020,0.000628195,1.70E-05,484598,Anemia, || id:ebi-a-GCST90038659,TRUE,reported,igd,2,1,TRUE
105,rs78797983,C,T,C,T,0.00392144,0.0229,0.010247,0.0058,FALSE,FALSE,FALSE,Atrial fibrillation,7,75868440,0.0416,1030836,0.582,Atrial fibrillation || id:ebi-a-GCST006414,Atrial fibrillation,Atrial fibrillation ||  || ,TRUE,igd,NA,NA,NA,NA,NA,NA,NA,7,75868440,0.000856103,4.60E-06,484598,Anemia, || id:ebi-a-GCST90038659,TRUE,reported,igd,2,1,TRUE
106,rs7918636,G,A,G,A,0.000821333,-0.0044,0.681873,0.6653,FALSE,FALSE,FALSE,Atrial fibrillation,10,73215525,0.0072,1030836,0.5396,Atrial fibrillation || id:ebi-a-GCST006414,Atrial fibrillation,Atrial fibrillation ||  || ,TRUE,igd,NA,NA,NA,NA,NA,NA,NA,10,73215525,0.000170298,1.40E-06,484598,Anemia, || id:ebi-a-GCST90038659,TRUE,reported,igd,2,1,TRUE
107,rs79559932,C,T,C,T,0.00277768,0.0086,0.021847,0.0301,FALSE,FALSE,FALSE,Atrial fibrillation,2,183333745,0.0236,1030836,0.7146,Atrial fibrillation || id:ebi-a-GCST006414,Atrial fibrillation,Atrial fibrillation ||  || ,TRUE,igd,NA,NA,NA,NA,NA,NA,NA,2,183333745,0.000596413,3.20E-06,484598,Anemia, || id:ebi-a-GCST90038659,TRUE,reported,igd,2,1,TRUE
108,rs7970964,G,A,G,A,0.00218668,-0.0095,0.023234,0.0179,FALSE,FALSE,FALSE,Atrial fibrillation,12,3553121,0.0259,1030836,0.712,Atrial fibrillation || id:ebi-a-GCST006414,Atrial fibrillation,Atrial fibrillation ||  || ,TRUE,igd,NA,NA,NA,NA,NA,NA,NA,12,3553121,0.000535663,4.50E-05,484598,Anemia, || id:ebi-a-GCST90038659,TRUE,reported,igd,2,1,TRUE
109,rs79985517,T,G,T,G,0.00140196,-0.0033,0.061299,0.0549,FALSE,FALSE,FALSE,Atrial fibrillation,10,73308061,0.0149,1030836,0.8257,Atrial fibrillation || id:ebi-a-GCST006414,Atrial fibrillation,Atrial fibrillation ||  || ,TRUE,igd,NA,NA,NA,NA,NA,NA,NA,10,73308061,0.000330112,2.20E-05,484598,Anemia, || id:ebi-a-GCST90038659,TRUE,reported,igd,2,1,TRUE
110,rs80269040,C,T,C,T,0.00148576,0.0016,0.049445,0.0537,FALSE,FALSE,FALSE,Atrial fibrillation,5,15019158,0.0178,1030836,0.9281,Atrial fibrillation || id:ebi-a-GCST006414,Atrial fibrillation,Atrial fibrillation ||  || ,TRUE,igd,NA,NA,NA,NA,NA,NA,NA,5,15019158,0.000365336,4.80E-05,484598,Anemia, || id:ebi-a-GCST90038659,TRUE,reported,igd,2,1,TRUE
111,rs8071875,T,C,T,C,-0.000672094,0.0036,0.411533,0.4348,FALSE,FALSE,FALSE,Atrial fibrillation,17,27546536,0.0067,1030836,0.5886,Atrial fibrillation || id:ebi-a-GCST006414,Atrial fibrillation,Atrial fibrillation ||  || ,TRUE,igd,NA,NA,NA,NA,NA,NA,NA,17,27546536,0.000162336,3.50E-05,484598,Anemia, || id:ebi-a-GCST90038659,TRUE,reported,igd,2,1,TRUE
112,rs884275,T,C,T,C,-0.000726284,0.0073,0.344669,0.3271,FALSE,FALSE,FALSE,Atrial fibrillation,4,100450712,0.007,1030836,0.2984,Atrial fibrillation || id:ebi-a-GCST006414,Atrial fibrillation,Atrial fibrillation ||  || ,TRUE,igd,NA,NA,NA,NA,NA,NA,NA,4,100450712,0.000167274,1.40E-05,484598,Anemia, || id:ebi-a-GCST90038659,TRUE,reported,igd,2,1,TRUE
113,rs884694,T,G,T,G,-0.000718458,0.0048,0.698168,0.6901,FALSE,FALSE,FALSE,Atrial fibrillation,5,36301420,0.0073,1030836,0.5134,Atrial fibrillation || id:ebi-a-GCST006414,Atrial fibrillation,Atrial fibrillation ||  || ,TRUE,igd,NA,NA,NA,NA,NA,NA,NA,5,36301420,0.000172973,3.30E-05,484598,Anemia, || id:ebi-a-GCST90038659,TRUE,reported,igd,2,1,TRUE
114,rs9269271,C,T,C,T,0.00100853,0.0142,0.361089,0.296,FALSE,FALSE,FALSE,Atrial fibrillation,6,32539107,0.0141,1030836,0.3121,Atrial fibrillation || id:ebi-a-GCST006414,Atrial fibrillation,Atrial fibrillation ||  || ,TRUE,igd,NA,NA,NA,NA,NA,NA,NA,6,32539107,0.000196351,2.80E-07,484598,Anemia, || id:ebi-a-GCST90038659,TRUE,reported,igd,2,1,TRUE
115,rs9347469,T,G,T,G,0.00088319,0.0062,0.164109,0.1575,FALSE,FALSE,FALSE,Atrial fibrillation,6,158073416,0.0091,1030836,0.4947,Atrial fibrillation || id:ebi-a-GCST006414,Atrial fibrillation,Atrial fibrillation ||  || ,TRUE,igd,NA,NA,NA,NA,NA,NA,NA,6,158073416,0.000216006,4.30E-05,484598,Anemia, || id:ebi-a-GCST90038659,TRUE,reported,igd,2,1,TRUE
116,rs9577519,T,C,T,C,-0.00267785,-0.0202,0.01493,0.0122,FALSE,FALSE,FALSE,Atrial fibrillation,13,114022296,0.0315,1030836,0.5222,Atrial fibrillation || id:ebi-a-GCST006414,Atrial fibrillation,Atrial fibrillation ||  || ,TRUE,igd,NA,NA,NA,NA,NA,NA,NA,13,114022296,0.000659826,4.90E-05,484598,Anemia, || id:ebi-a-GCST90038659,TRUE,reported,igd,2,1,TRUE
117,rs9580182,C,T,C,T,-0.00135728,0.0066,0.096018,0.0927,FALSE,FALSE,FALSE,Atrial fibrillation,13,19340483,0.0267,1030836,0.8046,Atrial fibrillation || id:ebi-a-GCST006414,Atrial fibrillation,Atrial fibrillation ||  || ,TRUE,igd,NA,NA,NA,NA,NA,NA,NA,13,19340483,0.000328851,3.70E-05,484598,Anemia, || id:ebi-a-GCST90038659,TRUE,reported,igd,2,1,TRUE
118,rs9660352,A,T,A,T,0.00226861,0.0262,0.030043,0.0234,FALSE,TRUE,FALSE,Atrial fibrillation,1,184667896,0.0211,1030836,0.2152,Atrial fibrillation || id:ebi-a-GCST006414,Atrial fibrillation,Atrial fibrillation ||  || ,TRUE,igd,NA,NA,NA,NA,NA,NA,NA,1,184667896,0.000483772,2.70E-06,484598,Anemia, || id:ebi-a-GCST90038659,TRUE,reported,igd,2,1,TRUE
