,SNP,effect_allele.exposure,other_allele.exposure,effect_allele.outcome,other_allele.outcome,beta.exposure,beta.outcome,eaf.exposure,eaf.outcome,remove,palindromic,ambiguous,id.outcome,chr,pos,se.outcome,samplesize.outcome,pval.outcome,outcome,originalname.outcome,outcome.deprecated,mr_keep.outcome,data_source.outcome,samplesize.exposure,pval.exposure,pos.exposure,se.exposure,chr.exposure,id.exposure,exposure,mr_keep.exposure,pval_origin.exposure,data_source.exposure,action,SNP_index,mr_keep
1,rs10141892,C,T,C,T,-0.0452,0.0215,0.5833,NA,FALSE,FALSE,FALSE,Heart failure,14,35184323,0.008,977323,0.00697702,Heart failure || id:ebi-a-GCST009541,Heart failure,Heart failure ||  || ,TRUE,igd,1030836,2.95E-11,35184323,0.0068,14,Atrial fibrillation,Atrial fibrillation || id:ebi-a-GCST006414,TRUE,reported,igd,2,1,TRUE
2,rs10458662,G,T,G,T,0.0544,0.0088,0.1722,NA,FALSE,FALSE,FALSE,Heart failure,10,77936670,0.0105,977323,0.403,Heart failure || id:ebi-a-GCST009541,Heart failure,Heart failure ||  || ,TRUE,igd,1030836,6.93E-10,77936670,0.0088,10,Atrial fibrillation,Atrial fibrillation || id:ebi-a-GCST006414,TRUE,reported,igd,2,1,TRUE
3,rs10520002,A,G,A,G,0.0626,0.0325,0.0988,NA,FALSE,FALSE,FALSE,Heart failure,5,127819132,0.0135,977323,0.01595,Heart failure || id:ebi-a-GCST009541,Heart failure,Heart failure ||  || ,TRUE,igd,1030836,2.85E-08,127819132,0.0113,5,Atrial fibrillation,Atrial fibrillation || id:ebi-a-GCST006414,TRUE,reported,igd,2,1,TRUE
4,rs10520260,G,A,G,A,-0.0457,0.002,0.3214,NA,FALSE,FALSE,FALSE,Heart failure,4,174447349,0.0085,977323,0.8136,Heart failure || id:ebi-a-GCST009541,Heart failure,Heart failure ||  || ,TRUE,igd,1030836,3.36E-10,174447349,0.0073,4,Atrial fibrillation,Atrial fibrillation || id:ebi-a-GCST006414,TRUE,reported,igd,2,1,TRUE
5,rs10753933,G,T,G,T,-0.0609,-0.0106,0.5518,NA,FALSE,FALSE,FALSE,Heart failure,1,203026214,0.0078,977323,0.1767,Heart failure || id:ebi-a-GCST009541,Heart failure,Heart failure ||  || ,TRUE,igd,1030836,9.84E-20,203026214,0.0067,1,Atrial fibrillation,Atrial fibrillation || id:ebi-a-GCST006414,TRUE,reported,igd,2,1,TRUE
6,rs10773657,A,C,A,C,-0.0575,-0.0283,0.862,NA,FALSE,FALSE,FALSE,Heart failure,12,123327900,0.0123,977323,0.0209802,Heart failure || id:ebi-a-GCST009541,Heart failure,Heart failure ||  || ,TRUE,igd,1030836,2.54E-08,123327900,0.0103,12,Atrial fibrillation,Atrial fibrillation || id:ebi-a-GCST006414,TRUE,reported,igd,2,1,TRUE
7,rs10804493,A,G,A,G,0.0558,0.0126,0.6505,NA,FALSE,FALSE,FALSE,Heart failure,3,111554426,0.0082,977323,0.1242,Heart failure || id:ebi-a-GCST009541,Heart failure,Heart failure ||  || ,TRUE,igd,1030836,1.63E-15,111554426,0.007,3,Atrial fibrillation,Atrial fibrillation || id:ebi-a-GCST006414,TRUE,reported,igd,2,1,TRUE
8,rs10821415,A,C,A,C,0.0821,0.0294,0.4132,NA,FALSE,FALSE,FALSE,Heart failure,9,97713459,0.0079,977323,0.000218399,Heart failure || id:ebi-a-GCST009541,Heart failure,Heart failure ||  || ,TRUE,igd,1030836,2.92E-34,97713459,0.0067,9,Atrial fibrillation,Atrial fibrillation || id:ebi-a-GCST006414,TRUE,reported,igd,2,1,TRUE
9,rs10842383,T,C,T,C,-0.0988,-0.0068,0.1478,NA,FALSE,FALSE,FALSE,Heart failure,12,24771967,0.0112,977323,0.5408,Heart failure || id:ebi-a-GCST009541,Heart failure,Heart failure ||  || ,TRUE,igd,1030836,2.88E-25,24771967,0.0095,12,Atrial fibrillation,Atrial fibrillation || id:ebi-a-GCST006414,TRUE,reported,igd,2,1,TRUE
10,rs11191116,T,C,T,C,-0.041,0.0119,0.348,NA,FALSE,FALSE,FALSE,Heart failure,10,103555611,0.0083,977323,0.1516,Heart failure || id:ebi-a-GCST009541,Heart failure,Heart failure ||  || ,TRUE,igd,1030836,4.42E-09,103555611,0.007,10,Atrial fibrillation,Atrial fibrillation || id:ebi-a-GCST006414,TRUE,reported,igd,2,1,TRUE
11,rs11264280,T,C,T,C,0.1347,0.0252,0.333,NA,FALSE,FALSE,FALSE,Heart failure,1,154862952,0.0084,977323,0.00264302,Heart failure || id:ebi-a-GCST009541,Heart failure,Heart failure ||  || ,TRUE,igd,1030836,3.07E-79,154862952,0.0071,1,Atrial fibrillation,Atrial fibrillation || id:ebi-a-GCST006414,TRUE,reported,igd,2,1,TRUE
12,rs11598047,G,A,G,A,0.1537,0.0188,0.1621,NA,FALSE,FALSE,FALSE,Heart failure,10,105342672,0.0107,977323,0.0774105,Heart failure || id:ebi-a-GCST009541,Heart failure,Heart failure ||  || ,TRUE,igd,1030836,8.95E-66,105342672,0.009,10,Atrial fibrillation,Atrial fibrillation || id:ebi-a-GCST006414,TRUE,reported,igd,2,1,TRUE
13,rs11773845,A,C,A,C,0.1054,0.0227,0.5856,NA,FALSE,FALSE,FALSE,Heart failure,7,116191301,0.0079,977323,0.00419199,Heart failure || id:ebi-a-GCST009541,Heart failure,Heart failure ||  || ,TRUE,igd,1030836,2.39E-55,116191301,0.0067,7,Atrial fibrillation,Atrial fibrillation || id:ebi-a-GCST006414,TRUE,reported,igd,2,1,TRUE
14,rs117984853,T,G,T,G,0.1228,0.0027,0.1013,NA,FALSE,FALSE,FALSE,Heart failure,6,149399100,0.0137,977323,0.8437,Heart failure || id:ebi-a-GCST009541,Heart failure,Heart failure ||  || ,TRUE,igd,1030836,1.34E-24,149399100,0.012,6,Atrial fibrillation,Atrial fibrillation || id:ebi-a-GCST006414,TRUE,reported,igd,2,1,TRUE
15,rs12245149,A,C,A,C,-0.047,-0.0143,0.4739,NA,FALSE,FALSE,FALSE,Heart failure,10,65321147,0.0079,977323,0.0693506,Heart failure || id:ebi-a-GCST009541,Heart failure,Heart failure ||  || ,TRUE,igd,1030836,1.66E-12,65321147,0.0067,10,Atrial fibrillation,Atrial fibrillation || id:ebi-a-GCST006414,TRUE,reported,igd,2,1,TRUE
16,rs12426679,T,C,T,C,-0.0391,-8.00E-04,0.5278,NA,FALSE,FALSE,FALSE,Heart failure,12,76237987,0.0079,977323,0.92,Heart failure || id:ebi-a-GCST009541,Heart failure,Heart failure ||  || ,TRUE,igd,1030836,4.95E-09,76237987,0.0067,12,Atrial fibrillation,Atrial fibrillation || id:ebi-a-GCST006414,TRUE,reported,igd,2,1,TRUE
17,rs1278493,A,G,A,G,-0.0389,-0.0146,0.5645,NA,FALSE,FALSE,FALSE,Heart failure,3,135814009,0.0079,977323,0.0638102,Heart failure || id:ebi-a-GCST009541,Heart failure,Heart failure ||  || ,TRUE,igd,1030836,8.77E-09,135814009,0.0068,3,Atrial fibrillation,Atrial fibrillation || id:ebi-a-GCST006414,TRUE,reported,igd,2,1,TRUE
18,rs133885,A,G,A,G,0.0405,0.0136,0.4377,NA,FALSE,FALSE,FALSE,Heart failure,22,26159289,0.008,977323,0.0872208,Heart failure || id:ebi-a-GCST009541,Heart failure,Heart failure ||  || ,TRUE,igd,1030836,2.22E-09,26159289,0.0068,22,Atrial fibrillation,Atrial fibrillation || id:ebi-a-GCST006414,TRUE,reported,igd,2,1,TRUE
19,rs140185678,A,G,A,G,0.1659,0.0759,0.0351,NA,FALSE,FALSE,FALSE,Heart failure,16,2003016,0.0245,977323,0.001952,Heart failure || id:ebi-a-GCST009541,Heart failure,Heart failure ||  || ,TRUE,igd,1030836,2.43E-14,2003016,0.0218,16,Atrial fibrillation,Atrial fibrillation || id:ebi-a-GCST006414,TRUE,reported,igd,2,1,TRUE
20,rs1458038,T,C,T,C,0.0434,0.0165,0.3087,NA,FALSE,FALSE,FALSE,Heart failure,4,81164723,0.0085,977323,0.0530994,Heart failure || id:ebi-a-GCST009541,Heart failure,Heart failure ||  || ,TRUE,igd,1030836,1.74E-09,81164723,0.0072,4,Atrial fibrillation,Atrial fibrillation || id:ebi-a-GCST006414,TRUE,reported,igd,2,1,TRUE
21,rs146518726,A,G,A,G,0.1605,0.0836,0.0328,NA,FALSE,FALSE,FALSE,Heart failure,1,51535039,0.0238,977323,0.000450402,Heart failure || id:ebi-a-GCST009541,Heart failure,Heart failure ||  || ,TRUE,igd,1030836,8.27E-15,51535039,0.0207,1,Atrial fibrillation,Atrial fibrillation || id:ebi-a-GCST006414,TRUE,reported,igd,2,1,TRUE
22,rs1563304,T,C,T,C,0.0644,0.0277,0.178,NA,FALSE,FALSE,FALSE,Heart failure,17,44874453,0.0108,977323,0.0102601,Heart failure || id:ebi-a-GCST009541,Heart failure,Heart failure ||  || ,TRUE,igd,1030836,2.56E-12,44874453,0.0092,17,Atrial fibrillation,Atrial fibrillation || id:ebi-a-GCST006414,TRUE,reported,igd,2,1,TRUE
23,rs17171711,T,C,T,C,0.1086,0.029,0.1775,NA,FALSE,FALSE,FALSE,Heart failure,5,137364795,0.0102,977323,0.00428499,Heart failure || id:ebi-a-GCST009541,Heart failure,Heart failure ||  || ,TRUE,igd,1030836,1.95E-35,137364795,0.0087,5,Atrial fibrillation,Atrial fibrillation || id:ebi-a-GCST006414,TRUE,reported,igd,2,1,TRUE
24,rs17380837,T,C,T,C,-0.0501,-0.0043,0.307,NA,FALSE,FALSE,FALSE,Heart failure,12,26345526,0.0084,977323,0.607,Heart failure || id:ebi-a-GCST009541,Heart failure,Heart failure ||  || ,TRUE,igd,1030836,4.80E-12,26345526,0.0072,12,Atrial fibrillation,Atrial fibrillation || id:ebi-a-GCST006414,TRUE,reported,igd,2,1,TRUE
25,rs1838747,G,A,G,A,0.0391,0.0149,0.4954,NA,FALSE,FALSE,FALSE,Heart failure,5,114426668,0.0078,977323,0.0571202,Heart failure || id:ebi-a-GCST009541,Heart failure,Heart failure ||  || ,TRUE,igd,1030836,4.13E-09,114426668,0.0067,5,Atrial fibrillation,Atrial fibrillation || id:ebi-a-GCST006414,TRUE,reported,igd,2,1,TRUE
26,rs1906615,T,G,T,G,0.3658,0.0824,0.1991,NA,FALSE,FALSE,FALSE,Heart failure,4,111701798,0.0095,977323,4.85E-18,Heart failure || id:ebi-a-GCST009541,Heart failure,Heart failure ||  || ,TRUE,igd,1030836,1.00E-200,111701798,0.0081,4,Atrial fibrillation,Atrial fibrillation || id:ebi-a-GCST006414,TRUE,reported,igd,2,1,TRUE
27,rs2031522,G,A,G,A,-0.0436,-0.0325,0.3764,NA,FALSE,FALSE,FALSE,Heart failure,6,87821501,0.0081,977323,6.04E-05,Heart failure || id:ebi-a-GCST009541,Heart failure,Heart failure ||  || ,TRUE,igd,1030836,1.47E-10,87821501,0.0068,6,Atrial fibrillation,Atrial fibrillation || id:ebi-a-GCST006414,TRUE,reported,igd,2,1,TRUE
28,rs2274115,G,A,G,A,0.0487,0.0202,0.7003,NA,FALSE,FALSE,FALSE,Heart failure,9,139094773,0.009,977323,0.0254203,Heart failure || id:ebi-a-GCST009541,Heart failure,Heart failure ||  || ,TRUE,igd,1030836,1.69E-10,139094773,0.0076,9,Atrial fibrillation,Atrial fibrillation || id:ebi-a-GCST006414,TRUE,reported,igd,2,1,TRUE
29,rs2288327,G,A,G,A,0.0919,0.0019,0.1564,NA,FALSE,FALSE,FALSE,Heart failure,2,179411665,0.0107,977323,0.8596,Heart failure || id:ebi-a-GCST009541,Heart failure,Heart failure ||  || ,TRUE,igd,1030836,7.26E-25,179411665,0.0089,2,Atrial fibrillation,Atrial fibrillation || id:ebi-a-GCST006414,TRUE,reported,igd,2,1,TRUE
30,rs2738413,G,A,G,A,-0.0778,-0.0034,0.5049,NA,FALSE,FALSE,FALSE,Heart failure,14,64679960,0.0078,977323,0.6624,Heart failure || id:ebi-a-GCST009541,Heart failure,Heart failure ||  || ,TRUE,igd,1030836,2.55E-31,64679960,0.0067,14,Atrial fibrillation,Atrial fibrillation || id:ebi-a-GCST006414,TRUE,reported,igd,2,1,TRUE
31,rs2759301,A,G,A,G,0.039,0.0287,0.4542,NA,FALSE,FALSE,FALSE,Heart failure,15,80994288,0.0092,977323,0.00178201,Heart failure || id:ebi-a-GCST009541,Heart failure,Heart failure ||  || ,TRUE,igd,1030836,5.04E-09,80994288,0.0067,15,Atrial fibrillation,Atrial fibrillation || id:ebi-a-GCST006414,TRUE,reported,igd,2,1,TRUE
32,rs2834618,G,T,G,T,-0.0944,-0.0236,0.1056,NA,FALSE,FALSE,FALSE,Heart failure,21,36119111,0.013,977323,0.0697493,Heart failure || id:ebi-a-GCST009541,Heart failure,Heart failure ||  || ,TRUE,igd,1030836,3.41E-17,36119111,0.0112,21,Atrial fibrillation,Atrial fibrillation || id:ebi-a-GCST006414,TRUE,reported,igd,2,1,TRUE
33,rs28387148,T,C,T,C,0.0741,0.029,0.1051,NA,FALSE,FALSE,FALSE,Heart failure,2,127433465,0.0131,977323,0.02618,Heart failure || id:ebi-a-GCST009541,Heart failure,Heart failure ||  || ,TRUE,igd,1030836,6.25E-11,127433465,0.0113,2,Atrial fibrillation,Atrial fibrillation || id:ebi-a-GCST006414,TRUE,reported,igd,2,1,TRUE
34,rs284277,A,C,A,C,-0.0422,-0.0139,0.6174,NA,FALSE,FALSE,FALSE,Heart failure,1,10790797,0.0082,977323,0.0905191,Heart failure || id:ebi-a-GCST009541,Heart failure,Heart failure ||  || ,TRUE,igd,1030836,1.25E-09,10790797,0.0069,1,Atrial fibrillation,Atrial fibrillation || id:ebi-a-GCST006414,TRUE,reported,igd,2,1,TRUE
35,rs2860482,C,A,C,A,-0.054,-0.0256,0.726,NA,FALSE,FALSE,FALSE,Heart failure,12,57105938,0.009,977323,0.00445995,Heart failure || id:ebi-a-GCST009541,Heart failure,Heart failure ||  || ,TRUE,igd,1030836,1.21E-12,57105938,0.0076,12,Atrial fibrillation,Atrial fibrillation || id:ebi-a-GCST006414,TRUE,reported,igd,2,1,TRUE
36,rs28631169,T,C,T,C,0.0522,-0.0016,0.1982,NA,FALSE,FALSE,FALSE,Heart failure,14,23888183,0.01,977323,0.8752,Heart failure || id:ebi-a-GCST009541,Heart failure,Heart failure ||  || ,TRUE,igd,1030836,5.35E-10,23888183,0.0084,14,Atrial fibrillation,Atrial fibrillation || id:ebi-a-GCST006414,TRUE,reported,igd,2,1,TRUE
37,rs2885697,T,G,T,G,-0.0439,-0.0129,0.6482,NA,FALSE,FALSE,FALSE,Heart failure,1,41544279,0.0082,977323,0.1165,Heart failure || id:ebi-a-GCST009541,Heart failure,Heart failure ||  || ,TRUE,igd,1030836,2.88E-10,41544279,0.007,1,Atrial fibrillation,Atrial fibrillation || id:ebi-a-GCST006414,TRUE,reported,igd,2,1,TRUE
38,rs3176326,A,G,A,G,-0.0626,-0.0577,0.1982,NA,FALSE,FALSE,FALSE,Heart failure,6,36647289,0.0102,977323,1.33E-08,Heart failure || id:ebi-a-GCST009541,Heart failure,Heart failure ||  || ,TRUE,igd,1030836,1.42E-13,36647289,0.0085,6,Atrial fibrillation,Atrial fibrillation || id:ebi-a-GCST006414,TRUE,reported,igd,2,1,TRUE
39,rs337705,G,T,G,T,0.0564,0.005,0.3749,NA,FALSE,FALSE,FALSE,Heart failure,5,113737062,0.0082,977323,0.5424,Heart failure || id:ebi-a-GCST009541,Heart failure,Heart failure ||  || ,TRUE,igd,1030836,1.63E-16,113737062,0.0068,5,Atrial fibrillation,Atrial fibrillation || id:ebi-a-GCST006414,TRUE,reported,igd,2,1,TRUE
40,rs34080181,A,G,A,G,-0.0446,-0.0028,0.379,NA,FALSE,FALSE,FALSE,Heart failure,3,66454191,0.0083,977323,0.734301,Heart failure || id:ebi-a-GCST009541,Heart failure,Heart failure ||  || ,TRUE,igd,1030836,1.28E-10,66454191,0.0069,3,Atrial fibrillation,Atrial fibrillation || id:ebi-a-GCST006414,TRUE,reported,igd,2,1,TRUE
41,rs34936990,A,G,A,G,0.1294,0.0164,0.1207,NA,FALSE,FALSE,FALSE,Heart failure,10,105523416,0.012,977323,0.1717,Heart failure || id:ebi-a-GCST009541,Heart failure,Heart failure ||  || ,TRUE,igd,1030836,2.95E-37,105523416,0.0101,10,Atrial fibrillation,Atrial fibrillation || id:ebi-a-GCST006414,TRUE,reported,igd,2,1,TRUE
42,rs34969716,A,G,A,G,0.0702,0.0012,0.3051,NA,FALSE,FALSE,FALSE,Heart failure,6,18210109,0.0092,977323,0.8961,Heart failure || id:ebi-a-GCST009541,Heart failure,Heart failure ||  || ,TRUE,igd,1030836,1.60E-19,18210109,0.0078,6,Atrial fibrillation,Atrial fibrillation || id:ebi-a-GCST006414,TRUE,reported,igd,2,1,TRUE
43,rs35569628,C,T,C,T,-0.0452,-0.0242,0.223,NA,FALSE,FALSE,FALSE,Heart failure,13,113872712,0.0095,977323,0.01048,Heart failure || id:ebi-a-GCST009541,Heart failure,Heart failure ||  || ,TRUE,igd,1030836,1.38E-08,113872712,0.008,13,Atrial fibrillation,Atrial fibrillation || id:ebi-a-GCST006414,TRUE,reported,igd,2,1,TRUE
44,rs35963991,T,G,T,G,0.0525,0.0288,0.1494,NA,FALSE,FALSE,FALSE,Heart failure,8,11495702,0.0112,977323,0.0100099,Heart failure || id:ebi-a-GCST009541,Heart failure,Heart failure ||  || ,TRUE,igd,1030836,2.80E-08,11495702,0.0095,8,Atrial fibrillation,Atrial fibrillation || id:ebi-a-GCST006414,TRUE,reported,igd,2,1,TRUE
45,rs3943207,T,G,T,G,-0.0638,-0.0234,0.1167,NA,FALSE,FALSE,FALSE,Heart failure,8,21845619,0.0123,977323,0.0571005,Heart failure || id:ebi-a-GCST009541,Heart failure,Heart failure ||  || ,TRUE,igd,1030836,6.92E-10,21845619,0.0103,8,Atrial fibrillation,Atrial fibrillation || id:ebi-a-GCST006414,TRUE,reported,igd,2,1,TRUE
46,rs4073778,A,C,A,C,0.0486,-0.006,0.5639,NA,FALSE,FALSE,FALSE,Heart failure,1,116297758,0.008,977323,0.4558,Heart failure || id:ebi-a-GCST009541,Heart failure,Heart failure ||  || ,TRUE,igd,1030836,4.96E-13,116297758,0.0067,1,Atrial fibrillation,Atrial fibrillation || id:ebi-a-GCST006414,TRUE,reported,igd,2,1,TRUE
47,rs4252627,T,C,T,C,-0.0415,-0.0231,0.6679,NA,FALSE,FALSE,FALSE,Heart failure,17,37868715,0.0085,977323,0.00623405,Heart failure || id:ebi-a-GCST009541,Heart failure,Heart failure ||  || ,TRUE,igd,1030836,5.63E-09,37868715,0.0071,17,Atrial fibrillation,Atrial fibrillation || id:ebi-a-GCST006414,TRUE,reported,igd,2,1,TRUE
48,rs4642101,G,T,G,T,0.0706,0.0233,0.6397,NA,FALSE,FALSE,FALSE,Heart failure,3,12842223,0.0083,977323,0.00471498,Heart failure || id:ebi-a-GCST009541,Heart failure,Heart failure ||  || ,TRUE,igd,1030836,2.95E-24,12842223,0.0069,3,Atrial fibrillation,Atrial fibrillation || id:ebi-a-GCST006414,TRUE,reported,igd,2,1,TRUE
49,rs464901,C,T,C,T,-0.0508,-0.0026,0.3353,NA,FALSE,FALSE,FALSE,Heart failure,22,18597502,0.0085,977323,0.758,Heart failure || id:ebi-a-GCST009541,Heart failure,Heart failure ||  || ,TRUE,igd,1030836,1.53E-12,18597502,0.0072,22,Atrial fibrillation,Atrial fibrillation || id:ebi-a-GCST006414,TRUE,reported,igd,2,1,TRUE
50,rs4757877,G,A,G,A,-0.0723,0.0043,0.7552,NA,FALSE,FALSE,FALSE,Heart failure,11,20010291,0.0093,977323,0.641899,Heart failure || id:ebi-a-GCST009541,Heart failure,Heart failure ||  || ,TRUE,igd,1030836,2.93E-20,20010291,0.0078,11,Atrial fibrillation,Atrial fibrillation || id:ebi-a-GCST006414,TRUE,reported,igd,2,1,TRUE
51,rs4946333,G,A,G,A,0.0639,-0.0112,0.4897,NA,FALSE,FALSE,FALSE,Heart failure,6,118565665,0.0078,977323,0.1509,Heart failure || id:ebi-a-GCST009541,Heart failure,Heart failure ||  || ,TRUE,igd,1030836,5.47E-22,118565665,0.0066,6,Atrial fibrillation,Atrial fibrillation || id:ebi-a-GCST006414,TRUE,reported,igd,2,1,TRUE
52,rs55734480,A,G,A,G,0.0548,0.0098,0.2494,NA,FALSE,FALSE,FALSE,Heart failure,7,14372009,0.0092,977323,0.2877,Heart failure || id:ebi-a-GCST009541,Heart failure,Heart failure ||  || ,TRUE,igd,1030836,2.20E-12,14372009,0.0078,7,Atrial fibrillation,Atrial fibrillation || id:ebi-a-GCST006414,TRUE,reported,igd,2,1,TRUE
53,rs55985730,G,T,G,T,0.0867,0.0094,0.06,NA,FALSE,FALSE,FALSE,Heart failure,7,128417044,0.0169,977323,0.579499,Heart failure || id:ebi-a-GCST009541,Heart failure,Heart failure ||  || ,TRUE,igd,1030836,5.24E-09,128417044,0.0149,7,Atrial fibrillation,Atrial fibrillation || id:ebi-a-GCST006414,TRUE,reported,igd,2,1,TRUE
54,rs56201652,A,G,A,G,-0.0531,-0.0257,0.267,NA,FALSE,FALSE,FALSE,Heart failure,7,92278116,0.0089,977323,0.00373199,Heart failure || id:ebi-a-GCST009541,Heart failure,Heart failure ||  || ,TRUE,igd,1030836,1.74E-12,92278116,0.0075,7,Atrial fibrillation,Atrial fibrillation || id:ebi-a-GCST006414,TRUE,reported,igd,2,1,TRUE
55,rs56326533,C,T,C,T,0.0685,0.0357,0.3919,NA,FALSE,FALSE,FALSE,Heart failure,2,201168758,0.008,977323,7.53E-06,Heart failure || id:ebi-a-GCST009541,Heart failure,Heart failure ||  || ,TRUE,igd,1030836,6.28E-24,201168758,0.0068,2,Atrial fibrillation,Atrial fibrillation || id:ebi-a-GCST006414,TRUE,reported,igd,2,1,TRUE
56,rs577676,T,C,T,C,-0.0923,-0.0146,0.4383,NA,FALSE,FALSE,FALSE,Heart failure,1,170587340,0.0079,977323,0.0655194,Heart failure || id:ebi-a-GCST009541,Heart failure,Heart failure ||  || ,TRUE,igd,1030836,1.62E-43,170587340,0.0067,1,Atrial fibrillation,Atrial fibrillation || id:ebi-a-GCST006414,TRUE,reported,igd,2,1,TRUE
57,rs60902112,T,C,T,C,0.0445,0.0056,0.2262,NA,FALSE,FALSE,FALSE,Heart failure,3,194800853,0.0094,977323,0.5483,Heart failure || id:ebi-a-GCST009541,Heart failure,Heart failure ||  || ,TRUE,igd,1030836,1.72E-08,194800853,0.0079,3,Atrial fibrillation,Atrial fibrillation || id:ebi-a-GCST006414,TRUE,reported,igd,2,1,TRUE
58,rs62254082,C,T,C,T,0.0404,0.0117,0.3865,NA,FALSE,FALSE,FALSE,Heart failure,3,69417585,0.0082,977323,0.152,Heart failure || id:ebi-a-GCST009541,Heart failure,Heart failure ||  || ,TRUE,igd,1030836,6.34E-09,69417585,0.007,3,Atrial fibrillation,Atrial fibrillation || id:ebi-a-GCST006414,TRUE,reported,igd,2,1,TRUE
59,rs62377206,A,G,A,G,0.0846,0.0229,0.0554,NA,FALSE,FALSE,FALSE,Heart failure,5,168383543,0.0172,977323,0.1832,Heart failure || id:ebi-a-GCST009541,Heart failure,Heart failure ||  || ,TRUE,igd,1030836,8.21E-09,168383543,0.0147,5,Atrial fibrillation,Atrial fibrillation || id:ebi-a-GCST006414,TRUE,reported,igd,2,1,TRUE
60,rs62521286,G,A,G,A,0.1202,0.0227,0.0663,NA,FALSE,FALSE,FALSE,Heart failure,8,124551975,0.0159,977323,0.1518,Heart failure || id:ebi-a-GCST009541,Heart failure,Heart failure ||  || ,TRUE,igd,1030836,4.50E-19,124551975,0.0135,8,Atrial fibrillation,Atrial fibrillation || id:ebi-a-GCST006414,TRUE,reported,igd,2,1,TRUE
61,rs6462079,A,G,A,G,0.0466,0.0025,0.7208,NA,FALSE,FALSE,FALSE,Heart failure,7,28415827,0.0091,977323,0.785301,Heart failure || id:ebi-a-GCST009541,Heart failure,Heart failure ||  || ,TRUE,igd,1030836,8.79E-10,28415827,0.0076,7,Atrial fibrillation,Atrial fibrillation || id:ebi-a-GCST006414,TRUE,reported,igd,2,1,TRUE
62,rs6546620,C,T,C,T,0.0602,-0.0025,0.7999,NA,FALSE,FALSE,FALSE,Heart failure,2,26159940,0.0103,977323,0.8083,Heart failure || id:ebi-a-GCST009541,Heart failure,Heart failure ||  || ,TRUE,igd,1030836,3.19E-12,26159940,0.0086,2,Atrial fibrillation,Atrial fibrillation || id:ebi-a-GCST006414,TRUE,reported,igd,2,1,TRUE
63,rs6560886,C,T,C,T,0.051,-0.0152,0.7884,NA,FALSE,FALSE,FALSE,Heart failure,12,133150210,0.0104,977323,0.1443,Heart failure || id:ebi-a-GCST009541,Heart failure,Heart failure ||  || ,TRUE,igd,1030836,1.49E-08,133150210,0.009,12,Atrial fibrillation,Atrial fibrillation || id:ebi-a-GCST006414,TRUE,reported,igd,2,1,TRUE
64,rs6580277,G,A,G,A,0.067,0.0307,0.2369,NA,FALSE,FALSE,FALSE,Heart failure,5,142818123,0.0093,977323,0.000959202,Heart failure || id:ebi-a-GCST009541,Heart failure,Heart failure ||  || ,TRUE,igd,1030836,1.64E-17,142818123,0.0079,5,Atrial fibrillation,Atrial fibrillation || id:ebi-a-GCST006414,TRUE,reported,igd,2,1,TRUE
65,rs6596717,A,C,A,C,-0.0404,0.0037,0.6049,NA,FALSE,FALSE,FALSE,Heart failure,5,106427609,0.008,977323,0.6446,Heart failure || id:ebi-a-GCST009541,Heart failure,Heart failure ||  || ,TRUE,igd,1030836,3.00E-09,106427609,0.0068,5,Atrial fibrillation,Atrial fibrillation || id:ebi-a-GCST006414,TRUE,reported,igd,2,1,TRUE
66,rs6665642,T,C,T,C,-0.062,-0.0167,0.1176,NA,FALSE,FALSE,FALSE,Heart failure,1,154802139,0.013,977323,0.2,Heart failure || id:ebi-a-GCST009541,Heart failure,Heart failure ||  || ,TRUE,igd,1030836,3.06E-08,154802139,0.0112,1,Atrial fibrillation,Atrial fibrillation || id:ebi-a-GCST006414,TRUE,reported,igd,2,1,TRUE
67,rs6689306,G,A,G,A,-0.046,-0.0234,0.5872,NA,FALSE,FALSE,FALSE,Heart failure,1,154395946,0.008,977323,0.00351002,Heart failure || id:ebi-a-GCST009541,Heart failure,Heart failure ||  || ,TRUE,igd,1030836,1.36E-11,154395946,0.0068,1,Atrial fibrillation,Atrial fibrillation || id:ebi-a-GCST006414,TRUE,reported,igd,2,1,TRUE
68,rs6747542,C,T,C,T,-0.0554,-0.0278,0.4642,NA,FALSE,FALSE,FALSE,Heart failure,2,70106832,0.0079,977323,0.000393604,Heart failure || id:ebi-a-GCST009541,Heart failure,Heart failure ||  || ,TRUE,igd,1030836,1.10E-16,70106832,0.0067,2,Atrial fibrillation,Atrial fibrillation || id:ebi-a-GCST006414,TRUE,reported,igd,2,1,TRUE
69,rs6771054,C,T,C,T,-0.0457,-0.0014,0.4035,NA,FALSE,FALSE,FALSE,Heart failure,3,89489529,0.0081,977323,0.8584,Heart failure || id:ebi-a-GCST009541,Heart failure,Heart failure ||  || ,TRUE,igd,1030836,2.42E-11,89489529,0.0068,3,Atrial fibrillation,Atrial fibrillation || id:ebi-a-GCST006414,TRUE,reported,igd,2,1,TRUE
70,rs6838973,T,C,T,C,-0.1514,-0.0284,0.4406,NA,FALSE,FALSE,FALSE,Heart failure,4,111765495,0.008,977323,0.000367096,Heart failure || id:ebi-a-GCST009541,Heart failure,Heart failure ||  || ,TRUE,igd,1030836,1.03E-111,111765495,0.0067,4,Atrial fibrillation,Atrial fibrillation || id:ebi-a-GCST006414,TRUE,reported,igd,2,1,TRUE
71,rs6882776,A,G,A,G,-0.0711,-0.0302,0.2835,NA,FALSE,FALSE,FALSE,Heart failure,5,172664163,0.0088,977323,0.000610801,Heart failure || id:ebi-a-GCST009541,Heart failure,Heart failure ||  || ,TRUE,igd,1030836,9.64E-22,172664163,0.0074,5,Atrial fibrillation,Atrial fibrillation || id:ebi-a-GCST006414,TRUE,reported,igd,2,1,TRUE
72,rs6994744,C,A,C,A,0.0405,0.011,0.4954,NA,FALSE,FALSE,FALSE,Heart failure,8,141740868,0.0078,977323,0.1597,Heart failure || id:ebi-a-GCST009541,Heart failure,Heart failure ||  || ,TRUE,igd,1030836,1.09E-09,141740868,0.0066,8,Atrial fibrillation,Atrial fibrillation || id:ebi-a-GCST006414,TRUE,reported,igd,2,1,TRUE
73,rs71454237,A,G,A,G,-0.062,-0.0119,0.209,NA,FALSE,FALSE,FALSE,Heart failure,12,70013415,0.0099,977323,0.2269,Heart failure || id:ebi-a-GCST009541,Heart failure,Heart failure ||  || ,TRUE,igd,1030836,1.78E-13,70013415,0.0084,12,Atrial fibrillation,Atrial fibrillation || id:ebi-a-GCST006414,TRUE,reported,igd,2,1,TRUE
74,rs7172038,G,T,G,T,0.112,-0.0021,0.1597,NA,FALSE,FALSE,FALSE,Heart failure,15,73667255,0.0107,977323,0.8457,Heart failure || id:ebi-a-GCST009541,Heart failure,Heart failure ||  || ,TRUE,igd,1030836,4.78E-36,73667255,0.0089,15,Atrial fibrillation,Atrial fibrillation || id:ebi-a-GCST006414,TRUE,reported,igd,2,1,TRUE
75,rs7224711,T,C,T,C,-0.0365,-0.0306,0.5222,NA,FALSE,FALSE,FALSE,Heart failure,17,76772288,0.0078,977323,8.94E-05,Heart failure || id:ebi-a-GCST009541,Heart failure,Heart failure ||  || ,TRUE,igd,1030836,3.72E-08,76772288,0.0066,17,Atrial fibrillation,Atrial fibrillation || id:ebi-a-GCST006414,TRUE,reported,igd,2,1,TRUE
76,rs7225165,A,G,A,G,-0.0655,-0.0342,0.1133,NA,FALSE,FALSE,FALSE,Heart failure,17,1309850,0.013,977323,0.00834392,Heart failure || id:ebi-a-GCST009541,Heart failure,Heart failure ||  || ,TRUE,igd,1030836,3.20E-09,1309850,0.0111,17,Atrial fibrillation,Atrial fibrillation || id:ebi-a-GCST006414,TRUE,reported,igd,2,1,TRUE
77,rs72694603,T,C,T,C,-0.0553,-0.0147,0.3147,NA,FALSE,FALSE,FALSE,Heart failure,1,112458893,0.0085,977323,0.0816695,Heart failure || id:ebi-a-GCST009541,Heart failure,Heart failure ||  || ,TRUE,igd,1030836,2.26E-14,112458893,0.0072,1,Atrial fibrillation,Atrial fibrillation || id:ebi-a-GCST006414,TRUE,reported,igd,2,1,TRUE
78,rs72926475,A,G,A,G,-0.0683,-0.0151,0.1228,NA,FALSE,FALSE,FALSE,Heart failure,2,86594487,0.012,977323,0.2074,Heart failure || id:ebi-a-GCST009541,Heart failure,Heart failure ||  || ,TRUE,igd,1030836,2.37E-11,86594487,0.0102,2,Atrial fibrillation,Atrial fibrillation || id:ebi-a-GCST006414,TRUE,reported,igd,2,1,TRUE
79,rs72966339,T,C,T,C,-0.0616,-0.0045,0.3679,NA,FALSE,FALSE,FALSE,Heart failure,6,122398241,0.0082,977323,0.5784,Heart failure || id:ebi-a-GCST009541,Heart failure,Heart failure ||  || ,TRUE,igd,1030836,7.42E-19,122398241,0.0069,6,Atrial fibrillation,Atrial fibrillation || id:ebi-a-GCST006414,TRUE,reported,igd,2,1,TRUE
80,rs73041705,C,T,C,T,-0.0443,-0.0148,0.2985,NA,FALSE,FALSE,FALSE,Heart failure,3,24463235,0.0086,977323,0.0860498,Heart failure || id:ebi-a-GCST009541,Heart failure,Heart failure ||  || ,TRUE,igd,1030836,1.55E-09,24463235,0.0073,3,Atrial fibrillation,Atrial fibrillation || id:ebi-a-GCST006414,TRUE,reported,igd,2,1,TRUE
81,rs73366713,A,G,A,G,-0.1035,-0.0012,0.1396,NA,FALSE,FALSE,FALSE,Heart failure,6,16415751,0.0116,977323,0.9145,Heart failure || id:ebi-a-GCST009541,Heart failure,Heart failure ||  || ,TRUE,igd,1030836,1.53E-25,16415751,0.0099,6,Atrial fibrillation,Atrial fibrillation || id:ebi-a-GCST006414,TRUE,reported,igd,2,1,TRUE
82,rs74500426,T,G,T,G,-0.0921,-0.0091,0.0764,NA,FALSE,FALSE,FALSE,Heart failure,4,174642789,0.0144,977323,0.527,Heart failure || id:ebi-a-GCST009541,Heart failure,Heart failure ||  || ,TRUE,igd,1030836,4.29E-13,174642789,0.0127,4,Atrial fibrillation,Atrial fibrillation || id:ebi-a-GCST006414,TRUE,reported,igd,2,1,TRUE
83,rs74832855,G,A,G,A,0.1216,0.0052,0.0369,NA,FALSE,FALSE,FALSE,Heart failure,1,170171598,0.0212,977323,0.8068,Heart failure || id:ebi-a-GCST009541,Heart failure,Heart failure ||  || ,TRUE,igd,1030836,1.43E-11,170171598,0.018,1,Atrial fibrillation,Atrial fibrillation || id:ebi-a-GCST006414,TRUE,reported,igd,2,1,TRUE
84,rs74884082,T,C,T,C,-0.0493,-0.0153,0.2495,NA,FALSE,FALSE,FALSE,Heart failure,14,73249419,0.0092,977323,0.0977305,Heart failure || id:ebi-a-GCST009541,Heart failure,Heart failure ||  || ,TRUE,igd,1030836,3.48E-10,73249419,0.0078,14,Atrial fibrillation,Atrial fibrillation || id:ebi-a-GCST006414,TRUE,reported,igd,2,1,TRUE
85,rs74910854,G,A,G,A,0.09,0.0587,0.0693,NA,FALSE,FALSE,FALSE,Heart failure,7,74110705,0.0207,977323,0.00459304,Heart failure || id:ebi-a-GCST009541,Heart failure,Heart failure ||  || ,TRUE,igd,1030836,4.31E-08,74110705,0.0164,7,Atrial fibrillation,Atrial fibrillation || id:ebi-a-GCST006414,TRUE,reported,igd,2,1,TRUE
86,rs7508,A,G,A,G,0.0711,0.012,0.7109,NA,FALSE,FALSE,FALSE,Heart failure,8,17913970,0.0088,977323,0.171,Heart failure || id:ebi-a-GCST009541,Heart failure,Heart failure ||  || ,TRUE,igd,1030836,1.69E-21,17913970,0.0075,8,Atrial fibrillation,Atrial fibrillation || id:ebi-a-GCST006414,TRUE,reported,igd,2,1,TRUE
87,rs7529220,C,T,C,T,0.0621,-0.0051,0.8469,NA,FALSE,FALSE,FALSE,Heart failure,1,22282619,0.0115,977323,0.6555,Heart failure || id:ebi-a-GCST009541,Heart failure,Heart failure ||  || ,TRUE,igd,1030836,1.98E-10,22282619,0.0098,1,Atrial fibrillation,Atrial fibrillation || id:ebi-a-GCST006414,TRUE,reported,igd,2,1,TRUE
88,rs7574892,A,G,A,G,0.0552,0.0057,0.4847,NA,FALSE,FALSE,FALSE,Heart failure,2,175512820,0.0078,977323,0.4633,Heart failure || id:ebi-a-GCST009541,Heart failure,Heart failure ||  || ,TRUE,igd,1030836,1.98E-16,175512820,0.0067,2,Atrial fibrillation,Atrial fibrillation || id:ebi-a-GCST006414,TRUE,reported,igd,2,1,TRUE
89,rs76097649,A,G,A,G,0.1151,0.0083,0.0933,NA,FALSE,FALSE,FALSE,Heart failure,11,128764570,0.0145,977323,0.566301,Heart failure || id:ebi-a-GCST009541,Heart failure,Heart failure ||  || ,TRUE,igd,1030836,1.26E-20,128764570,0.0124,11,Atrial fibrillation,Atrial fibrillation || id:ebi-a-GCST006414,TRUE,reported,igd,2,1,TRUE
90,rs7612445,T,G,T,G,0.0493,0.0047,0.1879,NA,FALSE,FALSE,FALSE,Heart failure,3,179172979,0.0101,977323,0.642899,Heart failure || id:ebi-a-GCST009541,Heart failure,Heart failure ||  || ,TRUE,igd,1030836,4.81E-09,179172979,0.0084,3,Atrial fibrillation,Atrial fibrillation || id:ebi-a-GCST006414,TRUE,reported,igd,2,1,TRUE
91,rs77316573,T,C,T,C,0.0529,-0.0039,0.1991,NA,FALSE,FALSE,FALSE,Heart failure,16,2265271,0.0104,977323,0.708,Heart failure || id:ebi-a-GCST009541,Heart failure,Heart failure ||  || ,TRUE,igd,1030836,3.26E-09,2265271,0.0089,16,Atrial fibrillation,Atrial fibrillation || id:ebi-a-GCST006414,TRUE,reported,igd,2,1,TRUE
92,rs775498,G,A,G,A,0.0423,0.003,0.2798,NA,FALSE,FALSE,FALSE,Heart failure,12,70071513,0.0087,977323,0.7304,Heart failure || id:ebi-a-GCST009541,Heart failure,Heart failure ||  || ,TRUE,igd,1030836,1.05E-08,70071513,0.0074,12,Atrial fibrillation,Atrial fibrillation || id:ebi-a-GCST006414,TRUE,reported,igd,2,1,TRUE
93,rs7789146,A,G,A,G,-0.0584,-0.0322,0.1787,NA,FALSE,FALSE,FALSE,Heart failure,7,150661409,0.0103,977323,0.00178,Heart failure || id:ebi-a-GCST009541,Heart failure,Heart failure ||  || ,TRUE,igd,1030836,2.12E-11,150661409,0.0087,7,Atrial fibrillation,Atrial fibrillation || id:ebi-a-GCST006414,TRUE,reported,igd,2,1,TRUE
94,rs7915134,T,C,T,C,-0.1168,-0.0634,0.1439,NA,FALSE,FALSE,FALSE,Heart failure,10,75420180,0.0113,977323,1.83E-08,Heart failure || id:ebi-a-GCST009541,Heart failure,Heart failure ||  || ,TRUE,igd,1030836,1.42E-34,75420180,0.0095,10,Atrial fibrillation,Atrial fibrillation || id:ebi-a-GCST006414,TRUE,reported,igd,2,1,TRUE
95,rs79187193,A,G,A,G,-0.1162,-0.0178,0.0569,NA,FALSE,FALSE,FALSE,Heart failure,1,147255831,0.0172,977323,0.301,Heart failure || id:ebi-a-GCST009541,Heart failure,Heart failure ||  || ,TRUE,igd,1030836,3.15E-14,147255831,0.0153,1,Atrial fibrillation,Atrial fibrillation || id:ebi-a-GCST006414,TRUE,reported,igd,2,1,TRUE
96,rs8088085,C,A,C,A,-0.0365,-0.0253,0.4646,NA,FALSE,FALSE,FALSE,Heart failure,18,48708548,0.0078,977323,0.00121001,Heart failure || id:ebi-a-GCST009541,Heart failure,Heart failure ||  || ,TRUE,igd,1030836,4.79E-08,48708548,0.0067,18,Atrial fibrillation,Atrial fibrillation || id:ebi-a-GCST006414,TRUE,reported,igd,2,1,TRUE
97,rs883079,T,C,T,C,0.0981,0.0176,0.7074,NA,FALSE,FALSE,FALSE,Heart failure,12,114793240,0.0087,977323,0.0439097,Heart failure || id:ebi-a-GCST009541,Heart failure,Heart failure ||  || ,TRUE,igd,1030836,2.84E-40,114793240,0.0074,12,Atrial fibrillation,Atrial fibrillation || id:ebi-a-GCST006414,TRUE,reported,igd,2,1,TRUE
98,rs9506925,T,C,T,C,0.0449,0.0041,0.2669,NA,FALSE,FALSE,FALSE,Heart failure,13,23368943,0.0089,977323,0.643899,Heart failure || id:ebi-a-GCST009541,Heart failure,Heart failure ||  || ,TRUE,igd,1030836,2.72E-09,23368943,0.0075,13,Atrial fibrillation,Atrial fibrillation || id:ebi-a-GCST006414,TRUE,reported,igd,2,1,TRUE
99,rs9953366,C,T,C,T,0.049,0.0259,0.6631,NA,FALSE,FALSE,FALSE,Heart failure,18,46474192,0.0086,977323,0.00250098,Heart failure || id:ebi-a-GCST009541,Heart failure,Heart failure ||  || ,TRUE,igd,1030836,1.82E-11,46474192,0.0073,18,Atrial fibrillation,Atrial fibrillation || id:ebi-a-GCST006414,TRUE,reported,igd,2,1,TRUE
