,SNP,effect_allele.exposure,other_allele.exposure,effect_allele.outcome,other_allele.outcome,beta.exposure,beta.outcome,eaf.exposure,eaf.outcome,remove,palindromic,ambiguous,id.outcome,chr,pos,se.outcome,samplesize.outcome,pval.outcome,outcome,originalname.outcome,outcome.deprecated,mr_keep.outcome,data_source.outcome,samplesize.exposure,pval.exposure,pos.exposure,se.exposure,chr.exposure,id.exposure,exposure,mr_keep.exposure,pval_origin.exposure,data_source.exposure,action,SNP_index,mr_keep
1,rs10141892,C,T,C,T,-0.0452,-0.0238,0.5833,0.638797,FALSE,FALSE,FALSE,Stroke,14,35184323,0.0092,484121,0.00990695,Ischemic stroke || id:ebi-a-GCST90018864,Ischemic stroke,Ischemic stroke ||  || ,TRUE,igd,1030836,2.95E-11,35184323,0.0068,14,Atrial fibrillation,Atrial fibrillation || id:ebi-a-GCST006414,TRUE,reported,igd,2,1,TRUE
2,rs10213171,G,C,G,C,0.091,0.0282,0.0609,0.0721973,FALSE,TRUE,FALSE,Stroke,4,148937537,0.0153,484121,0.0648396,Ischemic stroke || id:ebi-a-GCST90018864,Ischemic stroke,Ischemic stroke ||  || ,TRUE,igd,1030836,1.32E-11,148937537,0.0134,4,Atrial fibrillation,Atrial fibrillation || id:ebi-a-GCST006414,TRUE,reported,igd,2,1,TRUE
3,rs10458662,G,T,G,T,0.0544,-0.0061,0.1722,0.266789,FALSE,FALSE,FALSE,Stroke,10,77936670,0.0093,484121,0.510301,Ischemic stroke || id:ebi-a-GCST90018864,Ischemic stroke,Ischemic stroke ||  || ,TRUE,igd,1030836,6.93E-10,77936670,0.0088,10,Atrial fibrillation,Atrial fibrillation || id:ebi-a-GCST006414,TRUE,reported,igd,2,1,TRUE
4,rs10520002,A,G,A,G,0.0626,0.0398,0.0988,0.0845501,FALSE,FALSE,FALSE,Stroke,5,127819132,0.0177,484121,0.0245601,Ischemic stroke || id:ebi-a-GCST90018864,Ischemic stroke,Ischemic stroke ||  || ,TRUE,igd,1030836,2.85E-08,127819132,0.0113,5,Atrial fibrillation,Atrial fibrillation || id:ebi-a-GCST006414,TRUE,reported,igd,2,1,TRUE
5,rs10520260,G,A,G,A,-0.0457,-0.012,0.3214,0.320165,FALSE,FALSE,FALSE,Stroke,4,174447349,0.0094,484121,0.2024,Ischemic stroke || id:ebi-a-GCST90018864,Ischemic stroke,Ischemic stroke ||  || ,TRUE,igd,1030836,3.36E-10,174447349,0.0073,4,Atrial fibrillation,Atrial fibrillation || id:ebi-a-GCST006414,TRUE,reported,igd,2,1,TRUE
6,rs10753933,G,T,G,T,-0.0609,-0.0131,0.5518,0.499921,FALSE,FALSE,FALSE,Stroke,1,203026214,0.009,484121,0.1448,Ischemic stroke || id:ebi-a-GCST90018864,Ischemic stroke,Ischemic stroke ||  || ,TRUE,igd,1030836,9.84E-20,203026214,0.0067,1,Atrial fibrillation,Atrial fibrillation || id:ebi-a-GCST006414,TRUE,reported,igd,2,1,TRUE
7,rs10773657,A,C,A,C,-0.0575,-0.0132,0.862,0.851265,FALSE,FALSE,FALSE,Stroke,12,123327900,0.0108,484121,0.2185,Ischemic stroke || id:ebi-a-GCST90018864,Ischemic stroke,Ischemic stroke ||  || ,TRUE,igd,1030836,2.54E-08,123327900,0.0103,12,Atrial fibrillation,Atrial fibrillation || id:ebi-a-GCST006414,TRUE,reported,igd,2,1,TRUE
8,rs10804493,A,G,A,G,0.0558,-1.00E-04,0.6505,0.614136,FALSE,FALSE,FALSE,Stroke,3,111554426,0.0085,484121,0.9872,Ischemic stroke || id:ebi-a-GCST90018864,Ischemic stroke,Ischemic stroke ||  || ,TRUE,igd,1030836,1.63E-15,111554426,0.007,3,Atrial fibrillation,Atrial fibrillation || id:ebi-a-GCST006414,TRUE,reported,igd,2,1,TRUE
9,rs10821415,A,C,A,C,0.0821,-0.0045,0.4132,0.364429,FALSE,FALSE,FALSE,Stroke,9,97713459,0.0092,484121,0.6222,Ischemic stroke || id:ebi-a-GCST90018864,Ischemic stroke,Ischemic stroke ||  || ,TRUE,igd,1030836,2.92E-34,97713459,0.0067,9,Atrial fibrillation,Atrial fibrillation || id:ebi-a-GCST006414,TRUE,reported,igd,2,1,TRUE
10,rs10842383,T,C,T,C,-0.0988,-0.0526,0.1478,0.133664,FALSE,FALSE,FALSE,Stroke,12,24771967,0.0128,484121,3.71E-05,Ischemic stroke || id:ebi-a-GCST90018864,Ischemic stroke,Ischemic stroke ||  || ,TRUE,igd,1030836,2.88E-25,24771967,0.0095,12,Atrial fibrillation,Atrial fibrillation || id:ebi-a-GCST006414,TRUE,reported,igd,2,1,TRUE
11,rs11191116,T,C,T,C,-0.041,0.0074,0.348,0.315854,FALSE,FALSE,FALSE,Stroke,10,103555611,0.0095,484121,0.4408,Ischemic stroke || id:ebi-a-GCST90018864,Ischemic stroke,Ischemic stroke ||  || ,TRUE,igd,1030836,4.42E-09,103555611,0.007,10,Atrial fibrillation,Atrial fibrillation || id:ebi-a-GCST006414,TRUE,reported,igd,2,1,TRUE
12,rs11264280,T,C,T,C,0.1347,0.0092,0.333,0.269937,FALSE,FALSE,FALSE,Stroke,1,154862952,0.0115,484121,0.4233,Ischemic stroke || id:ebi-a-GCST90018864,Ischemic stroke,Ischemic stroke ||  || ,TRUE,igd,1030836,3.07E-79,154862952,0.0071,1,Atrial fibrillation,Atrial fibrillation || id:ebi-a-GCST006414,TRUE,reported,igd,2,1,TRUE
13,rs11598047,G,A,G,A,0.1537,0.0339,0.1621,0.122527,FALSE,FALSE,FALSE,Stroke,10,105342672,0.0139,484121,0.0147601,Ischemic stroke || id:ebi-a-GCST90018864,Ischemic stroke,Ischemic stroke ||  || ,TRUE,igd,1030836,8.95E-66,105342672,0.009,10,Atrial fibrillation,Atrial fibrillation || id:ebi-a-GCST006414,TRUE,reported,igd,2,1,TRUE
14,rs11773845,A,C,A,C,0.1054,0.0024,0.5856,0.605309,FALSE,FALSE,FALSE,Stroke,7,116191301,0.0087,484121,0.782299,Ischemic stroke || id:ebi-a-GCST90018864,Ischemic stroke,Ischemic stroke ||  || ,TRUE,igd,1030836,2.39E-55,116191301,0.0067,7,Atrial fibrillation,Atrial fibrillation || id:ebi-a-GCST006414,TRUE,reported,igd,2,1,TRUE
15,rs117984853,T,G,T,G,0.1228,0.0066,0.1013,0.101153,FALSE,FALSE,FALSE,Stroke,6,149399100,0.0216,484121,0.7586,Ischemic stroke || id:ebi-a-GCST90018864,Ischemic stroke,Ischemic stroke ||  || ,TRUE,igd,1030836,1.34E-24,149399100,0.012,6,Atrial fibrillation,Atrial fibrillation || id:ebi-a-GCST006414,TRUE,reported,igd,2,1,TRUE
16,rs12245149,A,C,A,C,-0.047,0.0018,0.4739,0.44223,FALSE,FALSE,FALSE,Stroke,10,65321147,0.0087,484121,0.8374,Ischemic stroke || id:ebi-a-GCST90018864,Ischemic stroke,Ischemic stroke ||  || ,TRUE,igd,1030836,1.66E-12,65321147,0.0067,10,Atrial fibrillation,Atrial fibrillation || id:ebi-a-GCST006414,TRUE,reported,igd,2,1,TRUE
17,rs12426679,T,C,T,C,-0.0391,0.007,0.5278,0.42416,FALSE,FALSE,FALSE,Stroke,12,76237987,0.0101,484121,0.4872,Ischemic stroke || id:ebi-a-GCST90018864,Ischemic stroke,Ischemic stroke ||  || ,TRUE,igd,1030836,4.95E-09,76237987,0.0067,12,Atrial fibrillation,Atrial fibrillation || id:ebi-a-GCST006414,TRUE,reported,igd,2,1,TRUE
18,rs1278493,A,G,A,G,-0.0389,-0.0099,0.5645,0.446298,FALSE,FALSE,FALSE,Stroke,3,135814009,0.0098,484121,0.3123,Ischemic stroke || id:ebi-a-GCST90018864,Ischemic stroke,Ischemic stroke ||  || ,TRUE,igd,1030836,8.77E-09,135814009,0.0068,3,Atrial fibrillation,Atrial fibrillation || id:ebi-a-GCST006414,TRUE,reported,igd,2,1,TRUE
19,rs133885,A,G,A,G,0.0405,1.00E-04,0.4377,0.540464,FALSE,FALSE,FALSE,Stroke,22,26159289,0.0097,484121,0.9957,Ischemic stroke || id:ebi-a-GCST90018864,Ischemic stroke,Ischemic stroke ||  || ,TRUE,igd,1030836,2.22E-09,26159289,0.0068,22,Atrial fibrillation,Atrial fibrillation || id:ebi-a-GCST006414,TRUE,reported,igd,2,1,TRUE
20,rs140185678,A,G,A,G,0.1659,0.0011,0.0351,0.037671,FALSE,FALSE,FALSE,Stroke,16,2003016,0.0348,484121,0.9758,Ischemic stroke || id:ebi-a-GCST90018864,Ischemic stroke,Ischemic stroke ||  || ,TRUE,igd,1030836,2.43E-14,2003016,0.0218,16,Atrial fibrillation,Atrial fibrillation || id:ebi-a-GCST006414,TRUE,reported,igd,2,1,TRUE
21,rs1458038,T,C,T,C,0.0434,0.0461,0.3087,0.314348,FALSE,FALSE,FALSE,Stroke,4,81164723,0.0089,484121,2.25E-07,Ischemic stroke || id:ebi-a-GCST90018864,Ischemic stroke,Ischemic stroke ||  || ,TRUE,igd,1030836,1.74E-09,81164723,0.0072,4,Atrial fibrillation,Atrial fibrillation || id:ebi-a-GCST006414,TRUE,reported,igd,2,1,TRUE
22,rs146518726,A,G,A,G,0.1605,0.0122,0.0328,0.0234249,FALSE,FALSE,FALSE,Stroke,1,51535039,0.0425,484121,0.773499,Ischemic stroke || id:ebi-a-GCST90018864,Ischemic stroke,Ischemic stroke ||  || ,TRUE,igd,1030836,8.27E-15,51535039,0.0207,1,Atrial fibrillation,Atrial fibrillation || id:ebi-a-GCST006414,TRUE,reported,igd,2,1,TRUE
23,rs1563304,T,C,T,C,0.0644,0.0214,0.178,0.166152,FALSE,FALSE,FALSE,Stroke,17,44874453,0.0189,484121,0.2572,Ischemic stroke || id:ebi-a-GCST90018864,Ischemic stroke,Ischemic stroke ||  || ,TRUE,igd,1030836,2.56E-12,44874453,0.0092,17,Atrial fibrillation,Atrial fibrillation || id:ebi-a-GCST006414,TRUE,reported,igd,2,1,TRUE
24,rs17171711,T,C,T,C,0.1086,7.00E-04,0.1775,0.137168,FALSE,FALSE,FALSE,Stroke,5,137364795,0.0171,484121,0.9684,Ischemic stroke || id:ebi-a-GCST90018864,Ischemic stroke,Ischemic stroke ||  || ,TRUE,igd,1030836,1.95E-35,137364795,0.0087,5,Atrial fibrillation,Atrial fibrillation || id:ebi-a-GCST006414,TRUE,reported,igd,2,1,TRUE
25,rs17380837,T,C,T,C,-0.0501,0.0018,0.307,0.314163,FALSE,FALSE,FALSE,Stroke,12,26345526,0.009,484121,0.8426,Ischemic stroke || id:ebi-a-GCST90018864,Ischemic stroke,Ischemic stroke ||  || ,TRUE,igd,1030836,4.80E-12,26345526,0.0072,12,Atrial fibrillation,Atrial fibrillation || id:ebi-a-GCST006414,TRUE,reported,igd,2,1,TRUE
26,rs1838747,G,A,G,A,0.0391,0.0161,0.4954,0.486803,FALSE,FALSE,FALSE,Stroke,5,114426668,0.0084,484121,0.0565301,Ischemic stroke || id:ebi-a-GCST90018864,Ischemic stroke,Ischemic stroke ||  || ,TRUE,igd,1030836,4.13E-09,114426668,0.0067,5,Atrial fibrillation,Atrial fibrillation || id:ebi-a-GCST006414,TRUE,reported,igd,2,1,TRUE
27,rs1906615,T,G,T,G,0.3658,0.0411,0.1991,0.331145,FALSE,FALSE,FALSE,Stroke,4,111701798,0.0094,484121,1.21E-05,Ischemic stroke || id:ebi-a-GCST90018864,Ischemic stroke,Ischemic stroke ||  || ,TRUE,igd,1030836,1.00E-200,111701798,0.0081,4,Atrial fibrillation,Atrial fibrillation || id:ebi-a-GCST006414,TRUE,reported,igd,2,1,TRUE
28,rs2031522,G,A,G,A,-0.0436,9.00E-04,0.3764,0.401607,FALSE,FALSE,FALSE,Stroke,6,87821501,0.0085,484121,0.9124,Ischemic stroke || id:ebi-a-GCST90018864,Ischemic stroke,Ischemic stroke ||  || ,TRUE,igd,1030836,1.47E-10,87821501,0.0068,6,Atrial fibrillation,Atrial fibrillation || id:ebi-a-GCST006414,TRUE,reported,igd,2,1,TRUE
29,rs2274115,G,A,G,A,0.0487,0.0082,0.7003,0.663412,FALSE,FALSE,FALSE,Stroke,9,139094773,0.009,484121,0.3576,Ischemic stroke || id:ebi-a-GCST90018864,Ischemic stroke,Ischemic stroke ||  || ,TRUE,igd,1030836,1.69E-10,139094773,0.0076,9,Atrial fibrillation,Atrial fibrillation || id:ebi-a-GCST006414,TRUE,reported,igd,2,1,TRUE
30,rs2288327,G,A,G,A,0.0919,0.0098,0.1564,0.279029,FALSE,FALSE,FALSE,Stroke,2,179411665,0.0094,484121,0.2943,Ischemic stroke || id:ebi-a-GCST90018864,Ischemic stroke,Ischemic stroke ||  || ,TRUE,igd,1030836,7.26E-25,179411665,0.0089,2,Atrial fibrillation,Atrial fibrillation || id:ebi-a-GCST006414,TRUE,reported,igd,2,1,TRUE
31,rs2359171,A,T,A,T,0.1746,0.0372,0.176,0.21569,FALSE,TRUE,FALSE,Stroke,16,73053022,0.0096,484121,0.000102301,Ischemic stroke || id:ebi-a-GCST90018864,Ischemic stroke,Ischemic stroke ||  || ,TRUE,igd,1030836,4.65E-91,73053022,0.0086,16,Atrial fibrillation,Atrial fibrillation || id:ebi-a-GCST006414,TRUE,reported,igd,2,1,TRUE
32,rs2540949,T,A,T,A,-0.0659,-0.0269,0.3847,0.353562,FALSE,TRUE,FALSE,Stroke,2,65284231,0.0089,484121,0.00242399,Ischemic stroke || id:ebi-a-GCST90018864,Ischemic stroke,Ischemic stroke ||  || ,TRUE,igd,1030836,2.95E-22,65284231,0.0068,2,Atrial fibrillation,Atrial fibrillation || id:ebi-a-GCST006414,TRUE,reported,igd,2,1,TRUE
33,rs2738413,G,A,G,A,-0.0778,-0.0037,0.5049,0.544606,FALSE,FALSE,FALSE,Stroke,14,64679960,0.0086,484121,0.6659,Ischemic stroke || id:ebi-a-GCST90018864,Ischemic stroke,Ischemic stroke ||  || ,TRUE,igd,1030836,2.55E-31,64679960,0.0067,14,Atrial fibrillation,Atrial fibrillation || id:ebi-a-GCST006414,TRUE,reported,igd,2,1,TRUE
34,rs2739197,G,C,G,C,0.116,0.0298,0.2458,0.254788,FALSE,TRUE,FALSE,Stroke,4,111543323,0.0155,484121,0.0545306,Ischemic stroke || id:ebi-a-GCST90018864,Ischemic stroke,Ischemic stroke ||  || ,TRUE,igd,1030836,3.20E-41,111543323,0.0086,4,Atrial fibrillation,Atrial fibrillation || id:ebi-a-GCST006414,TRUE,reported,igd,2,1,TRUE
35,rs2759301,A,G,A,G,0.039,0.03,0.4542,0.338029,FALSE,FALSE,FALSE,Stroke,15,80994288,0.0115,484121,0.00944496,Ischemic stroke || id:ebi-a-GCST90018864,Ischemic stroke,Ischemic stroke ||  || ,TRUE,igd,1030836,5.04E-09,80994288,0.0067,15,Atrial fibrillation,Atrial fibrillation || id:ebi-a-GCST006414,TRUE,reported,igd,2,1,TRUE
36,rs2834618,G,T,G,T,-0.0944,-0.0324,0.1056,0.0944974,FALSE,FALSE,FALSE,Stroke,21,36119111,0.0151,484121,0.0324004,Ischemic stroke || id:ebi-a-GCST90018864,Ischemic stroke,Ischemic stroke ||  || ,TRUE,igd,1030836,3.41E-17,36119111,0.0112,21,Atrial fibrillation,Atrial fibrillation || id:ebi-a-GCST006414,TRUE,reported,igd,2,1,TRUE
37,rs28387148,T,C,T,C,0.0741,0.0315,0.1051,0.0964036,FALSE,FALSE,FALSE,Stroke,2,127433465,0.0231,484121,0.1722,Ischemic stroke || id:ebi-a-GCST90018864,Ischemic stroke,Ischemic stroke ||  || ,TRUE,igd,1030836,6.25E-11,127433465,0.0113,2,Atrial fibrillation,Atrial fibrillation || id:ebi-a-GCST006414,TRUE,reported,igd,2,1,TRUE
38,rs284277,A,C,A,C,-0.0422,-0.0295,0.6174,0.508462,FALSE,FALSE,FALSE,Stroke,1,10790797,0.0098,484121,0.00263299,Ischemic stroke || id:ebi-a-GCST90018864,Ischemic stroke,Ischemic stroke ||  || ,TRUE,igd,1030836,1.25E-09,10790797,0.0069,1,Atrial fibrillation,Atrial fibrillation || id:ebi-a-GCST006414,TRUE,reported,igd,2,1,TRUE
39,rs2860482,C,A,C,A,-0.054,-0.0057,0.726,0.715918,FALSE,FALSE,FALSE,Stroke,12,57105938,0.0091,484121,0.5343,Ischemic stroke || id:ebi-a-GCST90018864,Ischemic stroke,Ischemic stroke ||  || ,TRUE,igd,1030836,1.21E-12,57105938,0.0076,12,Atrial fibrillation,Atrial fibrillation || id:ebi-a-GCST006414,TRUE,reported,igd,2,1,TRUE
40,rs28631169,T,C,T,C,0.0522,0.0255,0.1982,0.183682,FALSE,FALSE,FALSE,Stroke,14,23888183,0.0184,484121,0.1668,Ischemic stroke || id:ebi-a-GCST90018864,Ischemic stroke,Ischemic stroke ||  || ,TRUE,igd,1030836,5.35E-10,23888183,0.0084,14,Atrial fibrillation,Atrial fibrillation || id:ebi-a-GCST006414,TRUE,reported,igd,2,1,TRUE
41,rs2885697,T,G,T,G,-0.0439,-0.0024,0.6482,0.669207,FALSE,FALSE,FALSE,Stroke,1,41544279,0.0089,484121,0.792399,Ischemic stroke || id:ebi-a-GCST90018864,Ischemic stroke,Ischemic stroke ||  || ,TRUE,igd,1030836,2.88E-10,41544279,0.007,1,Atrial fibrillation,Atrial fibrillation || id:ebi-a-GCST006414,TRUE,reported,igd,2,1,TRUE
42,rs3176326,A,G,A,G,-0.0626,-0.0018,0.1982,0.168742,FALSE,FALSE,FALSE,Stroke,6,36647289,0.0124,484121,0.8856,Ischemic stroke || id:ebi-a-GCST90018864,Ischemic stroke,Ischemic stroke ||  || ,TRUE,igd,1030836,1.42E-13,36647289,0.0085,6,Atrial fibrillation,Atrial fibrillation || id:ebi-a-GCST006414,TRUE,reported,igd,2,1,TRUE
43,rs337705,G,T,G,T,0.0564,0.0155,0.3749,0.385365,FALSE,FALSE,FALSE,Stroke,5,113737062,0.0139,484121,0.2649,Ischemic stroke || id:ebi-a-GCST90018864,Ischemic stroke,Ischemic stroke ||  || ,TRUE,igd,1030836,1.63E-16,113737062,0.0068,5,Atrial fibrillation,Atrial fibrillation || id:ebi-a-GCST006414,TRUE,reported,igd,2,1,TRUE
44,rs34080181,A,G,A,G,-0.0446,-0.0069,0.379,0.33071,FALSE,FALSE,FALSE,Stroke,3,66454191,0.0097,484121,0.4762,Ischemic stroke || id:ebi-a-GCST90018864,Ischemic stroke,Ischemic stroke ||  || ,TRUE,igd,1030836,1.28E-10,66454191,0.0069,3,Atrial fibrillation,Atrial fibrillation || id:ebi-a-GCST006414,TRUE,reported,igd,2,1,TRUE
45,rs34936990,A,G,A,G,0.1294,0.023,0.1207,0.119869,FALSE,FALSE,FALSE,Stroke,10,105523416,0.0206,484121,0.2638,Ischemic stroke || id:ebi-a-GCST90018864,Ischemic stroke,Ischemic stroke ||  || ,TRUE,igd,1030836,2.95E-37,105523416,0.0101,10,Atrial fibrillation,Atrial fibrillation || id:ebi-a-GCST006414,TRUE,reported,igd,2,1,TRUE
46,rs34969716,A,G,A,G,0.0702,0.0142,0.3051,0.328547,FALSE,FALSE,FALSE,Stroke,6,18210109,0.0094,484121,0.1335,Ischemic stroke || id:ebi-a-GCST90018864,Ischemic stroke,Ischemic stroke ||  || ,TRUE,igd,1030836,1.60E-19,18210109,0.0078,6,Atrial fibrillation,Atrial fibrillation || id:ebi-a-GCST006414,TRUE,reported,igd,2,1,TRUE
47,rs35544454,T,A,T,A,-0.0589,-0.0068,0.1918,0.192217,FALSE,TRUE,FALSE,Stroke,2,213266003,0.017,484121,0.6891,Ischemic stroke || id:ebi-a-GCST90018864,Ischemic stroke,Ischemic stroke ||  || ,TRUE,igd,1030836,1.10E-11,213266003,0.0087,2,Atrial fibrillation,Atrial fibrillation || id:ebi-a-GCST006414,TRUE,reported,igd,2,1,TRUE
48,rs35569628,C,T,C,T,-0.0452,-0.0035,0.223,0.295796,FALSE,FALSE,FALSE,Stroke,13,113872712,0.0089,484121,0.695,Ischemic stroke || id:ebi-a-GCST90018864,Ischemic stroke,Ischemic stroke ||  || ,TRUE,igd,1030836,1.38E-08,113872712,0.008,13,Atrial fibrillation,Atrial fibrillation || id:ebi-a-GCST006414,TRUE,reported,igd,2,1,TRUE
49,rs35963991,T,G,T,G,0.0525,-0.0421,0.1494,0.143738,FALSE,FALSE,FALSE,Stroke,8,11495702,0.0199,484121,0.0346497,Ischemic stroke || id:ebi-a-GCST90018864,Ischemic stroke,Ischemic stroke ||  || ,TRUE,igd,1030836,2.80E-08,11495702,0.0095,8,Atrial fibrillation,Atrial fibrillation || id:ebi-a-GCST006414,TRUE,reported,igd,2,1,TRUE
50,rs3943207,T,G,T,G,-0.0638,-0.0166,0.1167,0.105832,FALSE,FALSE,FALSE,Stroke,8,21845619,0.0138,484121,0.2278,Ischemic stroke || id:ebi-a-GCST90018864,Ischemic stroke,Ischemic stroke ||  || ,TRUE,igd,1030836,6.92E-10,21845619,0.0103,8,Atrial fibrillation,Atrial fibrillation || id:ebi-a-GCST006414,TRUE,reported,igd,2,1,TRUE
51,rs4073778,A,C,A,C,0.0486,0.0028,0.5639,0.494345,FALSE,FALSE,FALSE,Stroke,1,116297758,0.0089,484121,0.7561,Ischemic stroke || id:ebi-a-GCST90018864,Ischemic stroke,Ischemic stroke ||  || ,TRUE,igd,1030836,4.96E-13,116297758,0.0067,1,Atrial fibrillation,Atrial fibrillation || id:ebi-a-GCST006414,TRUE,reported,igd,2,1,TRUE
52,rs4252627,T,C,T,C,-0.0415,-0.0169,0.6679,0.632394,FALSE,FALSE,FALSE,Stroke,17,37868715,0.0087,484121,0.0507996,Ischemic stroke || id:ebi-a-GCST90018864,Ischemic stroke,Ischemic stroke ||  || ,TRUE,igd,1030836,5.63E-09,37868715,0.0071,17,Atrial fibrillation,Atrial fibrillation || id:ebi-a-GCST006414,TRUE,reported,igd,2,1,TRUE
53,rs4587869,C,G,C,G,0.0716,0.01,0.2849,0.320033,FALSE,TRUE,FALSE,Stroke,14,32992334,0.0092,484121,0.2777,Ischemic stroke || id:ebi-a-GCST90018864,Ischemic stroke,Ischemic stroke ||  || ,TRUE,igd,1030836,1.19E-20,32992334,0.0077,14,Atrial fibrillation,Atrial fibrillation || id:ebi-a-GCST006414,TRUE,reported,igd,2,1,TRUE
54,rs4642101,G,T,G,T,0.0706,0.0201,0.6397,0.651886,FALSE,FALSE,FALSE,Stroke,3,12842223,0.0206,484121,0.3298,Ischemic stroke || id:ebi-a-GCST90018864,Ischemic stroke,Ischemic stroke ||  || ,TRUE,igd,1030836,2.95E-24,12842223,0.0069,3,Atrial fibrillation,Atrial fibrillation || id:ebi-a-GCST006414,TRUE,reported,igd,2,1,TRUE
55,rs464901,C,T,C,T,-0.0508,-0.0186,0.3353,0.320302,FALSE,FALSE,FALSE,Stroke,22,18597502,0.0092,484121,0.0418996,Ischemic stroke || id:ebi-a-GCST90018864,Ischemic stroke,Ischemic stroke ||  || ,TRUE,igd,1030836,1.53E-12,18597502,0.0072,22,Atrial fibrillation,Atrial fibrillation || id:ebi-a-GCST006414,TRUE,reported,igd,2,1,TRUE
56,rs4757877,G,A,G,A,-0.0723,-0.0085,0.7552,0.698036,FALSE,FALSE,FALSE,Stroke,11,20010291,0.009,484121,0.3463,Ischemic stroke || id:ebi-a-GCST90018864,Ischemic stroke,Ischemic stroke ||  || ,TRUE,igd,1030836,2.93E-20,20010291,0.0078,11,Atrial fibrillation,Atrial fibrillation || id:ebi-a-GCST006414,TRUE,reported,igd,2,1,TRUE
57,rs4935786,A,T,A,T,-0.0463,0.0028,0.7327,0.722223,FALSE,TRUE,FALSE,Stroke,11,121661507,0.0093,484121,0.765799,Ischemic stroke || id:ebi-a-GCST90018864,Ischemic stroke,Ischemic stroke ||  || ,TRUE,igd,1030836,4.85E-09,121661507,0.0079,11,Atrial fibrillation,Atrial fibrillation || id:ebi-a-GCST006414,TRUE,reported,igd,2,1,TRUE
58,rs4946333,G,A,G,A,0.0639,0.0061,0.4897,0.575913,FALSE,FALSE,FALSE,Stroke,6,118565665,0.0093,484121,0.5121,Ischemic stroke || id:ebi-a-GCST90018864,Ischemic stroke,Ischemic stroke ||  || ,TRUE,igd,1030836,5.47E-22,118565665,0.0066,6,Atrial fibrillation,Atrial fibrillation || id:ebi-a-GCST006414,TRUE,reported,igd,2,1,TRUE
59,rs4965430,G,C,G,C,-0.0441,-0.0047,0.6136,0.586461,FALSE,TRUE,FALSE,Stroke,15,99268850,0.0086,484121,0.5866,Ischemic stroke || id:ebi-a-GCST90018864,Ischemic stroke,Ischemic stroke ||  || ,TRUE,igd,1030836,1.26E-10,99268850,0.0069,15,Atrial fibrillation,Atrial fibrillation || id:ebi-a-GCST006414,TRUE,reported,igd,2,1,TRUE
60,rs55734480,A,G,A,G,0.0548,-0.0156,0.2494,0.28105,FALSE,FALSE,FALSE,Stroke,7,14372009,0.0093,484121,0.0916199,Ischemic stroke || id:ebi-a-GCST90018864,Ischemic stroke,Ischemic stroke ||  || ,TRUE,igd,1030836,2.20E-12,14372009,0.0078,7,Atrial fibrillation,Atrial fibrillation || id:ebi-a-GCST006414,TRUE,reported,igd,2,1,TRUE
61,rs55985730,G,T,G,T,0.0867,0.0184,0.06,0.0630236,FALSE,FALSE,FALSE,Stroke,7,128417044,0.0269,484121,0.4951,Ischemic stroke || id:ebi-a-GCST90018864,Ischemic stroke,Ischemic stroke ||  || ,TRUE,igd,1030836,5.24E-09,128417044,0.0149,7,Atrial fibrillation,Atrial fibrillation || id:ebi-a-GCST006414,TRUE,reported,igd,2,1,TRUE
62,rs56201652,A,G,A,G,-0.0531,-0.0201,0.267,0.197511,FALSE,FALSE,FALSE,Stroke,7,92278116,0.0145,484121,0.1654,Ischemic stroke || id:ebi-a-GCST90018864,Ischemic stroke,Ischemic stroke ||  || ,TRUE,igd,1030836,1.74E-12,92278116,0.0075,7,Atrial fibrillation,Atrial fibrillation || id:ebi-a-GCST006414,TRUE,reported,igd,2,1,TRUE
63,rs56326533,C,T,C,T,0.0685,-0.0101,0.3919,0.483026,FALSE,FALSE,FALSE,Stroke,2,201168758,0.0088,484121,0.2521,Ischemic stroke || id:ebi-a-GCST90018864,Ischemic stroke,Ischemic stroke ||  || ,TRUE,igd,1030836,6.28E-24,201168758,0.0068,2,Atrial fibrillation,Atrial fibrillation || id:ebi-a-GCST006414,TRUE,reported,igd,2,1,TRUE
64,rs577676,T,C,T,C,-0.0923,-0.0137,0.4383,0.432623,FALSE,FALSE,FALSE,Stroke,1,170587340,0.0084,484121,0.1047,Ischemic stroke || id:ebi-a-GCST90018864,Ischemic stroke,Ischemic stroke ||  || ,TRUE,igd,1030836,1.62E-43,170587340,0.0067,1,Atrial fibrillation,Atrial fibrillation || id:ebi-a-GCST006414,TRUE,reported,igd,2,1,TRUE
65,rs60902112,T,C,T,C,0.0445,0.0039,0.2262,0.316146,FALSE,FALSE,FALSE,Stroke,3,194800853,0.0091,484121,0.667899,Ischemic stroke || id:ebi-a-GCST90018864,Ischemic stroke,Ischemic stroke ||  || ,TRUE,igd,1030836,1.72E-08,194800853,0.0079,3,Atrial fibrillation,Atrial fibrillation || id:ebi-a-GCST006414,TRUE,reported,igd,2,1,TRUE
66,rs62254082,C,T,C,T,0.0404,0.0155,0.3865,0.464209,FALSE,FALSE,FALSE,Stroke,3,69417585,0.0091,484121,0.0897801,Ischemic stroke || id:ebi-a-GCST90018864,Ischemic stroke,Ischemic stroke ||  || ,TRUE,igd,1030836,6.34E-09,69417585,0.007,3,Atrial fibrillation,Atrial fibrillation || id:ebi-a-GCST006414,TRUE,reported,igd,2,1,TRUE
67,rs62377206,A,G,A,G,0.0846,0.0074,0.0554,0.0564797,FALSE,FALSE,FALSE,Stroke,5,168383543,0.0168,484121,0.6618,Ischemic stroke || id:ebi-a-GCST90018864,Ischemic stroke,Ischemic stroke ||  || ,TRUE,igd,1030836,8.21E-09,168383543,0.0147,5,Atrial fibrillation,Atrial fibrillation || id:ebi-a-GCST006414,TRUE,reported,igd,2,1,TRUE
68,rs62521286,G,A,G,A,0.1202,-0.0029,0.0663,0.0675123,FALSE,FALSE,FALSE,Stroke,8,124551975,0.0269,484121,0.9135,Ischemic stroke || id:ebi-a-GCST90018864,Ischemic stroke,Ischemic stroke ||  || ,TRUE,igd,1030836,4.50E-19,124551975,0.0135,8,Atrial fibrillation,Atrial fibrillation || id:ebi-a-GCST006414,TRUE,reported,igd,2,1,TRUE
69,rs6462079,A,G,A,G,0.0466,0.0388,0.7208,0.824697,FALSE,FALSE,FALSE,Stroke,7,28415827,0.0165,484121,0.0186102,Ischemic stroke || id:ebi-a-GCST90018864,Ischemic stroke,Ischemic stroke ||  || ,TRUE,igd,1030836,8.79E-10,28415827,0.0076,7,Atrial fibrillation,Atrial fibrillation || id:ebi-a-GCST006414,TRUE,reported,igd,2,1,TRUE
70,rs6546620,C,T,C,T,0.0602,0.0135,0.7999,0.616268,FALSE,FALSE,FALSE,Stroke,2,26159940,0.0114,484121,0.238,Ischemic stroke || id:ebi-a-GCST90018864,Ischemic stroke,Ischemic stroke ||  || ,TRUE,igd,1030836,3.19E-12,26159940,0.0086,2,Atrial fibrillation,Atrial fibrillation || id:ebi-a-GCST006414,TRUE,reported,igd,2,1,TRUE
71,rs6560886,C,T,C,T,0.051,-0.0072,0.7884,0.813508,FALSE,FALSE,FALSE,Stroke,12,133150210,0.018,484121,0.687999,Ischemic stroke || id:ebi-a-GCST90018864,Ischemic stroke,Ischemic stroke ||  || ,TRUE,igd,1030836,1.49E-08,133150210,0.009,12,Atrial fibrillation,Atrial fibrillation || id:ebi-a-GCST006414,TRUE,reported,igd,2,1,TRUE
72,rs6580277,G,A,G,A,0.067,0.0014,0.2369,0.178585,FALSE,FALSE,FALSE,Stroke,5,142818123,0.0149,484121,0.9256,Ischemic stroke || id:ebi-a-GCST90018864,Ischemic stroke,Ischemic stroke ||  || ,TRUE,igd,1030836,1.64E-17,142818123,0.0079,5,Atrial fibrillation,Atrial fibrillation || id:ebi-a-GCST006414,TRUE,reported,igd,2,1,TRUE
73,rs6596717,A,C,A,C,-0.0404,7.00E-04,0.6049,0.662514,FALSE,FALSE,FALSE,Stroke,5,106427609,0.0094,484121,0.9442,Ischemic stroke || id:ebi-a-GCST90018864,Ischemic stroke,Ischemic stroke ||  || ,TRUE,igd,1030836,3.00E-09,106427609,0.0068,5,Atrial fibrillation,Atrial fibrillation || id:ebi-a-GCST006414,TRUE,reported,igd,2,1,TRUE
74,rs6665642,T,C,T,C,-0.062,-0.0038,0.1176,0.125522,FALSE,FALSE,FALSE,Stroke,1,154802139,0.0123,484121,0.760001,Ischemic stroke || id:ebi-a-GCST90018864,Ischemic stroke,Ischemic stroke ||  || ,TRUE,igd,1030836,3.06E-08,154802139,0.0112,1,Atrial fibrillation,Atrial fibrillation || id:ebi-a-GCST006414,TRUE,reported,igd,2,1,TRUE
75,rs6689306,G,A,G,A,-0.046,-0.0125,0.5872,0.54483,FALSE,FALSE,FALSE,Stroke,1,154395946,0.0085,484121,0.1401,Ischemic stroke || id:ebi-a-GCST90018864,Ischemic stroke,Ischemic stroke ||  || ,TRUE,igd,1030836,1.36E-11,154395946,0.0068,1,Atrial fibrillation,Atrial fibrillation || id:ebi-a-GCST006414,TRUE,reported,igd,2,1,TRUE
76,rs6747542,C,T,C,T,-0.0554,-0.0011,0.4642,0.532387,FALSE,FALSE,FALSE,Stroke,2,70106832,0.0088,484121,0.8978,Ischemic stroke || id:ebi-a-GCST90018864,Ischemic stroke,Ischemic stroke ||  || ,TRUE,igd,1030836,1.10E-16,70106832,0.0067,2,Atrial fibrillation,Atrial fibrillation || id:ebi-a-GCST006414,TRUE,reported,igd,2,1,TRUE
77,rs6771054,C,T,C,T,-0.0457,-0.0202,0.4035,0.353415,FALSE,FALSE,FALSE,Stroke,3,89489529,0.0102,484121,0.0476903,Ischemic stroke || id:ebi-a-GCST90018864,Ischemic stroke,Ischemic stroke ||  || ,TRUE,igd,1030836,2.42E-11,89489529,0.0068,3,Atrial fibrillation,Atrial fibrillation || id:ebi-a-GCST006414,TRUE,reported,igd,2,1,TRUE
78,rs6790396,G,C,G,C,0.0627,-0.0096,0.5959,0.628831,FALSE,TRUE,FALSE,Stroke,3,38771925,0.0093,484121,0.3052,Ischemic stroke || id:ebi-a-GCST90018864,Ischemic stroke,Ischemic stroke ||  || ,TRUE,igd,1030836,2.40E-20,38771925,0.0068,3,Atrial fibrillation,Atrial fibrillation || id:ebi-a-GCST006414,TRUE,reported,igd,2,1,TRUE
79,rs67969609,G,C,G,C,0.0711,-0.0112,0.071,0.247544,FALSE,TRUE,FALSE,Stroke,2,145760353,0.0114,484121,0.3233,Ischemic stroke || id:ebi-a-GCST90018864,Ischemic stroke,Ischemic stroke ||  || ,TRUE,igd,1030836,1.71E-08,145760353,0.0126,2,Atrial fibrillation,Atrial fibrillation || id:ebi-a-GCST006414,TRUE,reported,igd,2,1,TRUE
80,rs6838973,T,C,T,C,-0.1514,-0.03,0.4406,0.472542,FALSE,FALSE,FALSE,Stroke,4,111765495,0.0084,484121,0.000356303,Ischemic stroke || id:ebi-a-GCST90018864,Ischemic stroke,Ischemic stroke ||  || ,TRUE,igd,1030836,1.03E-111,111765495,0.0067,4,Atrial fibrillation,Atrial fibrillation || id:ebi-a-GCST006414,TRUE,reported,igd,2,1,TRUE
81,rs6882776,A,G,A,G,-0.0711,-0.0114,0.2835,0.40927,FALSE,FALSE,FALSE,Stroke,5,172664163,0.0089,484121,0.2019,Ischemic stroke || id:ebi-a-GCST90018864,Ischemic stroke,Ischemic stroke ||  || ,TRUE,igd,1030836,9.64E-22,172664163,0.0074,5,Atrial fibrillation,Atrial fibrillation || id:ebi-a-GCST006414,TRUE,reported,igd,2,1,TRUE
82,rs6994744,C,A,C,A,0.0405,0.029,0.4954,0.570853,FALSE,FALSE,FALSE,Stroke,8,141740868,0.009,484121,0.001354,Ischemic stroke || id:ebi-a-GCST90018864,Ischemic stroke,Ischemic stroke ||  || ,TRUE,igd,1030836,1.09E-09,141740868,0.0066,8,Atrial fibrillation,Atrial fibrillation || id:ebi-a-GCST006414,TRUE,reported,igd,2,1,TRUE
83,rs71454237,A,G,A,G,-0.062,0.0128,0.209,0.195494,FALSE,FALSE,FALSE,Stroke,12,70013415,0.0109,484121,0.2404,Ischemic stroke || id:ebi-a-GCST90018864,Ischemic stroke,Ischemic stroke ||  || ,TRUE,igd,1030836,1.78E-13,70013415,0.0084,12,Atrial fibrillation,Atrial fibrillation || id:ebi-a-GCST006414,TRUE,reported,igd,2,1,TRUE
84,rs7172038,G,T,G,T,0.112,-0.0012,0.1597,0.134715,FALSE,FALSE,FALSE,Stroke,15,73667255,0.0153,484121,0.94,Ischemic stroke || id:ebi-a-GCST90018864,Ischemic stroke,Ischemic stroke ||  || ,TRUE,igd,1030836,4.78E-36,73667255,0.0089,15,Atrial fibrillation,Atrial fibrillation || id:ebi-a-GCST006414,TRUE,reported,igd,2,1,TRUE
85,rs7224711,T,C,T,C,-0.0365,-0.0143,0.5222,0.504485,FALSE,FALSE,FALSE,Stroke,17,76772288,0.0086,484121,0.09579,Ischemic stroke || id:ebi-a-GCST90018864,Ischemic stroke,Ischemic stroke ||  || ,TRUE,igd,1030836,3.72E-08,76772288,0.0066,17,Atrial fibrillation,Atrial fibrillation || id:ebi-a-GCST006414,TRUE,reported,igd,2,1,TRUE
86,rs7225165,A,G,A,G,-0.0655,-0.0021,0.1133,0.130191,FALSE,FALSE,FALSE,Stroke,17,1309850,0.0119,484121,0.8608,Ischemic stroke || id:ebi-a-GCST90018864,Ischemic stroke,Ischemic stroke ||  || ,TRUE,igd,1030836,3.20E-09,1309850,0.0111,17,Atrial fibrillation,Atrial fibrillation || id:ebi-a-GCST006414,TRUE,reported,igd,2,1,TRUE
87,rs72694603,T,C,T,C,-0.0553,-0.0186,0.3147,0.309478,FALSE,FALSE,FALSE,Stroke,1,112458893,0.0148,484121,0.2109,Ischemic stroke || id:ebi-a-GCST90018864,Ischemic stroke,Ischemic stroke ||  || ,TRUE,igd,1030836,2.26E-14,112458893,0.0072,1,Atrial fibrillation,Atrial fibrillation || id:ebi-a-GCST006414,TRUE,reported,igd,2,1,TRUE
88,rs72700114,C,G,C,G,0.2021,0.0403,0.0756,0.0546283,FALSE,TRUE,FALSE,Stroke,1,170193825,0.0239,484121,0.0915693,Ischemic stroke || id:ebi-a-GCST90018864,Ischemic stroke,Ischemic stroke ||  || ,TRUE,igd,1030836,3.29E-54,170193825,0.013,1,Atrial fibrillation,Atrial fibrillation || id:ebi-a-GCST006414,TRUE,reported,igd,2,1,TRUE
89,rs72811294,C,G,C,G,-0.072,0.0088,0.1131,0.101622,FALSE,TRUE,FALSE,Stroke,17,12618680,0.0143,484121,0.5401,Ischemic stroke || id:ebi-a-GCST90018864,Ischemic stroke,Ischemic stroke ||  || ,TRUE,igd,1030836,9.67E-12,12618680,0.0106,17,Atrial fibrillation,Atrial fibrillation || id:ebi-a-GCST006414,TRUE,reported,igd,2,1,TRUE
90,rs72926475,A,G,A,G,-0.0683,0.0241,0.1228,0.0871275,FALSE,FALSE,FALSE,Stroke,2,86594487,0.021,484121,0.2505,Ischemic stroke || id:ebi-a-GCST90018864,Ischemic stroke,Ischemic stroke ||  || ,TRUE,igd,1030836,2.37E-11,86594487,0.0102,2,Atrial fibrillation,Atrial fibrillation || id:ebi-a-GCST006414,TRUE,reported,igd,2,1,TRUE
91,rs72966339,T,C,T,C,-0.0616,-0.0323,0.3679,0.322195,FALSE,FALSE,FALSE,Stroke,6,122398241,0.0092,484121,0.0004635,Ischemic stroke || id:ebi-a-GCST90018864,Ischemic stroke,Ischemic stroke ||  || ,TRUE,igd,1030836,7.42E-19,122398241,0.0069,6,Atrial fibrillation,Atrial fibrillation || id:ebi-a-GCST006414,TRUE,reported,igd,2,1,TRUE
92,rs73041705,C,T,C,T,-0.0443,-5.00E-04,0.2985,0.292742,FALSE,FALSE,FALSE,Stroke,3,24463235,0.0093,484121,0.9546,Ischemic stroke || id:ebi-a-GCST90018864,Ischemic stroke,Ischemic stroke ||  || ,TRUE,igd,1030836,1.55E-09,24463235,0.0073,3,Atrial fibrillation,Atrial fibrillation || id:ebi-a-GCST006414,TRUE,reported,igd,2,1,TRUE
93,rs73366713,A,G,A,G,-0.1035,-0.0033,0.1396,0.0979837,FALSE,FALSE,FALSE,Stroke,6,16415751,0.0205,484121,0.8714,Ischemic stroke || id:ebi-a-GCST90018864,Ischemic stroke,Ischemic stroke ||  || ,TRUE,igd,1030836,1.53E-25,16415751,0.0099,6,Atrial fibrillation,Atrial fibrillation || id:ebi-a-GCST006414,TRUE,reported,igd,2,1,TRUE
94,rs74500426,T,G,T,G,-0.0921,-0.0229,0.0764,0.10254,FALSE,FALSE,FALSE,Stroke,4,174642789,0.0131,484121,0.0806808,Ischemic stroke || id:ebi-a-GCST90018864,Ischemic stroke,Ischemic stroke ||  || ,TRUE,igd,1030836,4.29E-13,174642789,0.0127,4,Atrial fibrillation,Atrial fibrillation || id:ebi-a-GCST006414,TRUE,reported,igd,2,1,TRUE
95,rs74832855,G,A,G,A,0.1216,0.0109,0.0369,0.0344501,FALSE,FALSE,FALSE,Stroke,1,170171598,0.037,484121,0.7683,Ischemic stroke || id:ebi-a-GCST90018864,Ischemic stroke,Ischemic stroke ||  || ,TRUE,igd,1030836,1.43E-11,170171598,0.018,1,Atrial fibrillation,Atrial fibrillation || id:ebi-a-GCST006414,TRUE,reported,igd,2,1,TRUE
96,rs74884082,T,C,T,C,-0.0493,0.0119,0.2495,0.21691,FALSE,FALSE,FALSE,Stroke,14,73249419,0.0104,484121,0.2537,Ischemic stroke || id:ebi-a-GCST90018864,Ischemic stroke,Ischemic stroke ||  || ,TRUE,igd,1030836,3.48E-10,73249419,0.0078,14,Atrial fibrillation,Atrial fibrillation || id:ebi-a-GCST006414,TRUE,reported,igd,2,1,TRUE
97,rs74910854,G,A,G,A,0.09,0.0284,0.0693,0.0537037,FALSE,FALSE,FALSE,Stroke,7,74110705,0.0274,484121,0.2999,Ischemic stroke || id:ebi-a-GCST90018864,Ischemic stroke,Ischemic stroke ||  || ,TRUE,igd,1030836,4.31E-08,74110705,0.0164,7,Atrial fibrillation,Atrial fibrillation || id:ebi-a-GCST006414,TRUE,reported,igd,2,1,TRUE
98,rs7508,A,G,A,G,0.0711,0.0153,0.7109,0.673168,FALSE,FALSE,FALSE,Stroke,8,17913970,0.0087,484121,0.0790096,Ischemic stroke || id:ebi-a-GCST90018864,Ischemic stroke,Ischemic stroke ||  || ,TRUE,igd,1030836,1.69E-21,17913970,0.0075,8,Atrial fibrillation,Atrial fibrillation || id:ebi-a-GCST006414,TRUE,reported,igd,2,1,TRUE
99,rs7529220,C,T,C,T,0.0621,0.0259,0.8469,0.799283,FALSE,FALSE,FALSE,Stroke,1,22282619,0.0096,484121,0.006944,Ischemic stroke || id:ebi-a-GCST90018864,Ischemic stroke,Ischemic stroke ||  || ,TRUE,igd,1030836,1.98E-10,22282619,0.0098,1,Atrial fibrillation,Atrial fibrillation || id:ebi-a-GCST006414,TRUE,reported,igd,2,1,TRUE
100,rs7574892,A,G,A,G,0.0552,-0.0123,0.4847,0.4593,FALSE,FALSE,FALSE,Stroke,2,175512820,0.0086,484121,0.1546,Ischemic stroke || id:ebi-a-GCST90018864,Ischemic stroke,Ischemic stroke ||  || ,TRUE,igd,1030836,1.98E-16,175512820,0.0067,2,Atrial fibrillation,Atrial fibrillation || id:ebi-a-GCST006414,TRUE,reported,igd,2,1,TRUE
101,rs76097649,A,G,A,G,0.1151,-5.00E-04,0.0933,0.0837578,FALSE,FALSE,FALSE,Stroke,11,128764570,0.0171,484121,0.9745,Ischemic stroke || id:ebi-a-GCST90018864,Ischemic stroke,Ischemic stroke ||  || ,TRUE,igd,1030836,1.26E-20,128764570,0.0124,11,Atrial fibrillation,Atrial fibrillation || id:ebi-a-GCST006414,TRUE,reported,igd,2,1,TRUE
102,rs7612445,T,G,T,G,0.0493,0.0063,0.1879,0.169899,FALSE,FALSE,FALSE,Stroke,3,179172979,0.0118,484121,0.5913,Ischemic stroke || id:ebi-a-GCST90018864,Ischemic stroke,Ischemic stroke ||  || ,TRUE,igd,1030836,4.81E-09,179172979,0.0084,3,Atrial fibrillation,Atrial fibrillation || id:ebi-a-GCST006414,TRUE,reported,igd,2,1,TRUE
103,rs77316573,T,C,T,C,0.0529,-0.0127,0.1991,0.242171,FALSE,FALSE,FALSE,Stroke,16,2265271,0.0093,484121,0.1729,Ischemic stroke || id:ebi-a-GCST90018864,Ischemic stroke,Ischemic stroke ||  || ,TRUE,igd,1030836,3.26E-09,2265271,0.0089,16,Atrial fibrillation,Atrial fibrillation || id:ebi-a-GCST006414,TRUE,reported,igd,2,1,TRUE
104,rs775498,G,A,G,A,0.0423,0.0069,0.2798,0.357711,FALSE,FALSE,FALSE,Stroke,12,70071513,0.0087,484121,0.4256,Ischemic stroke || id:ebi-a-GCST90018864,Ischemic stroke,Ischemic stroke ||  || ,TRUE,igd,1030836,1.05E-08,70071513,0.0074,12,Atrial fibrillation,Atrial fibrillation || id:ebi-a-GCST006414,TRUE,reported,igd,2,1,TRUE
105,rs7789146,A,G,A,G,-0.0584,0.0042,0.1787,0.215081,FALSE,FALSE,FALSE,Stroke,7,150661409,0.0098,484121,0.6652,Ischemic stroke || id:ebi-a-GCST90018864,Ischemic stroke,Ischemic stroke ||  || ,TRUE,igd,1030836,2.12E-11,150661409,0.0087,7,Atrial fibrillation,Atrial fibrillation || id:ebi-a-GCST006414,TRUE,reported,igd,2,1,TRUE
106,rs7915134,T,C,T,C,-0.1168,-0.0025,0.1439,0.151601,FALSE,FALSE,FALSE,Stroke,10,75420180,0.0113,484121,0.8226,Ischemic stroke || id:ebi-a-GCST90018864,Ischemic stroke,Ischemic stroke ||  || ,TRUE,igd,1030836,1.42E-34,75420180,0.0095,10,Atrial fibrillation,Atrial fibrillation || id:ebi-a-GCST006414,TRUE,reported,igd,2,1,TRUE
107,rs79187193,A,G,A,G,-0.1162,-0.0505,0.0569,0.0508881,FALSE,FALSE,FALSE,Stroke,1,147255831,0.0306,484121,0.0986302,Ischemic stroke || id:ebi-a-GCST90018864,Ischemic stroke,Ischemic stroke ||  || ,TRUE,igd,1030836,3.15E-14,147255831,0.0153,1,Atrial fibrillation,Atrial fibrillation || id:ebi-a-GCST006414,TRUE,reported,igd,2,1,TRUE
108,rs8088085,C,A,C,A,-0.0365,-0.0112,0.4646,0.387464,FALSE,FALSE,FALSE,Stroke,18,48708548,0.0095,484121,0.2354,Ischemic stroke || id:ebi-a-GCST90018864,Ischemic stroke,Ischemic stroke ||  || ,TRUE,igd,1030836,4.79E-08,48708548,0.0067,18,Atrial fibrillation,Atrial fibrillation || id:ebi-a-GCST006414,TRUE,reported,igd,2,1,TRUE
109,rs883079,T,C,T,C,0.0981,0.017,0.7074,0.641293,FALSE,FALSE,FALSE,Stroke,12,114793240,0.0087,484121,0.0510999,Ischemic stroke || id:ebi-a-GCST90018864,Ischemic stroke,Ischemic stroke ||  || ,TRUE,igd,1030836,2.84E-40,114793240,0.0074,12,Atrial fibrillation,Atrial fibrillation || id:ebi-a-GCST006414,TRUE,reported,igd,2,1,TRUE
110,rs9506925,T,C,T,C,0.0449,0.0096,0.2669,0.262092,FALSE,FALSE,FALSE,Stroke,13,23368943,0.0158,484121,0.5437,Ischemic stroke || id:ebi-a-GCST90018864,Ischemic stroke,Ischemic stroke ||  || ,TRUE,igd,1030836,2.72E-09,23368943,0.0075,13,Atrial fibrillation,Atrial fibrillation || id:ebi-a-GCST006414,TRUE,reported,igd,2,1,TRUE
111,rs9953366,C,T,C,T,0.049,0.0135,0.6631,0.606677,FALSE,FALSE,FALSE,Stroke,18,46474192,0.0087,484121,0.1185,Ischemic stroke || id:ebi-a-GCST90018864,Ischemic stroke,Ischemic stroke ||  || ,TRUE,igd,1030836,1.82E-11,46474192,0.0073,18,Atrial fibrillation,Atrial fibrillation || id:ebi-a-GCST006414,TRUE,reported,igd,2,1,TRUE
