,SNP,effect_allele.exposure,other_allele.exposure,effect_allele.outcome,other_allele.outcome,beta.exposure,beta.outcome,eaf.exposure,eaf.outcome,remove,palindromic,ambiguous,id.outcome,chr,pos,se.outcome,samplesize.outcome,pval.outcome,outcome,originalname.outcome,outcome.deprecated,mr_keep.outcome,data_source.outcome,samplesize.exposure,pval.exposure,pos.exposure,se.exposure,chr.exposure,id.exposure,exposure,mr_keep.exposure,pval_origin.exposure,data_source.exposure,action,SNP_index,mr_keep
1,rs10141892,C,T,C,T,-0.0452,0.00072261,0.5833,0.589018,FALSE,FALSE,FALSE,Coronary heart disease,14,35184323,0.000391222,361194,0.0647396,Major coronary heart disease event || id:ukb-d-I9_CHD,Major coronary heart disease event,Major coronary heart disease event ||  || ,TRUE,igd,1030836,2.95E-11,35184323,0.0068,14,Atrial fibrillation,Atrial fibrillation || id:ebi-a-GCST006414,TRUE,reported,igd,2,1,TRUE
2,rs10213171,G,C,G,C,0.091,-0.000370216,0.0609,0.0557012,FALSE,TRUE,FALSE,Coronary heart disease,4,148937537,0.00084424,361194,0.66101,Major coronary heart disease event || id:ukb-d-I9_CHD,Major coronary heart disease event,Major coronary heart disease event ||  || ,TRUE,igd,1030836,1.32E-11,148937537,0.0134,4,Atrial fibrillation,Atrial fibrillation || id:ebi-a-GCST006414,TRUE,reported,igd,2,1,TRUE
3,rs10458662,G,T,G,T,0.0544,-0.000270401,0.1722,0.167738,FALSE,FALSE,FALSE,Coronary heart disease,10,77936670,0.000516237,361194,0.600424,Major coronary heart disease event || id:ukb-d-I9_CHD,Major coronary heart disease event,Major coronary heart disease event ||  || ,TRUE,igd,1030836,6.93E-10,77936670,0.0088,10,Atrial fibrillation,Atrial fibrillation || id:ebi-a-GCST006414,TRUE,reported,igd,2,1,TRUE
4,rs10520002,A,G,A,G,0.0626,0.0015891,0.0988,0.102293,FALSE,FALSE,FALSE,Coronary heart disease,5,127819132,0.000638807,361194,0.0128609,Major coronary heart disease event || id:ukb-d-I9_CHD,Major coronary heart disease event,Major coronary heart disease event ||  || ,TRUE,igd,1030836,2.85E-08,127819132,0.0113,5,Atrial fibrillation,Atrial fibrillation || id:ebi-a-GCST006414,TRUE,reported,igd,2,1,TRUE
5,rs10520260,G,A,G,A,-0.0457,-0.00045244,0.3214,0.323977,FALSE,FALSE,FALSE,Coronary heart disease,4,174447349,0.000419789,361194,0.281133,Major coronary heart disease event || id:ukb-d-I9_CHD,Major coronary heart disease event,Major coronary heart disease event ||  || ,TRUE,igd,1030836,3.36E-10,174447349,0.0073,4,Atrial fibrillation,Atrial fibrillation || id:ebi-a-GCST006414,TRUE,reported,igd,2,1,TRUE
6,rs10753933,G,T,G,T,-0.0609,0.000976233,0.5518,0.551796,FALSE,FALSE,FALSE,Coronary heart disease,1,203026214,0.000387653,361194,0.0117921,Major coronary heart disease event || id:ukb-d-I9_CHD,Major coronary heart disease event,Major coronary heart disease event ||  || ,TRUE,igd,1030836,9.84E-20,203026214,0.0067,1,Atrial fibrillation,Atrial fibrillation || id:ebi-a-GCST006414,TRUE,reported,igd,2,1,TRUE
7,rs10773657,A,C,A,C,-0.0575,0.000499048,0.862,0.89507,FALSE,FALSE,FALSE,Coronary heart disease,12,123327900,0.000628557,361194,0.42722,Major coronary heart disease event || id:ukb-d-I9_CHD,Major coronary heart disease event,Major coronary heart disease event ||  || ,TRUE,igd,1030836,2.54E-08,123327900,0.0103,12,Atrial fibrillation,Atrial fibrillation || id:ebi-a-GCST006414,TRUE,reported,igd,2,1,TRUE
8,rs10804493,A,G,A,G,0.0558,0.000599779,0.6505,0.668113,FALSE,FALSE,FALSE,Coronary heart disease,3,111554426,0.000409961,361194,0.143465,Major coronary heart disease event || id:ukb-d-I9_CHD,Major coronary heart disease event,Major coronary heart disease event ||  || ,TRUE,igd,1030836,1.63E-15,111554426,0.007,3,Atrial fibrillation,Atrial fibrillation || id:ebi-a-GCST006414,TRUE,reported,igd,2,1,TRUE
9,rs10821415,A,C,A,C,0.0821,0.000192202,0.4132,0.41893,FALSE,FALSE,FALSE,Coronary heart disease,9,97713459,0.000390406,361194,0.622499,Major coronary heart disease event || id:ukb-d-I9_CHD,Major coronary heart disease event,Major coronary heart disease event ||  || ,TRUE,igd,1030836,2.92E-34,97713459,0.0067,9,Atrial fibrillation,Atrial fibrillation || id:ebi-a-GCST006414,TRUE,reported,igd,2,1,TRUE
10,rs10842383,T,C,T,C,-0.0988,-0.000438166,0.1478,0.150222,FALSE,FALSE,FALSE,Coronary heart disease,12,24771967,0.000538702,361194,0.416004,Major coronary heart disease event || id:ukb-d-I9_CHD,Major coronary heart disease event,Major coronary heart disease event ||  || ,TRUE,igd,1030836,2.88E-25,24771967,0.0095,12,Atrial fibrillation,Atrial fibrillation || id:ebi-a-GCST006414,TRUE,reported,igd,2,1,TRUE
11,rs11191116,T,C,T,C,-0.041,0.000551505,0.348,0.354138,FALSE,FALSE,FALSE,Coronary heart disease,10,103555611,0.000403945,361194,0.17216,Major coronary heart disease event || id:ukb-d-I9_CHD,Major coronary heart disease event,Major coronary heart disease event ||  || ,TRUE,igd,1030836,4.42E-09,103555611,0.007,10,Atrial fibrillation,Atrial fibrillation || id:ebi-a-GCST006414,TRUE,reported,igd,2,1,TRUE
12,rs11264280,T,C,T,C,0.1347,-0.000523426,0.333,0.32892,FALSE,FALSE,FALSE,Coronary heart disease,1,154862952,0.000411341,361194,0.203201,Major coronary heart disease event || id:ukb-d-I9_CHD,Major coronary heart disease event,Major coronary heart disease event ||  || ,TRUE,igd,1030836,3.07E-79,154862952,0.0071,1,Atrial fibrillation,Atrial fibrillation || id:ebi-a-GCST006414,TRUE,reported,igd,2,1,TRUE
13,rs11598047,G,A,G,A,0.1537,-0.000486839,0.1621,0.148879,FALSE,FALSE,FALSE,Coronary heart disease,10,105342672,0.000544153,361194,0.370962,Major coronary heart disease event || id:ukb-d-I9_CHD,Major coronary heart disease event,Major coronary heart disease event ||  || ,TRUE,igd,1030836,8.95E-66,105342672,0.009,10,Atrial fibrillation,Atrial fibrillation || id:ebi-a-GCST006414,TRUE,reported,igd,2,1,TRUE
14,rs11773845,A,C,A,C,0.1054,0.000956078,0.5856,0.59076,FALSE,FALSE,FALSE,Coronary heart disease,7,116191301,0.000392167,361194,0.014772,Major coronary heart disease event || id:ukb-d-I9_CHD,Major coronary heart disease event,Major coronary heart disease event ||  || ,TRUE,igd,1030836,2.39E-55,116191301,0.0067,7,Atrial fibrillation,Atrial fibrillation || id:ebi-a-GCST006414,TRUE,reported,igd,2,1,TRUE
15,rs117984853,T,G,T,G,0.1228,0.000210721,0.1013,0.0903753,FALSE,FALSE,FALSE,Coronary heart disease,6,149399100,0.000671338,361194,0.753611,Major coronary heart disease event || id:ukb-d-I9_CHD,Major coronary heart disease event,Major coronary heart disease event ||  || ,TRUE,igd,1030836,1.34E-24,149399100,0.012,6,Atrial fibrillation,Atrial fibrillation || id:ebi-a-GCST006414,TRUE,reported,igd,2,1,TRUE
16,rs12245149,A,C,A,C,-0.047,-0.000314153,0.4739,0.486577,FALSE,FALSE,FALSE,Coronary heart disease,10,65321147,0.000385844,361194,0.415532,Major coronary heart disease event || id:ukb-d-I9_CHD,Major coronary heart disease event,Major coronary heart disease event ||  || ,TRUE,igd,1030836,1.66E-12,65321147,0.0067,10,Atrial fibrillation,Atrial fibrillation || id:ebi-a-GCST006414,TRUE,reported,igd,2,1,TRUE
17,rs12426679,T,C,T,C,-0.0391,0.000274694,0.5278,0.512121,FALSE,FALSE,FALSE,Coronary heart disease,12,76237987,0.000385725,361194,0.476373,Major coronary heart disease event || id:ukb-d-I9_CHD,Major coronary heart disease event,Major coronary heart disease event ||  || ,TRUE,igd,1030836,4.95E-09,76237987,0.0067,12,Atrial fibrillation,Atrial fibrillation || id:ebi-a-GCST006414,TRUE,reported,igd,2,1,TRUE
18,rs1278493,A,G,A,G,-0.0389,-0.000299295,0.5645,0.566097,FALSE,FALSE,FALSE,Coronary heart disease,3,135814009,0.00038837,361194,0.440918,Major coronary heart disease event || id:ukb-d-I9_CHD,Major coronary heart disease event,Major coronary heart disease event ||  || ,TRUE,igd,1030836,8.77E-09,135814009,0.0068,3,Atrial fibrillation,Atrial fibrillation || id:ebi-a-GCST006414,TRUE,reported,igd,2,1,TRUE
19,rs133885,A,G,A,G,0.0405,8.78E-05,0.4377,0.444045,FALSE,FALSE,FALSE,Coronary heart disease,22,26159289,0.000387405,361194,0.820637,Major coronary heart disease event || id:ukb-d-I9_CHD,Major coronary heart disease event,Major coronary heart disease event ||  || ,TRUE,igd,1030836,2.22E-09,26159289,0.0068,22,Atrial fibrillation,Atrial fibrillation || id:ebi-a-GCST006414,TRUE,reported,igd,2,1,TRUE
20,rs140185678,A,G,A,G,0.1659,0.00134564,0.0351,0.0351293,FALSE,FALSE,FALSE,Coronary heart disease,16,2003016,0.00104497,361194,0.197841,Major coronary heart disease event || id:ukb-d-I9_CHD,Major coronary heart disease event,Major coronary heart disease event ||  || ,TRUE,igd,1030836,2.43E-14,2003016,0.0218,16,Atrial fibrillation,Atrial fibrillation || id:ebi-a-GCST006414,TRUE,reported,igd,2,1,TRUE
21,rs1458038,T,C,T,C,0.0434,0.0018494,0.3087,0.292754,FALSE,FALSE,FALSE,Coronary heart disease,4,81164723,0.000424949,361194,1.35E-05,Major coronary heart disease event || id:ukb-d-I9_CHD,Major coronary heart disease event,Major coronary heart disease event ||  || ,TRUE,igd,1030836,1.74E-09,81164723,0.0072,4,Atrial fibrillation,Atrial fibrillation || id:ebi-a-GCST006414,TRUE,reported,igd,2,1,TRUE
22,rs146518726,A,G,A,G,0.1605,0.00178336,0.0328,0.0206592,FALSE,FALSE,FALSE,Coronary heart disease,1,51535039,0.00136277,361194,0.190662,Major coronary heart disease event || id:ukb-d-I9_CHD,Major coronary heart disease event,Major coronary heart disease event ||  || ,TRUE,igd,1030836,8.27E-15,51535039,0.0207,1,Atrial fibrillation,Atrial fibrillation || id:ebi-a-GCST006414,TRUE,reported,igd,2,1,TRUE
23,rs1563304,T,C,T,C,0.0644,0.00145101,0.178,0.179822,FALSE,FALSE,FALSE,Coronary heart disease,17,44874453,0.000503136,361194,0.00392762,Major coronary heart disease event || id:ukb-d-I9_CHD,Major coronary heart disease event,Major coronary heart disease event ||  || ,TRUE,igd,1030836,2.56E-12,44874453,0.0092,17,Atrial fibrillation,Atrial fibrillation || id:ebi-a-GCST006414,TRUE,reported,igd,2,1,TRUE
24,rs17171711,T,C,T,C,0.1086,0.000939902,0.1775,0.180089,FALSE,FALSE,FALSE,Coronary heart disease,5,137364795,0.000501729,361194,0.0610239,Major coronary heart disease event || id:ukb-d-I9_CHD,Major coronary heart disease event,Major coronary heart disease event ||  || ,TRUE,igd,1030836,1.95E-35,137364795,0.0087,5,Atrial fibrillation,Atrial fibrillation || id:ebi-a-GCST006414,TRUE,reported,igd,2,1,TRUE
25,rs17380837,T,C,T,C,-0.0501,0.000255232,0.307,0.29918,FALSE,FALSE,FALSE,Coronary heart disease,12,26345526,0.000421941,361194,0.545247,Major coronary heart disease event || id:ukb-d-I9_CHD,Major coronary heart disease event,Major coronary heart disease event ||  || ,TRUE,igd,1030836,4.80E-12,26345526,0.0072,12,Atrial fibrillation,Atrial fibrillation || id:ebi-a-GCST006414,TRUE,reported,igd,2,1,TRUE
26,rs1838747,G,A,G,A,0.0391,-0.000327501,0.4954,0.492081,FALSE,FALSE,FALSE,Coronary heart disease,5,114426668,0.000386254,361194,0.3965,Major coronary heart disease event || id:ukb-d-I9_CHD,Major coronary heart disease event,Major coronary heart disease event ||  || ,TRUE,igd,1030836,4.13E-09,114426668,0.0067,5,Atrial fibrillation,Atrial fibrillation || id:ebi-a-GCST006414,TRUE,reported,igd,2,1,TRUE
27,rs1906615,T,G,T,G,0.3658,1.15E-05,0.1991,0.192775,FALSE,FALSE,FALSE,Coronary heart disease,4,111701798,0.000489655,361194,0.981305,Major coronary heart disease event || id:ukb-d-I9_CHD,Major coronary heart disease event,Major coronary heart disease event ||  || ,TRUE,igd,1030836,1.00E-200,111701798,0.0081,4,Atrial fibrillation,Atrial fibrillation || id:ebi-a-GCST006414,TRUE,reported,igd,2,1,TRUE
28,rs2031522,G,A,G,A,-0.0436,-0.000539219,0.3764,0.387221,FALSE,FALSE,FALSE,Coronary heart disease,6,87821501,0.000398376,361194,0.175883,Major coronary heart disease event || id:ukb-d-I9_CHD,Major coronary heart disease event,Major coronary heart disease event ||  || ,TRUE,igd,1030836,1.47E-10,87821501,0.0068,6,Atrial fibrillation,Atrial fibrillation || id:ebi-a-GCST006414,TRUE,reported,igd,2,1,TRUE
29,rs2274115,G,A,G,A,0.0487,5.25E-05,0.7003,0.71465,FALSE,FALSE,FALSE,Coronary heart disease,9,139094773,0.000431895,361194,0.90323,Major coronary heart disease event || id:ukb-d-I9_CHD,Major coronary heart disease event,Major coronary heart disease event ||  || ,TRUE,igd,1030836,1.69E-10,139094773,0.0076,9,Atrial fibrillation,Atrial fibrillation || id:ebi-a-GCST006414,TRUE,reported,igd,2,1,TRUE
30,rs2288327,G,A,G,A,0.0919,0.000130552,0.1564,0.156351,FALSE,FALSE,FALSE,Coronary heart disease,2,179411665,0.000530227,361194,0.805512,Major coronary heart disease event || id:ukb-d-I9_CHD,Major coronary heart disease event,Major coronary heart disease event ||  || ,TRUE,igd,1030836,7.26E-25,179411665,0.0089,2,Atrial fibrillation,Atrial fibrillation || id:ebi-a-GCST006414,TRUE,reported,igd,2,1,TRUE
31,rs2359171,A,T,A,T,0.1746,-3.03E-05,0.176,0.167662,FALSE,TRUE,FALSE,Coronary heart disease,16,73053022,0.000515544,361194,0.95313,Major coronary heart disease event || id:ukb-d-I9_CHD,Major coronary heart disease event,Major coronary heart disease event ||  || ,TRUE,igd,1030836,4.65E-91,73053022,0.0086,16,Atrial fibrillation,Atrial fibrillation || id:ebi-a-GCST006414,TRUE,reported,igd,2,1,TRUE
32,rs2540949,T,A,T,A,-0.0659,-2.46E-05,0.3847,0.372874,FALSE,TRUE,FALSE,Coronary heart disease,2,65284231,0.000398098,361194,0.950812,Major coronary heart disease event || id:ukb-d-I9_CHD,Major coronary heart disease event,Major coronary heart disease event ||  || ,TRUE,igd,1030836,2.95E-22,65284231,0.0068,2,Atrial fibrillation,Atrial fibrillation || id:ebi-a-GCST006414,TRUE,reported,igd,2,1,TRUE
33,rs2738413,G,A,G,A,-0.0778,-4.24E-05,0.5049,0.507974,FALSE,FALSE,FALSE,Coronary heart disease,14,64679960,0.000385822,361194,0.912579,Major coronary heart disease event || id:ukb-d-I9_CHD,Major coronary heart disease event,Major coronary heart disease event ||  || ,TRUE,igd,1030836,2.55E-31,64679960,0.0067,14,Atrial fibrillation,Atrial fibrillation || id:ebi-a-GCST006414,TRUE,reported,igd,2,1,TRUE
34,rs2739197,G,C,G,C,0.116,0.000195665,0.2458,0.247108,FALSE,TRUE,FALSE,Coronary heart disease,4,111543323,0.000451794,361194,0.664955,Major coronary heart disease event || id:ukb-d-I9_CHD,Major coronary heart disease event,Major coronary heart disease event ||  || ,TRUE,igd,1030836,3.20E-41,111543323,0.0086,4,Atrial fibrillation,Atrial fibrillation || id:ebi-a-GCST006414,TRUE,reported,igd,2,1,TRUE
35,rs2759301,A,G,A,G,0.039,-0.000100692,0.4542,0.449587,FALSE,FALSE,FALSE,Coronary heart disease,15,80994288,0.000387713,361194,0.795089,Major coronary heart disease event || id:ukb-d-I9_CHD,Major coronary heart disease event,Major coronary heart disease event ||  || ,TRUE,igd,1030836,5.04E-09,80994288,0.0067,15,Atrial fibrillation,Atrial fibrillation || id:ebi-a-GCST006414,TRUE,reported,igd,2,1,TRUE
36,rs2834618,G,T,G,T,-0.0944,0.000416246,0.1056,0.098055,FALSE,FALSE,FALSE,Coronary heart disease,21,36119111,0.000653268,361194,0.524011,Major coronary heart disease event || id:ukb-d-I9_CHD,Major coronary heart disease event,Major coronary heart disease event ||  || ,TRUE,igd,1030836,3.41E-17,36119111,0.0112,21,Atrial fibrillation,Atrial fibrillation || id:ebi-a-GCST006414,TRUE,reported,igd,2,1,TRUE
37,rs28387148,T,C,T,C,0.0741,-0.000235118,0.1051,0.0989911,FALSE,FALSE,FALSE,Coronary heart disease,2,127433465,0.000646398,361194,0.716056,Major coronary heart disease event || id:ukb-d-I9_CHD,Major coronary heart disease event,Major coronary heart disease event ||  || ,TRUE,igd,1030836,6.25E-11,127433465,0.0113,2,Atrial fibrillation,Atrial fibrillation || id:ebi-a-GCST006414,TRUE,reported,igd,2,1,TRUE
38,rs284277,A,C,A,C,-0.0422,-0.000945987,0.6174,0.641954,FALSE,FALSE,FALSE,Coronary heart disease,1,10790797,0.000402686,361194,0.0188148,Major coronary heart disease event || id:ukb-d-I9_CHD,Major coronary heart disease event,Major coronary heart disease event ||  || ,TRUE,igd,1030836,1.25E-09,10790797,0.0069,1,Atrial fibrillation,Atrial fibrillation || id:ebi-a-GCST006414,TRUE,reported,igd,2,1,TRUE
39,rs2860482,C,A,C,A,-0.054,-0.000365388,0.726,0.719789,FALSE,FALSE,FALSE,Coronary heart disease,12,57105938,0.000428889,361194,0.394247,Major coronary heart disease event || id:ukb-d-I9_CHD,Major coronary heart disease event,Major coronary heart disease event ||  || ,TRUE,igd,1030836,1.21E-12,57105938,0.0076,12,Atrial fibrillation,Atrial fibrillation || id:ebi-a-GCST006414,TRUE,reported,igd,2,1,TRUE
40,rs28631169,T,C,T,C,0.0522,0.000367055,0.1982,0.205537,FALSE,FALSE,FALSE,Coronary heart disease,14,23888183,0.000477161,361194,0.441746,Major coronary heart disease event || id:ukb-d-I9_CHD,Major coronary heart disease event,Major coronary heart disease event ||  || ,TRUE,igd,1030836,5.35E-10,23888183,0.0084,14,Atrial fibrillation,Atrial fibrillation || id:ebi-a-GCST006414,TRUE,reported,igd,2,1,TRUE
41,rs2885697,T,G,T,G,-0.0439,-0.00108963,0.6482,0.664037,FALSE,FALSE,FALSE,Coronary heart disease,1,41544279,0.000407796,361194,0.0075405,Major coronary heart disease event || id:ukb-d-I9_CHD,Major coronary heart disease event,Major coronary heart disease event ||  || ,TRUE,igd,1030836,2.88E-10,41544279,0.007,1,Atrial fibrillation,Atrial fibrillation || id:ebi-a-GCST006414,TRUE,reported,igd,2,1,TRUE
42,rs3176326,A,G,A,G,-0.0626,-0.000783614,0.1982,0.197502,FALSE,FALSE,FALSE,Coronary heart disease,6,36647289,0.000486325,361194,0.107116,Major coronary heart disease event || id:ukb-d-I9_CHD,Major coronary heart disease event,Major coronary heart disease event ||  || ,TRUE,igd,1030836,1.42E-13,36647289,0.0085,6,Atrial fibrillation,Atrial fibrillation || id:ebi-a-GCST006414,TRUE,reported,igd,2,1,TRUE
43,rs337705,G,T,G,T,0.0564,-4.45E-05,0.3749,0.390248,FALSE,FALSE,FALSE,Coronary heart disease,5,113737062,0.000394841,361194,0.910264,Major coronary heart disease event || id:ukb-d-I9_CHD,Major coronary heart disease event,Major coronary heart disease event ||  || ,TRUE,igd,1030836,1.63E-16,113737062,0.0068,5,Atrial fibrillation,Atrial fibrillation || id:ebi-a-GCST006414,TRUE,reported,igd,2,1,TRUE
44,rs34080181,A,G,A,G,-0.0446,0.000214347,0.379,0.391091,FALSE,FALSE,FALSE,Coronary heart disease,3,66454191,0.000396772,361194,0.58904,Major coronary heart disease event || id:ukb-d-I9_CHD,Major coronary heart disease event,Major coronary heart disease event ||  || ,TRUE,igd,1030836,1.28E-10,66454191,0.0069,3,Atrial fibrillation,Atrial fibrillation || id:ebi-a-GCST006414,TRUE,reported,igd,2,1,TRUE
45,rs34936990,A,G,A,G,0.1294,-0.000344118,0.1207,0.115356,FALSE,FALSE,FALSE,Coronary heart disease,10,105523416,0.000603858,361194,0.568769,Major coronary heart disease event || id:ukb-d-I9_CHD,Major coronary heart disease event,Major coronary heart disease event ||  || ,TRUE,igd,1030836,2.95E-37,105523416,0.0101,10,Atrial fibrillation,Atrial fibrillation || id:ebi-a-GCST006414,TRUE,reported,igd,2,1,TRUE
46,rs34969716,A,G,A,G,0.0702,-0.000310625,0.3051,0.319406,FALSE,FALSE,FALSE,Coronary heart disease,6,18210109,0.000430755,361194,0.470839,Major coronary heart disease event || id:ukb-d-I9_CHD,Major coronary heart disease event,Major coronary heart disease event ||  || ,TRUE,igd,1030836,1.60E-19,18210109,0.0078,6,Atrial fibrillation,Atrial fibrillation || id:ebi-a-GCST006414,TRUE,reported,igd,2,1,TRUE
47,rs35544454,T,A,T,A,-0.0589,-0.000503919,0.1918,0.18194,FALSE,TRUE,FALSE,Coronary heart disease,2,213266003,0.000501964,361194,0.31543,Major coronary heart disease event || id:ukb-d-I9_CHD,Major coronary heart disease event,Major coronary heart disease event ||  || ,TRUE,igd,1030836,1.10E-11,213266003,0.0087,2,Atrial fibrillation,Atrial fibrillation || id:ebi-a-GCST006414,TRUE,reported,igd,2,1,TRUE
48,rs35569628,C,T,C,T,-0.0452,-0.000515259,0.223,0.225126,FALSE,FALSE,FALSE,Coronary heart disease,13,113872712,0.000461153,361194,0.263856,Major coronary heart disease event || id:ukb-d-I9_CHD,Major coronary heart disease event,Major coronary heart disease event ||  || ,TRUE,igd,1030836,1.38E-08,113872712,0.008,13,Atrial fibrillation,Atrial fibrillation || id:ebi-a-GCST006414,TRUE,reported,igd,2,1,TRUE
49,rs35963991,T,G,T,G,0.0525,0.000978616,0.1494,0.154125,FALSE,FALSE,FALSE,Coronary heart disease,8,11495702,0.000536334,361194,0.0680566,Major coronary heart disease event || id:ukb-d-I9_CHD,Major coronary heart disease event,Major coronary heart disease event ||  || ,TRUE,igd,1030836,2.80E-08,11495702,0.0095,8,Atrial fibrillation,Atrial fibrillation || id:ebi-a-GCST006414,TRUE,reported,igd,2,1,TRUE
50,rs3943207,T,G,T,G,-0.0638,0.000510308,0.1167,0.113016,FALSE,FALSE,FALSE,Coronary heart disease,8,21845619,0.000608602,361194,0.401754,Major coronary heart disease event || id:ukb-d-I9_CHD,Major coronary heart disease event,Major coronary heart disease event ||  || ,TRUE,igd,1030836,6.92E-10,21845619,0.0103,8,Atrial fibrillation,Atrial fibrillation || id:ebi-a-GCST006414,TRUE,reported,igd,2,1,TRUE
51,rs4073778,A,C,A,C,0.0486,0.000383179,0.5639,0.569455,FALSE,FALSE,FALSE,Coronary heart disease,1,116297758,0.000389949,361194,0.325785,Major coronary heart disease event || id:ukb-d-I9_CHD,Major coronary heart disease event,Major coronary heart disease event ||  || ,TRUE,igd,1030836,4.96E-13,116297758,0.0067,1,Atrial fibrillation,Atrial fibrillation || id:ebi-a-GCST006414,TRUE,reported,igd,2,1,TRUE
52,rs4252627,T,C,T,C,-0.0415,-0.000846738,0.6679,0.677256,FALSE,FALSE,FALSE,Coronary heart disease,17,37868715,0.000412545,361194,0.0401245,Major coronary heart disease event || id:ukb-d-I9_CHD,Major coronary heart disease event,Major coronary heart disease event ||  || ,TRUE,igd,1030836,5.63E-09,37868715,0.0071,17,Atrial fibrillation,Atrial fibrillation || id:ebi-a-GCST006414,TRUE,reported,igd,2,1,TRUE
53,rs4587869,C,G,C,G,0.0716,-9.07E-05,0.2849,0.273681,FALSE,TRUE,FALSE,Coronary heart disease,14,32992334,0.000438789,361194,0.836278,Major coronary heart disease event || id:ukb-d-I9_CHD,Major coronary heart disease event,Major coronary heart disease event ||  || ,TRUE,igd,1030836,1.19E-20,32992334,0.0077,14,Atrial fibrillation,Atrial fibrillation || id:ebi-a-GCST006414,TRUE,reported,igd,2,1,TRUE
54,rs4642101,G,T,G,T,0.0706,0.000123521,0.6397,0.652046,FALSE,FALSE,FALSE,Coronary heart disease,3,12842223,0.000404587,361194,0.760137,Major coronary heart disease event || id:ukb-d-I9_CHD,Major coronary heart disease event,Major coronary heart disease event ||  || ,TRUE,igd,1030836,2.95E-24,12842223,0.0069,3,Atrial fibrillation,Atrial fibrillation || id:ebi-a-GCST006414,TRUE,reported,igd,2,1,TRUE
55,rs464901,C,T,C,T,-0.0508,-0.000271707,0.3353,0.341777,FALSE,FALSE,FALSE,Coronary heart disease,22,18597502,0.000408961,361194,0.506445,Major coronary heart disease event || id:ukb-d-I9_CHD,Major coronary heart disease event,Major coronary heart disease event ||  || ,TRUE,igd,1030836,1.53E-12,18597502,0.0072,22,Atrial fibrillation,Atrial fibrillation || id:ebi-a-GCST006414,TRUE,reported,igd,2,1,TRUE
56,rs4757877,G,A,G,A,-0.0723,-0.000254237,0.7552,0.77679,FALSE,FALSE,FALSE,Coronary heart disease,11,20010291,0.00046228,361194,0.582345,Major coronary heart disease event || id:ukb-d-I9_CHD,Major coronary heart disease event,Major coronary heart disease event ||  || ,TRUE,igd,1030836,2.93E-20,20010291,0.0078,11,Atrial fibrillation,Atrial fibrillation || id:ebi-a-GCST006414,TRUE,reported,igd,2,1,TRUE
57,rs4935786,A,T,A,T,-0.0463,-0.000273728,0.7327,0.733674,FALSE,TRUE,FALSE,Coronary heart disease,11,121661507,0.00044452,361194,0.538039,Major coronary heart disease event || id:ukb-d-I9_CHD,Major coronary heart disease event,Major coronary heart disease event ||  || ,TRUE,igd,1030836,4.85E-09,121661507,0.0079,11,Atrial fibrillation,Atrial fibrillation || id:ebi-a-GCST006414,TRUE,reported,igd,2,1,TRUE
58,rs4946333,G,A,G,A,0.0639,0.000243705,0.4897,0.50129,FALSE,FALSE,FALSE,Coronary heart disease,6,118565665,0.000385951,361194,0.527753,Major coronary heart disease event || id:ukb-d-I9_CHD,Major coronary heart disease event,Major coronary heart disease event ||  || ,TRUE,igd,1030836,5.47E-22,118565665,0.0066,6,Atrial fibrillation,Atrial fibrillation || id:ebi-a-GCST006414,TRUE,reported,igd,2,1,TRUE
59,rs4965430,G,C,G,C,-0.0441,-0.000469267,0.6136,0.628074,FALSE,TRUE,FALSE,Coronary heart disease,15,99268850,0.000400205,361194,0.240971,Major coronary heart disease event || id:ukb-d-I9_CHD,Major coronary heart disease event,Major coronary heart disease event ||  || ,TRUE,igd,1030836,1.26E-10,99268850,0.0069,15,Atrial fibrillation,Atrial fibrillation || id:ebi-a-GCST006414,TRUE,reported,igd,2,1,TRUE
60,rs55734480,A,G,A,G,0.0548,-0.000274188,0.2494,0.266805,FALSE,FALSE,FALSE,Coronary heart disease,7,14372009,0.000435528,361194,0.528987,Major coronary heart disease event || id:ukb-d-I9_CHD,Major coronary heart disease event,Major coronary heart disease event ||  || ,TRUE,igd,1030836,2.20E-12,14372009,0.0078,7,Atrial fibrillation,Atrial fibrillation || id:ebi-a-GCST006414,TRUE,reported,igd,2,1,TRUE
61,rs55985730,G,T,G,T,0.0867,0.000508297,0.06,0.0557524,FALSE,FALSE,FALSE,Coronary heart disease,7,128417044,0.000850852,361194,0.550242,Major coronary heart disease event || id:ukb-d-I9_CHD,Major coronary heart disease event,Major coronary heart disease event ||  || ,TRUE,igd,1030836,5.24E-09,128417044,0.0149,7,Atrial fibrillation,Atrial fibrillation || id:ebi-a-GCST006414,TRUE,reported,igd,2,1,TRUE
62,rs56201652,A,G,A,G,-0.0531,0.00015156,0.267,0.267531,FALSE,FALSE,FALSE,Coronary heart disease,7,92278116,0.000436251,361194,0.728279,Major coronary heart disease event || id:ukb-d-I9_CHD,Major coronary heart disease event,Major coronary heart disease event ||  || ,TRUE,igd,1030836,1.74E-12,92278116,0.0075,7,Atrial fibrillation,Atrial fibrillation || id:ebi-a-GCST006414,TRUE,reported,igd,2,1,TRUE
63,rs56326533,C,T,C,T,0.0685,0.00140258,0.3919,0.392188,FALSE,FALSE,FALSE,Coronary heart disease,2,201168758,0.000393988,361194,0.00037098,Major coronary heart disease event || id:ukb-d-I9_CHD,Major coronary heart disease event,Major coronary heart disease event ||  || ,TRUE,igd,1030836,6.28E-24,201168758,0.0068,2,Atrial fibrillation,Atrial fibrillation || id:ebi-a-GCST006414,TRUE,reported,igd,2,1,TRUE
64,rs577676,T,C,T,C,-0.0923,-0.000432482,0.4383,0.436236,FALSE,FALSE,FALSE,Coronary heart disease,1,170587340,0.00038821,361194,0.265262,Major coronary heart disease event || id:ukb-d-I9_CHD,Major coronary heart disease event,Major coronary heart disease event ||  || ,TRUE,igd,1030836,1.62E-43,170587340,0.0067,1,Atrial fibrillation,Atrial fibrillation || id:ebi-a-GCST006414,TRUE,reported,igd,2,1,TRUE
65,rs60902112,T,C,T,C,0.0445,-3.61E-06,0.2262,0.222046,FALSE,FALSE,FALSE,Coronary heart disease,3,194800853,0.000463173,361194,0.993776,Major coronary heart disease event || id:ukb-d-I9_CHD,Major coronary heart disease event,Major coronary heart disease event ||  || ,TRUE,igd,1030836,1.72E-08,194800853,0.0079,3,Atrial fibrillation,Atrial fibrillation || id:ebi-a-GCST006414,TRUE,reported,igd,2,1,TRUE
66,rs62254082,C,T,C,T,0.0404,0.000150309,0.3865,0.376704,FALSE,FALSE,FALSE,Coronary heart disease,3,69417585,0.000402438,361194,0.708779,Major coronary heart disease event || id:ukb-d-I9_CHD,Major coronary heart disease event,Major coronary heart disease event ||  || ,TRUE,igd,1030836,6.34E-09,69417585,0.007,3,Atrial fibrillation,Atrial fibrillation || id:ebi-a-GCST006414,TRUE,reported,igd,2,1,TRUE
67,rs62377206,A,G,A,G,0.0846,0.00166004,0.0554,0.0499313,FALSE,FALSE,FALSE,Coronary heart disease,5,168383543,0.000889494,361194,0.0620026,Major coronary heart disease event || id:ukb-d-I9_CHD,Major coronary heart disease event,Major coronary heart disease event ||  || ,TRUE,igd,1030836,8.21E-09,168383543,0.0147,5,Atrial fibrillation,Atrial fibrillation || id:ebi-a-GCST006414,TRUE,reported,igd,2,1,TRUE
68,rs62521286,G,A,G,A,0.1202,-0.00110799,0.0663,0.0666816,FALSE,FALSE,FALSE,Coronary heart disease,8,124551975,0.000769365,361194,0.149828,Major coronary heart disease event || id:ukb-d-I9_CHD,Major coronary heart disease event,Major coronary heart disease event ||  || ,TRUE,igd,1030836,4.50E-19,124551975,0.0135,8,Atrial fibrillation,Atrial fibrillation || id:ebi-a-GCST006414,TRUE,reported,igd,2,1,TRUE
69,rs6462079,A,G,A,G,0.0466,5.88E-05,0.7208,0.737116,FALSE,FALSE,FALSE,Coronary heart disease,7,28415827,0.000438899,361194,0.893397,Major coronary heart disease event || id:ukb-d-I9_CHD,Major coronary heart disease event,Major coronary heart disease event ||  || ,TRUE,igd,1030836,8.79E-10,28415827,0.0076,7,Atrial fibrillation,Atrial fibrillation || id:ebi-a-GCST006414,TRUE,reported,igd,2,1,TRUE
70,rs6546620,C,T,C,T,0.0602,0.000924771,0.7999,0.824036,FALSE,FALSE,FALSE,Coronary heart disease,2,26159940,0.000517382,361194,0.073872,Major coronary heart disease event || id:ukb-d-I9_CHD,Major coronary heart disease event,Major coronary heart disease event ||  || ,TRUE,igd,1030836,3.19E-12,26159940,0.0086,2,Atrial fibrillation,Atrial fibrillation || id:ebi-a-GCST006414,TRUE,reported,igd,2,1,TRUE
71,rs6560886,C,T,C,T,0.051,-0.000147807,0.7884,0.80614,FALSE,FALSE,FALSE,Coronary heart disease,12,133150210,0.0004978,361194,0.766528,Major coronary heart disease event || id:ukb-d-I9_CHD,Major coronary heart disease event,Major coronary heart disease event ||  || ,TRUE,igd,1030836,1.49E-08,133150210,0.009,12,Atrial fibrillation,Atrial fibrillation || id:ebi-a-GCST006414,TRUE,reported,igd,2,1,TRUE
72,rs6580277,G,A,G,A,0.067,-0.000856725,0.2369,0.2442,FALSE,FALSE,FALSE,Coronary heart disease,5,142818123,0.00044929,361194,0.0565418,Major coronary heart disease event || id:ukb-d-I9_CHD,Major coronary heart disease event,Major coronary heart disease event ||  || ,TRUE,igd,1030836,1.64E-17,142818123,0.0079,5,Atrial fibrillation,Atrial fibrillation || id:ebi-a-GCST006414,TRUE,reported,igd,2,1,TRUE
73,rs6596717,A,C,A,C,-0.0404,-0.00037668,0.6049,0.618201,FALSE,FALSE,FALSE,Coronary heart disease,5,106427609,0.000398227,361194,0.344205,Major coronary heart disease event || id:ukb-d-I9_CHD,Major coronary heart disease event,Major coronary heart disease event ||  || ,TRUE,igd,1030836,3.00E-09,106427609,0.0068,5,Atrial fibrillation,Atrial fibrillation || id:ebi-a-GCST006414,TRUE,reported,igd,2,1,TRUE
74,rs6665642,T,C,T,C,-0.062,-0.000762685,0.1176,0.117531,FALSE,FALSE,FALSE,Coronary heart disease,1,154802139,0.000624755,361194,0.222172,Major coronary heart disease event || id:ukb-d-I9_CHD,Major coronary heart disease event,Major coronary heart disease event ||  || ,TRUE,igd,1030836,3.06E-08,154802139,0.0112,1,Atrial fibrillation,Atrial fibrillation || id:ebi-a-GCST006414,TRUE,reported,igd,2,1,TRUE
75,rs6689306,G,A,G,A,-0.046,-0.00110098,0.5872,0.580993,FALSE,FALSE,FALSE,Coronary heart disease,1,154395946,0.000396645,361194,0.00550782,Major coronary heart disease event || id:ukb-d-I9_CHD,Major coronary heart disease event,Major coronary heart disease event ||  || ,TRUE,igd,1030836,1.36E-11,154395946,0.0068,1,Atrial fibrillation,Atrial fibrillation || id:ebi-a-GCST006414,TRUE,reported,igd,2,1,TRUE
76,rs6747542,C,T,C,T,-0.0554,-0.000243948,0.4642,0.459479,FALSE,FALSE,FALSE,Coronary heart disease,2,70106832,0.000388007,361194,0.529533,Major coronary heart disease event || id:ukb-d-I9_CHD,Major coronary heart disease event,Major coronary heart disease event ||  || ,TRUE,igd,1030836,1.10E-16,70106832,0.0067,2,Atrial fibrillation,Atrial fibrillation || id:ebi-a-GCST006414,TRUE,reported,igd,2,1,TRUE
77,rs6771054,C,T,C,T,-0.0457,-0.000157794,0.4035,0.404798,FALSE,FALSE,FALSE,Coronary heart disease,3,89489529,0.000393711,361194,0.688578,Major coronary heart disease event || id:ukb-d-I9_CHD,Major coronary heart disease event,Major coronary heart disease event ||  || ,TRUE,igd,1030836,2.42E-11,89489529,0.0068,3,Atrial fibrillation,Atrial fibrillation || id:ebi-a-GCST006414,TRUE,reported,igd,2,1,TRUE
78,rs6790396,G,C,G,C,0.0627,0.000537472,0.5959,0.586644,FALSE,TRUE,FALSE,Coronary heart disease,3,38771925,0.000391383,361194,0.169671,Major coronary heart disease event || id:ukb-d-I9_CHD,Major coronary heart disease event,Major coronary heart disease event ||  || ,TRUE,igd,1030836,2.40E-20,38771925,0.0068,3,Atrial fibrillation,Atrial fibrillation || id:ebi-a-GCST006414,TRUE,reported,igd,2,1,TRUE
79,rs67969609,G,C,G,C,0.0711,-0.00037767,0.071,0.0683991,FALSE,TRUE,FALSE,Coronary heart disease,2,145760353,0.000764418,361194,0.621262,Major coronary heart disease event || id:ukb-d-I9_CHD,Major coronary heart disease event,Major coronary heart disease event ||  || ,TRUE,igd,1030836,1.71E-08,145760353,0.0126,2,Atrial fibrillation,Atrial fibrillation || id:ebi-a-GCST006414,TRUE,reported,igd,2,1,TRUE
80,rs6838973,T,C,T,C,-0.1514,-0.000989105,0.4406,0.433077,FALSE,FALSE,FALSE,Coronary heart disease,4,111765495,0.000389727,361194,0.0111509,Major coronary heart disease event || id:ukb-d-I9_CHD,Major coronary heart disease event,Major coronary heart disease event ||  || ,TRUE,igd,1030836,1.03E-111,111765495,0.0067,4,Atrial fibrillation,Atrial fibrillation || id:ebi-a-GCST006414,TRUE,reported,igd,2,1,TRUE
81,rs6882776,A,G,A,G,-0.0711,-0.000644774,0.2835,0.282359,FALSE,FALSE,FALSE,Coronary heart disease,5,172664163,0.000430545,361194,0.134245,Major coronary heart disease event || id:ukb-d-I9_CHD,Major coronary heart disease event,Major coronary heart disease event ||  || ,TRUE,igd,1030836,9.64E-22,172664163,0.0074,5,Atrial fibrillation,Atrial fibrillation || id:ebi-a-GCST006414,TRUE,reported,igd,2,1,TRUE
82,rs6994744,C,A,C,A,0.0405,0.000770647,0.4954,0.487709,FALSE,FALSE,FALSE,Coronary heart disease,8,141740868,0.000385754,361194,0.0457425,Major coronary heart disease event || id:ukb-d-I9_CHD,Major coronary heart disease event,Major coronary heart disease event ||  || ,TRUE,igd,1030836,1.09E-09,141740868,0.0066,8,Atrial fibrillation,Atrial fibrillation || id:ebi-a-GCST006414,TRUE,reported,igd,2,1,TRUE
83,rs71454237,A,G,A,G,-0.062,0.000179712,0.209,0.205797,FALSE,FALSE,FALSE,Coronary heart disease,12,70013415,0.000481891,361194,0.7092,Major coronary heart disease event || id:ukb-d-I9_CHD,Major coronary heart disease event,Major coronary heart disease event ||  || ,TRUE,igd,1030836,1.78E-13,70013415,0.0084,12,Atrial fibrillation,Atrial fibrillation || id:ebi-a-GCST006414,TRUE,reported,igd,2,1,TRUE
84,rs7172038,G,T,G,T,0.112,-0.00155009,0.1597,0.160363,FALSE,FALSE,FALSE,Coronary heart disease,15,73667255,0.000525584,361194,0.00318544,Major coronary heart disease event || id:ukb-d-I9_CHD,Major coronary heart disease event,Major coronary heart disease event ||  || ,TRUE,igd,1030836,4.78E-36,73667255,0.0089,15,Atrial fibrillation,Atrial fibrillation || id:ebi-a-GCST006414,TRUE,reported,igd,2,1,TRUE
85,rs7224711,T,C,T,C,-0.0365,-0.000255568,0.5222,0.525162,FALSE,FALSE,FALSE,Coronary heart disease,17,76772288,0.00038605,361194,0.507966,Major coronary heart disease event || id:ukb-d-I9_CHD,Major coronary heart disease event,Major coronary heart disease event ||  || ,TRUE,igd,1030836,3.72E-08,76772288,0.0066,17,Atrial fibrillation,Atrial fibrillation || id:ebi-a-GCST006414,TRUE,reported,igd,2,1,TRUE
86,rs7225165,A,G,A,G,-0.0655,0.000146711,0.1133,0.115172,FALSE,FALSE,FALSE,Coronary heart disease,17,1309850,0.000604967,361194,0.808385,Major coronary heart disease event || id:ukb-d-I9_CHD,Major coronary heart disease event,Major coronary heart disease event ||  || ,TRUE,igd,1030836,3.20E-09,1309850,0.0111,17,Atrial fibrillation,Atrial fibrillation || id:ebi-a-GCST006414,TRUE,reported,igd,2,1,TRUE
87,rs72694603,T,C,T,C,-0.0553,-0.000561459,0.3147,0.321164,FALSE,FALSE,FALSE,Coronary heart disease,1,112458893,0.000416748,361194,0.177904,Major coronary heart disease event || id:ukb-d-I9_CHD,Major coronary heart disease event,Major coronary heart disease event ||  || ,TRUE,igd,1030836,2.26E-14,112458893,0.0072,1,Atrial fibrillation,Atrial fibrillation || id:ebi-a-GCST006414,TRUE,reported,igd,2,1,TRUE
88,rs72700114,C,G,C,G,0.2021,0.00126217,0.0756,0.0745937,FALSE,TRUE,FALSE,Coronary heart disease,1,170193825,0.00074459,361194,0.0900534,Major coronary heart disease event || id:ukb-d-I9_CHD,Major coronary heart disease event,Major coronary heart disease event ||  || ,TRUE,igd,1030836,3.29E-54,170193825,0.013,1,Atrial fibrillation,Atrial fibrillation || id:ebi-a-GCST006414,TRUE,reported,igd,2,1,TRUE
89,rs72811294,C,G,C,G,-0.072,0.000395645,0.1131,0.112908,FALSE,TRUE,FALSE,Coronary heart disease,17,12618680,0.000610468,361194,0.51692,Major coronary heart disease event || id:ukb-d-I9_CHD,Major coronary heart disease event,Major coronary heart disease event ||  || ,TRUE,igd,1030836,9.67E-12,12618680,0.0106,17,Atrial fibrillation,Atrial fibrillation || id:ebi-a-GCST006414,TRUE,reported,igd,2,1,TRUE
90,rs72926475,A,G,A,G,-0.0683,-0.000128596,0.1228,0.123564,FALSE,FALSE,FALSE,Coronary heart disease,2,86594487,0.000586789,361194,0.826532,Major coronary heart disease event || id:ukb-d-I9_CHD,Major coronary heart disease event,Major coronary heart disease event ||  || ,TRUE,igd,1030836,2.37E-11,86594487,0.0102,2,Atrial fibrillation,Atrial fibrillation || id:ebi-a-GCST006414,TRUE,reported,igd,2,1,TRUE
91,rs72966339,T,C,T,C,-0.0616,-0.000374738,0.3679,0.35555,FALSE,FALSE,FALSE,Coronary heart disease,6,122398241,0.000402577,361194,0.351934,Major coronary heart disease event || id:ukb-d-I9_CHD,Major coronary heart disease event,Major coronary heart disease event ||  || ,TRUE,igd,1030836,7.42E-19,122398241,0.0069,6,Atrial fibrillation,Atrial fibrillation || id:ebi-a-GCST006414,TRUE,reported,igd,2,1,TRUE
92,rs73041705,C,T,C,T,-0.0443,4.61E-05,0.2985,0.300162,FALSE,FALSE,FALSE,Coronary heart disease,3,24463235,0.000421812,361194,0.913031,Major coronary heart disease event || id:ukb-d-I9_CHD,Major coronary heart disease event,Major coronary heart disease event ||  || ,TRUE,igd,1030836,1.55E-09,24463235,0.0073,3,Atrial fibrillation,Atrial fibrillation || id:ebi-a-GCST006414,TRUE,reported,igd,2,1,TRUE
93,rs73366713,A,G,A,G,-0.1035,-0.000726661,0.1396,0.143459,FALSE,FALSE,FALSE,Coronary heart disease,6,16415751,0.000550159,361194,0.186562,Major coronary heart disease event || id:ukb-d-I9_CHD,Major coronary heart disease event,Major coronary heart disease event ||  || ,TRUE,igd,1030836,1.53E-25,16415751,0.0099,6,Atrial fibrillation,Atrial fibrillation || id:ebi-a-GCST006414,TRUE,reported,igd,2,1,TRUE
94,rs74500426,T,G,T,G,-0.0921,0.000603997,0.0764,0.0755319,FALSE,FALSE,FALSE,Coronary heart disease,4,174642789,0.000730318,361194,0.408219,Major coronary heart disease event || id:ukb-d-I9_CHD,Major coronary heart disease event,Major coronary heart disease event ||  || ,TRUE,igd,1030836,4.29E-13,174642789,0.0127,4,Atrial fibrillation,Atrial fibrillation || id:ebi-a-GCST006414,TRUE,reported,igd,2,1,TRUE
95,rs74832855,G,A,G,A,0.1216,0.000486154,0.0369,0.0341556,FALSE,FALSE,FALSE,Coronary heart disease,1,170171598,0.00106691,361194,0.64863,Major coronary heart disease event || id:ukb-d-I9_CHD,Major coronary heart disease event,Major coronary heart disease event ||  || ,TRUE,igd,1030836,1.43E-11,170171598,0.018,1,Atrial fibrillation,Atrial fibrillation || id:ebi-a-GCST006414,TRUE,reported,igd,2,1,TRUE
96,rs74884082,T,C,T,C,-0.0493,-0.000153268,0.2495,0.245276,FALSE,FALSE,FALSE,Coronary heart disease,14,73249419,0.000452874,361194,0.735037,Major coronary heart disease event || id:ukb-d-I9_CHD,Major coronary heart disease event,Major coronary heart disease event ||  || ,TRUE,igd,1030836,3.48E-10,73249419,0.0078,14,Atrial fibrillation,Atrial fibrillation || id:ebi-a-GCST006414,TRUE,reported,igd,2,1,TRUE
97,rs74910854,G,A,G,A,0.09,0.000519907,0.0693,0.0690706,FALSE,FALSE,FALSE,Coronary heart disease,7,74110705,0.000761543,361194,0.494795,Major coronary heart disease event || id:ukb-d-I9_CHD,Major coronary heart disease event,Major coronary heart disease event ||  || ,TRUE,igd,1030836,4.31E-08,74110705,0.0164,7,Atrial fibrillation,Atrial fibrillation || id:ebi-a-GCST006414,TRUE,reported,igd,2,1,TRUE
98,rs7508,A,G,A,G,0.0711,0.000518693,0.7109,0.722444,FALSE,FALSE,FALSE,Coronary heart disease,8,17913970,0.000432129,361194,0.230017,Major coronary heart disease event || id:ukb-d-I9_CHD,Major coronary heart disease event,Major coronary heart disease event ||  || ,TRUE,igd,1030836,1.69E-21,17913970,0.0075,8,Atrial fibrillation,Atrial fibrillation || id:ebi-a-GCST006414,TRUE,reported,igd,2,1,TRUE
99,rs7529220,C,T,C,T,0.0621,0.00136807,0.8469,0.865198,FALSE,FALSE,FALSE,Coronary heart disease,1,22282619,0.00056649,361194,0.0157358,Major coronary heart disease event || id:ukb-d-I9_CHD,Major coronary heart disease event,Major coronary heart disease event ||  || ,TRUE,igd,1030836,1.98E-10,22282619,0.0098,1,Atrial fibrillation,Atrial fibrillation || id:ebi-a-GCST006414,TRUE,reported,igd,2,1,TRUE
100,rs7574892,A,G,A,G,0.0552,-0.000464149,0.4847,0.484656,FALSE,FALSE,FALSE,Coronary heart disease,2,175512820,0.000386273,361194,0.229516,Major coronary heart disease event || id:ukb-d-I9_CHD,Major coronary heart disease event,Major coronary heart disease event ||  || ,TRUE,igd,1030836,1.98E-16,175512820,0.0067,2,Atrial fibrillation,Atrial fibrillation || id:ebi-a-GCST006414,TRUE,reported,igd,2,1,TRUE
101,rs76097649,A,G,A,G,0.1151,-7.00E-05,0.0933,0.0904334,FALSE,FALSE,FALSE,Coronary heart disease,11,128764570,0.000670875,361194,0.91694,Major coronary heart disease event || id:ukb-d-I9_CHD,Major coronary heart disease event,Major coronary heart disease event ||  || ,TRUE,igd,1030836,1.26E-20,128764570,0.0124,11,Atrial fibrillation,Atrial fibrillation || id:ebi-a-GCST006414,TRUE,reported,igd,2,1,TRUE
102,rs7612445,T,G,T,G,0.0493,0.000200829,0.1879,0.187226,FALSE,FALSE,FALSE,Coronary heart disease,3,179172979,0.000498819,361194,0.687236,Major coronary heart disease event || id:ukb-d-I9_CHD,Major coronary heart disease event,Major coronary heart disease event ||  || ,TRUE,igd,1030836,4.81E-09,179172979,0.0084,3,Atrial fibrillation,Atrial fibrillation || id:ebi-a-GCST006414,TRUE,reported,igd,2,1,TRUE
103,rs77316573,T,C,T,C,0.0529,0.000289227,0.1991,0.182335,FALSE,FALSE,FALSE,Coronary heart disease,16,2265271,0.000504201,361194,0.566215,Major coronary heart disease event || id:ukb-d-I9_CHD,Major coronary heart disease event,Major coronary heart disease event ||  || ,TRUE,igd,1030836,3.26E-09,2265271,0.0089,16,Atrial fibrillation,Atrial fibrillation || id:ebi-a-GCST006414,TRUE,reported,igd,2,1,TRUE
104,rs775498,G,A,G,A,0.0423,-0.00052742,0.2798,0.286613,FALSE,FALSE,FALSE,Coronary heart disease,12,70071513,0.000426664,361194,0.216404,Major coronary heart disease event || id:ukb-d-I9_CHD,Major coronary heart disease event,Major coronary heart disease event ||  || ,TRUE,igd,1030836,1.05E-08,70071513,0.0074,12,Atrial fibrillation,Atrial fibrillation || id:ebi-a-GCST006414,TRUE,reported,igd,2,1,TRUE
105,rs7789146,A,G,A,G,-0.0584,0.000467185,0.1787,0.173314,FALSE,FALSE,FALSE,Coronary heart disease,7,150661409,0.000509095,361194,0.358789,Major coronary heart disease event || id:ukb-d-I9_CHD,Major coronary heart disease event,Major coronary heart disease event ||  || ,TRUE,igd,1030836,2.12E-11,150661409,0.0087,7,Atrial fibrillation,Atrial fibrillation || id:ebi-a-GCST006414,TRUE,reported,igd,2,1,TRUE
106,rs7915134,T,C,T,C,-0.1168,0.000737167,0.1439,0.140825,FALSE,FALSE,FALSE,Coronary heart disease,10,75420180,0.000554231,361194,0.183496,Major coronary heart disease event || id:ukb-d-I9_CHD,Major coronary heart disease event,Major coronary heart disease event ||  || ,TRUE,igd,1030836,1.42E-34,75420180,0.0095,10,Atrial fibrillation,Atrial fibrillation || id:ebi-a-GCST006414,TRUE,reported,igd,2,1,TRUE
107,rs79187193,A,G,A,G,-0.1162,-0.0021352,0.0569,0.0491752,FALSE,FALSE,FALSE,Coronary heart disease,1,147255831,0.000911535,361194,0.0191593,Major coronary heart disease event || id:ukb-d-I9_CHD,Major coronary heart disease event,Major coronary heart disease event ||  || ,TRUE,igd,1030836,3.15E-14,147255831,0.0153,1,Atrial fibrillation,Atrial fibrillation || id:ebi-a-GCST006414,TRUE,reported,igd,2,1,TRUE
108,rs8088085,C,A,C,A,-0.0365,-0.000809596,0.4646,0.456772,FALSE,FALSE,FALSE,Coronary heart disease,18,48708548,0.000386893,361194,0.036389,Major coronary heart disease event || id:ukb-d-I9_CHD,Major coronary heart disease event,Major coronary heart disease event ||  || ,TRUE,igd,1030836,4.79E-08,48708548,0.0067,18,Atrial fibrillation,Atrial fibrillation || id:ebi-a-GCST006414,TRUE,reported,igd,2,1,TRUE
109,rs883079,T,C,T,C,0.0981,0.000371614,0.7074,0.735131,FALSE,FALSE,FALSE,Coronary heart disease,12,114793240,0.00043641,361194,0.394478,Major coronary heart disease event || id:ukb-d-I9_CHD,Major coronary heart disease event,Major coronary heart disease event ||  || ,TRUE,igd,1030836,2.84E-40,114793240,0.0074,12,Atrial fibrillation,Atrial fibrillation || id:ebi-a-GCST006414,TRUE,reported,igd,2,1,TRUE
110,rs9506925,T,C,T,C,0.0449,-0.000269226,0.2669,0.280275,FALSE,FALSE,FALSE,Coronary heart disease,13,23368943,0.000430566,361194,0.531784,Major coronary heart disease event || id:ukb-d-I9_CHD,Major coronary heart disease event,Major coronary heart disease event ||  || ,TRUE,igd,1030836,2.72E-09,23368943,0.0075,13,Atrial fibrillation,Atrial fibrillation || id:ebi-a-GCST006414,TRUE,reported,igd,2,1,TRUE
111,rs9953366,C,T,C,T,0.049,0.00153996,0.6631,0.677756,FALSE,FALSE,FALSE,Coronary heart disease,18,46474192,0.000418531,361194,0.000233787,Major coronary heart disease event || id:ukb-d-I9_CHD,Major coronary heart disease event,Major coronary heart disease event ||  || ,TRUE,igd,1030836,1.82E-11,46474192,0.0073,18,Atrial fibrillation,Atrial fibrillation || id:ebi-a-GCST006414,TRUE,reported,igd,2,1,TRUE
