,SNP,effect_allele.exposure,other_allele.exposure,effect_allele.outcome,other_allele.outcome,beta.exposure,beta.outcome,eaf.exposure,eaf.outcome,remove,palindromic,ambiguous,id.outcome,chr,pos,se.outcome,samplesize.outcome,pval.outcome,outcome,originalname.outcome,outcome.deprecated,mr_keep.outcome,data_source.outcome,proxy.outcome,target_snp.outcome,proxy_snp.outcome,target_a1.outcome,target_a2.outcome,proxy_a1.outcome,proxy_a2.outcome,samplesize.exposure,pval.exposure,pos.exposure,se.exposure,chr.exposure,id.exposure,exposure,mr_keep.exposure,pval_origin.exposure,data_source.exposure,action,SNP_index,mr_keep
1,rs10141892,C,T,C,T,-0.0452,3.35E-05,0.5833,0.58867,FALSE,FALSE,FALSE,Hypertension,14,35184323,0.000141727,462933,0.81,"Non-cancer illness code, self-reported: essential hypertension || id:ukb-b-7582","Non-cancer illness code, self-reported: essential hypertension","Non-cancer illness code, self-reported: essential hypertension ||  || ",TRUE,igd,NA,NA,NA,NA,NA,NA,NA,1030836,2.95E-11,35184323,0.0068,14,Atrial fibrillation,Atrial fibrillation || id:ebi-a-GCST006414,TRUE,reported,igd,2,1,TRUE
2,rs10458662,G,T,G,T,0.0544,-0.00034914,0.1722,0.167726,FALSE,FALSE,FALSE,Hypertension,10,77936670,0.000186853,462933,0.0619998,"Non-cancer illness code, self-reported: essential hypertension || id:ukb-b-7582","Non-cancer illness code, self-reported: essential hypertension","Non-cancer illness code, self-reported: essential hypertension ||  || ",TRUE,igd,NA,NA,NA,NA,NA,NA,NA,1030836,6.93E-10,77936670,0.0088,10,Atrial fibrillation,Atrial fibrillation || id:ebi-a-GCST006414,TRUE,reported,igd,2,1,TRUE
3,rs10520260,G,A,G,A,-0.0457,4.07E-05,0.3214,0.321227,FALSE,FALSE,FALSE,Hypertension,4,174447349,0.000152386,462933,0.79,"Non-cancer illness code, self-reported: essential hypertension || id:ukb-b-7582","Non-cancer illness code, self-reported: essential hypertension","Non-cancer illness code, self-reported: essential hypertension ||  || ",TRUE,igd,NA,NA,NA,NA,NA,NA,NA,1030836,3.36E-10,174447349,0.0073,4,Atrial fibrillation,Atrial fibrillation || id:ebi-a-GCST006414,TRUE,reported,igd,2,1,TRUE
4,rs10753933,G,T,G,T,-0.0609,-0.000131842,0.5518,0.550925,FALSE,FALSE,FALSE,Hypertension,1,203026214,0.000140374,462933,0.35,"Non-cancer illness code, self-reported: essential hypertension || id:ukb-b-7582","Non-cancer illness code, self-reported: essential hypertension","Non-cancer illness code, self-reported: essential hypertension ||  || ",TRUE,igd,NA,NA,NA,NA,NA,NA,NA,1030836,9.84E-20,203026214,0.0067,1,Atrial fibrillation,Atrial fibrillation || id:ebi-a-GCST006414,TRUE,reported,igd,2,1,TRUE
5,rs10804493,A,G,A,G,0.0558,0.00018455,0.6505,0.668889,FALSE,FALSE,FALSE,Hypertension,3,111554426,0.000148637,462933,0.21,"Non-cancer illness code, self-reported: essential hypertension || id:ukb-b-7582","Non-cancer illness code, self-reported: essential hypertension","Non-cancer illness code, self-reported: essential hypertension ||  || ",TRUE,igd,NA,NA,NA,NA,NA,NA,NA,1030836,1.63E-15,111554426,0.007,3,Atrial fibrillation,Atrial fibrillation || id:ebi-a-GCST006414,TRUE,reported,igd,2,1,TRUE
6,rs10821415,A,C,A,C,0.0821,-4.07E-05,0.4132,0.421076,FALSE,FALSE,FALSE,Hypertension,9,97713459,0.000141286,462933,0.77,"Non-cancer illness code, self-reported: essential hypertension || id:ukb-b-7582","Non-cancer illness code, self-reported: essential hypertension","Non-cancer illness code, self-reported: essential hypertension ||  || ",TRUE,igd,NA,NA,NA,NA,NA,NA,NA,1030836,2.92E-34,97713459,0.0067,9,Atrial fibrillation,Atrial fibrillation || id:ebi-a-GCST006414,TRUE,reported,igd,2,1,TRUE
7,rs10842383,T,C,T,C,-0.0988,-0.000149576,0.1478,0.178708,FALSE,FALSE,FALSE,Hypertension,12,24779491,0.000182106,462933,0.41,"Non-cancer illness code, self-reported: essential hypertension || id:ukb-b-7582","Non-cancer illness code, self-reported: essential hypertension","Non-cancer illness code, self-reported: essential hypertension ||  || ",TRUE,igd,TRUE,rs10842383,rs4963776,T,C,T,G,1030836,2.88E-25,24771967,0.0095,12,Atrial fibrillation,Atrial fibrillation || id:ebi-a-GCST006414,TRUE,reported,igd,2,1,TRUE
8,rs11191116,T,C,T,C,-0.041,-0.000139372,0.348,0.352039,FALSE,FALSE,FALSE,Hypertension,10,103555611,0.000146455,462933,0.34,"Non-cancer illness code, self-reported: essential hypertension || id:ukb-b-7582","Non-cancer illness code, self-reported: essential hypertension","Non-cancer illness code, self-reported: essential hypertension ||  || ",TRUE,igd,NA,NA,NA,NA,NA,NA,NA,1030836,4.42E-09,103555611,0.007,10,Atrial fibrillation,Atrial fibrillation || id:ebi-a-GCST006414,TRUE,reported,igd,2,1,TRUE
9,rs11264280,T,C,T,C,0.1347,1.67E-05,0.333,0.32537,FALSE,FALSE,FALSE,Hypertension,1,154862952,0.00014928,462933,0.91,"Non-cancer illness code, self-reported: essential hypertension || id:ukb-b-7582","Non-cancer illness code, self-reported: essential hypertension","Non-cancer illness code, self-reported: essential hypertension ||  || ",TRUE,igd,NA,NA,NA,NA,NA,NA,NA,1030836,3.07E-79,154862952,0.0071,1,Atrial fibrillation,Atrial fibrillation || id:ebi-a-GCST006414,TRUE,reported,igd,2,1,TRUE
10,rs11773845,A,C,A,C,0.1054,-0.000236084,0.5856,0.590588,FALSE,FALSE,FALSE,Hypertension,7,116191301,0.000141964,462933,0.0959997,"Non-cancer illness code, self-reported: essential hypertension || id:ukb-b-7582","Non-cancer illness code, self-reported: essential hypertension","Non-cancer illness code, self-reported: essential hypertension ||  || ",TRUE,igd,NA,NA,NA,NA,NA,NA,NA,1030836,2.39E-55,116191301,0.0067,7,Atrial fibrillation,Atrial fibrillation || id:ebi-a-GCST006414,TRUE,reported,igd,2,1,TRUE
11,rs12245149,A,C,A,C,-0.047,-3.80E-05,0.4739,0.486317,FALSE,FALSE,FALSE,Hypertension,10,65321147,0.000139736,462933,0.79,"Non-cancer illness code, self-reported: essential hypertension || id:ukb-b-7582","Non-cancer illness code, self-reported: essential hypertension","Non-cancer illness code, self-reported: essential hypertension ||  || ",TRUE,igd,NA,NA,NA,NA,NA,NA,NA,1030836,1.66E-12,65321147,0.0067,10,Atrial fibrillation,Atrial fibrillation || id:ebi-a-GCST006414,TRUE,reported,igd,2,1,TRUE
12,rs12426679,T,C,T,C,-0.0391,0.000143778,0.5278,0.511099,FALSE,FALSE,FALSE,Hypertension,12,76237987,0.000139689,462933,0.3,"Non-cancer illness code, self-reported: essential hypertension || id:ukb-b-7582","Non-cancer illness code, self-reported: essential hypertension","Non-cancer illness code, self-reported: essential hypertension ||  || ",TRUE,igd,NA,NA,NA,NA,NA,NA,NA,1030836,4.95E-09,76237987,0.0067,12,Atrial fibrillation,Atrial fibrillation || id:ebi-a-GCST006414,TRUE,reported,igd,2,1,TRUE
13,rs1278493,A,G,A,G,-0.0389,-3.38E-05,0.5645,0.566262,FALSE,FALSE,FALSE,Hypertension,3,135814009,0.000140566,462933,0.81,"Non-cancer illness code, self-reported: essential hypertension || id:ukb-b-7582","Non-cancer illness code, self-reported: essential hypertension","Non-cancer illness code, self-reported: essential hypertension ||  || ",TRUE,igd,NA,NA,NA,NA,NA,NA,NA,1030836,8.77E-09,135814009,0.0068,3,Atrial fibrillation,Atrial fibrillation || id:ebi-a-GCST006414,TRUE,reported,igd,2,1,TRUE
14,rs133885,A,G,A,G,0.0405,-0.00021915,0.4377,0.4465,FALSE,FALSE,FALSE,Hypertension,22,26159289,0.000140249,462933,0.12,"Non-cancer illness code, self-reported: essential hypertension || id:ukb-b-7582","Non-cancer illness code, self-reported: essential hypertension","Non-cancer illness code, self-reported: essential hypertension ||  || ",TRUE,igd,NA,NA,NA,NA,NA,NA,NA,1030836,2.22E-09,26159289,0.0068,22,Atrial fibrillation,Atrial fibrillation || id:ebi-a-GCST006414,TRUE,reported,igd,2,1,TRUE
15,rs1458038,T,C,T,C,0.0434,0.000286102,0.3087,0.291293,FALSE,FALSE,FALSE,Hypertension,4,81164723,0.000154136,462933,0.0629999,"Non-cancer illness code, self-reported: essential hypertension || id:ukb-b-7582","Non-cancer illness code, self-reported: essential hypertension","Non-cancer illness code, self-reported: essential hypertension ||  || ",TRUE,igd,NA,NA,NA,NA,NA,NA,NA,1030836,1.74E-09,81164723,0.0072,4,Atrial fibrillation,Atrial fibrillation || id:ebi-a-GCST006414,TRUE,reported,igd,2,1,TRUE
16,rs1563304,T,C,T,C,0.0644,9.69E-05,0.178,0.178739,FALSE,FALSE,FALSE,Hypertension,17,44874453,0.000182585,462933,0.6,"Non-cancer illness code, self-reported: essential hypertension || id:ukb-b-7582","Non-cancer illness code, self-reported: essential hypertension","Non-cancer illness code, self-reported: essential hypertension ||  || ",TRUE,igd,NA,NA,NA,NA,NA,NA,NA,1030836,2.56E-12,44874453,0.0092,17,Atrial fibrillation,Atrial fibrillation || id:ebi-a-GCST006414,TRUE,reported,igd,2,1,TRUE
17,rs17171711,T,C,T,C,0.1086,-0.000181151,0.1775,0.178933,FALSE,FALSE,FALSE,Hypertension,5,137364795,0.000182258,462933,0.32,"Non-cancer illness code, self-reported: essential hypertension || id:ukb-b-7582","Non-cancer illness code, self-reported: essential hypertension","Non-cancer illness code, self-reported: essential hypertension ||  || ",TRUE,igd,NA,NA,NA,NA,NA,NA,NA,1030836,1.95E-35,137364795,0.0087,5,Atrial fibrillation,Atrial fibrillation || id:ebi-a-GCST006414,TRUE,reported,igd,2,1,TRUE
18,rs17380837,T,C,T,C,-0.0501,0.000110282,0.307,0.297412,FALSE,FALSE,FALSE,Hypertension,12,26345526,0.000153137,462933,0.47,"Non-cancer illness code, self-reported: essential hypertension || id:ukb-b-7582","Non-cancer illness code, self-reported: essential hypertension","Non-cancer illness code, self-reported: essential hypertension ||  || ",TRUE,igd,NA,NA,NA,NA,NA,NA,NA,1030836,4.80E-12,26345526,0.0072,12,Atrial fibrillation,Atrial fibrillation || id:ebi-a-GCST006414,TRUE,reported,igd,2,1,TRUE
19,rs1838747,G,A,G,A,0.0391,8.70E-05,0.4954,0.492579,FALSE,FALSE,FALSE,Hypertension,5,114426668,0.000139697,462933,0.53,"Non-cancer illness code, self-reported: essential hypertension || id:ukb-b-7582","Non-cancer illness code, self-reported: essential hypertension","Non-cancer illness code, self-reported: essential hypertension ||  || ",TRUE,igd,NA,NA,NA,NA,NA,NA,NA,1030836,4.13E-09,114426668,0.0067,5,Atrial fibrillation,Atrial fibrillation || id:ebi-a-GCST006414,TRUE,reported,igd,2,1,TRUE
20,rs1906615,T,G,T,G,0.3658,-0.000161992,0.1991,0.196647,FALSE,FALSE,FALSE,Hypertension,4,111701798,0.000175817,462933,0.36,"Non-cancer illness code, self-reported: essential hypertension || id:ukb-b-7582","Non-cancer illness code, self-reported: essential hypertension","Non-cancer illness code, self-reported: essential hypertension ||  || ",TRUE,igd,NA,NA,NA,NA,NA,NA,NA,1030836,1.00E-200,111701798,0.0081,4,Atrial fibrillation,Atrial fibrillation || id:ebi-a-GCST006414,TRUE,reported,igd,2,1,TRUE
21,rs2031522,G,A,G,A,-0.0436,0.000189218,0.3764,0.38722,FALSE,FALSE,FALSE,Hypertension,6,87821501,0.000143197,462933,0.19,"Non-cancer illness code, self-reported: essential hypertension || id:ukb-b-7582","Non-cancer illness code, self-reported: essential hypertension","Non-cancer illness code, self-reported: essential hypertension ||  || ",TRUE,igd,NA,NA,NA,NA,NA,NA,NA,1030836,1.47E-10,87821501,0.0068,6,Atrial fibrillation,Atrial fibrillation || id:ebi-a-GCST006414,TRUE,reported,igd,2,1,TRUE
22,rs2274115,G,A,G,A,0.0487,0.000235303,0.7003,0.711419,FALSE,FALSE,FALSE,Hypertension,9,139094773,0.000155873,462933,0.13,"Non-cancer illness code, self-reported: essential hypertension || id:ukb-b-7582","Non-cancer illness code, self-reported: essential hypertension","Non-cancer illness code, self-reported: essential hypertension ||  || ",TRUE,igd,NA,NA,NA,NA,NA,NA,NA,1030836,1.69E-10,139094773,0.0076,9,Atrial fibrillation,Atrial fibrillation || id:ebi-a-GCST006414,TRUE,reported,igd,2,1,TRUE
23,rs2288327,G,A,G,A,0.0919,3.23E-05,0.1564,0.167167,FALSE,FALSE,FALSE,Hypertension,2,179562140,0.000187023,462933,0.86,"Non-cancer illness code, self-reported: essential hypertension || id:ukb-b-7582","Non-cancer illness code, self-reported: essential hypertension","Non-cancer illness code, self-reported: essential hypertension ||  || ",TRUE,igd,TRUE,rs2288327,rs6755456,G,A,C,T,1030836,7.26E-25,179411665,0.0089,2,Atrial fibrillation,Atrial fibrillation || id:ebi-a-GCST006414,TRUE,reported,igd,2,1,TRUE
24,rs2359171,A,T,A,T,0.1746,-8.39E-05,0.176,0.167094,FALSE,TRUE,FALSE,Hypertension,16,73053022,0.000187046,462933,0.649999,"Non-cancer illness code, self-reported: essential hypertension || id:ukb-b-7582","Non-cancer illness code, self-reported: essential hypertension","Non-cancer illness code, self-reported: essential hypertension ||  || ",TRUE,igd,NA,NA,NA,NA,NA,NA,NA,1030836,4.65E-91,73053022,0.0086,16,Atrial fibrillation,Atrial fibrillation || id:ebi-a-GCST006414,TRUE,reported,igd,2,1,TRUE
25,rs2540949,T,A,T,A,-0.0659,0.000201526,0.3847,0.375678,FALSE,TRUE,FALSE,Hypertension,2,65284231,0.000143971,462933,0.16,"Non-cancer illness code, self-reported: essential hypertension || id:ukb-b-7582","Non-cancer illness code, self-reported: essential hypertension","Non-cancer illness code, self-reported: essential hypertension ||  || ",TRUE,igd,NA,NA,NA,NA,NA,NA,NA,1030836,2.95E-22,65284231,0.0068,2,Atrial fibrillation,Atrial fibrillation || id:ebi-a-GCST006414,TRUE,reported,igd,2,1,TRUE
26,rs2738413,G,A,G,A,-0.0778,0.000217436,0.5049,0.510117,FALSE,FALSE,FALSE,Hypertension,14,64679960,0.00013975,462933,0.12,"Non-cancer illness code, self-reported: essential hypertension || id:ukb-b-7582","Non-cancer illness code, self-reported: essential hypertension","Non-cancer illness code, self-reported: essential hypertension ||  || ",TRUE,igd,NA,NA,NA,NA,NA,NA,NA,1030836,2.55E-31,64679960,0.0067,14,Atrial fibrillation,Atrial fibrillation || id:ebi-a-GCST006414,TRUE,reported,igd,2,1,TRUE
27,rs2739197,G,C,G,C,0.116,0.000451409,0.2458,0.246075,FALSE,TRUE,FALSE,Hypertension,4,111543323,0.000163865,462933,0.00589997,"Non-cancer illness code, self-reported: essential hypertension || id:ukb-b-7582","Non-cancer illness code, self-reported: essential hypertension","Non-cancer illness code, self-reported: essential hypertension ||  || ",TRUE,igd,NA,NA,NA,NA,NA,NA,NA,1030836,3.20E-41,111543323,0.0086,4,Atrial fibrillation,Atrial fibrillation || id:ebi-a-GCST006414,TRUE,reported,igd,2,1,TRUE
28,rs2759301,A,G,A,G,0.039,0.00023726,0.4542,0.447488,FALSE,FALSE,FALSE,Hypertension,15,80994288,0.000140483,462933,0.0909997,"Non-cancer illness code, self-reported: essential hypertension || id:ukb-b-7582","Non-cancer illness code, self-reported: essential hypertension","Non-cancer illness code, self-reported: essential hypertension ||  || ",TRUE,igd,NA,NA,NA,NA,NA,NA,NA,1030836,5.04E-09,80994288,0.0067,15,Atrial fibrillation,Atrial fibrillation || id:ebi-a-GCST006414,TRUE,reported,igd,2,1,TRUE
29,rs284277,A,C,A,C,-0.0422,-5.03E-05,0.6174,0.642086,FALSE,FALSE,FALSE,Hypertension,1,10790797,0.000145978,462933,0.73,"Non-cancer illness code, self-reported: essential hypertension || id:ukb-b-7582","Non-cancer illness code, self-reported: essential hypertension","Non-cancer illness code, self-reported: essential hypertension ||  || ",TRUE,igd,NA,NA,NA,NA,NA,NA,NA,1030836,1.25E-09,10790797,0.0069,1,Atrial fibrillation,Atrial fibrillation || id:ebi-a-GCST006414,TRUE,reported,igd,2,1,TRUE
30,rs2860482,C,A,C,A,-0.054,-0.000110085,0.726,0.720175,FALSE,FALSE,FALSE,Hypertension,12,57105938,0.000155498,462933,0.48,"Non-cancer illness code, self-reported: essential hypertension || id:ukb-b-7582","Non-cancer illness code, self-reported: essential hypertension","Non-cancer illness code, self-reported: essential hypertension ||  || ",TRUE,igd,NA,NA,NA,NA,NA,NA,NA,1030836,1.21E-12,57105938,0.0076,12,Atrial fibrillation,Atrial fibrillation || id:ebi-a-GCST006414,TRUE,reported,igd,2,1,TRUE
31,rs28631169,T,C,T,C,0.0522,-0.000109605,0.1982,0.204056,FALSE,FALSE,FALSE,Hypertension,14,23888183,0.000173429,462933,0.53,"Non-cancer illness code, self-reported: essential hypertension || id:ukb-b-7582","Non-cancer illness code, self-reported: essential hypertension","Non-cancer illness code, self-reported: essential hypertension ||  || ",TRUE,igd,NA,NA,NA,NA,NA,NA,NA,1030836,5.35E-10,23888183,0.0084,14,Atrial fibrillation,Atrial fibrillation || id:ebi-a-GCST006414,TRUE,reported,igd,2,1,TRUE
32,rs2885697,T,G,T,G,-0.0439,-0.000208231,0.6482,0.665143,FALSE,FALSE,FALSE,Hypertension,1,41544279,0.00014776,462933,0.16,"Non-cancer illness code, self-reported: essential hypertension || id:ukb-b-7582","Non-cancer illness code, self-reported: essential hypertension","Non-cancer illness code, self-reported: essential hypertension ||  || ",TRUE,igd,NA,NA,NA,NA,NA,NA,NA,1030836,2.88E-10,41544279,0.007,1,Atrial fibrillation,Atrial fibrillation || id:ebi-a-GCST006414,TRUE,reported,igd,2,1,TRUE
33,rs3176326,A,G,A,G,-0.0626,-1.26E-05,0.1982,0.198925,FALSE,FALSE,FALSE,Hypertension,6,36647289,0.000175661,462933,0.94,"Non-cancer illness code, self-reported: essential hypertension || id:ukb-b-7582","Non-cancer illness code, self-reported: essential hypertension","Non-cancer illness code, self-reported: essential hypertension ||  || ",TRUE,igd,NA,NA,NA,NA,NA,NA,NA,1030836,1.42E-13,36647289,0.0085,6,Atrial fibrillation,Atrial fibrillation || id:ebi-a-GCST006414,TRUE,reported,igd,2,1,TRUE
34,rs337705,G,T,G,T,0.0564,4.97E-05,0.3749,0.390009,FALSE,FALSE,FALSE,Hypertension,5,113737062,0.000142982,462933,0.73,"Non-cancer illness code, self-reported: essential hypertension || id:ukb-b-7582","Non-cancer illness code, self-reported: essential hypertension","Non-cancer illness code, self-reported: essential hypertension ||  || ",TRUE,igd,NA,NA,NA,NA,NA,NA,NA,1030836,1.63E-16,113737062,0.0068,5,Atrial fibrillation,Atrial fibrillation || id:ebi-a-GCST006414,TRUE,reported,igd,2,1,TRUE
35,rs34080181,A,G,A,G,-0.0446,0.000282342,0.379,0.391595,FALSE,FALSE,FALSE,Hypertension,3,66454191,0.000143728,462933,0.0490004,"Non-cancer illness code, self-reported: essential hypertension || id:ukb-b-7582","Non-cancer illness code, self-reported: essential hypertension","Non-cancer illness code, self-reported: essential hypertension ||  || ",TRUE,igd,NA,NA,NA,NA,NA,NA,NA,1030836,1.28E-10,66454191,0.0069,3,Atrial fibrillation,Atrial fibrillation || id:ebi-a-GCST006414,TRUE,reported,igd,2,1,TRUE
36,rs34969716,A,G,A,G,0.0702,0.000280501,0.3051,0.317727,FALSE,FALSE,FALSE,Hypertension,6,18210109,0.000156389,462933,0.0729995,"Non-cancer illness code, self-reported: essential hypertension || id:ukb-b-7582","Non-cancer illness code, self-reported: essential hypertension","Non-cancer illness code, self-reported: essential hypertension ||  || ",TRUE,igd,NA,NA,NA,NA,NA,NA,NA,1030836,1.60E-19,18210109,0.0078,6,Atrial fibrillation,Atrial fibrillation || id:ebi-a-GCST006414,TRUE,reported,igd,2,1,TRUE
37,rs35544454,T,A,T,A,-0.0589,8.78E-05,0.1918,0.18177,FALSE,TRUE,FALSE,Hypertension,2,213266003,0.000181829,462933,0.630001,"Non-cancer illness code, self-reported: essential hypertension || id:ukb-b-7582","Non-cancer illness code, self-reported: essential hypertension","Non-cancer illness code, self-reported: essential hypertension ||  || ",TRUE,igd,NA,NA,NA,NA,NA,NA,NA,1030836,1.10E-11,213266003,0.0087,2,Atrial fibrillation,Atrial fibrillation || id:ebi-a-GCST006414,TRUE,reported,igd,2,1,TRUE
38,rs35569628,C,T,C,T,-0.0452,-0.000137187,0.223,0.225378,FALSE,FALSE,FALSE,Hypertension,13,113872712,0.000166971,462933,0.41,"Non-cancer illness code, self-reported: essential hypertension || id:ukb-b-7582","Non-cancer illness code, self-reported: essential hypertension","Non-cancer illness code, self-reported: essential hypertension ||  || ",TRUE,igd,NA,NA,NA,NA,NA,NA,NA,1030836,1.38E-08,113872712,0.008,13,Atrial fibrillation,Atrial fibrillation || id:ebi-a-GCST006414,TRUE,reported,igd,2,1,TRUE
39,rs4073778,A,C,A,C,0.0486,-5.81E-05,0.5639,0.569201,FALSE,FALSE,FALSE,Hypertension,1,116297758,0.000141314,462933,0.68,"Non-cancer illness code, self-reported: essential hypertension || id:ukb-b-7582","Non-cancer illness code, self-reported: essential hypertension","Non-cancer illness code, self-reported: essential hypertension ||  || ",TRUE,igd,NA,NA,NA,NA,NA,NA,NA,1030836,4.96E-13,116297758,0.0067,1,Atrial fibrillation,Atrial fibrillation || id:ebi-a-GCST006414,TRUE,reported,igd,2,1,TRUE
40,rs4252627,T,C,T,C,-0.0415,0.00016776,0.6679,0.675475,FALSE,FALSE,FALSE,Hypertension,17,37868715,0.000149144,462933,0.26,"Non-cancer illness code, self-reported: essential hypertension || id:ukb-b-7582","Non-cancer illness code, self-reported: essential hypertension","Non-cancer illness code, self-reported: essential hypertension ||  || ",TRUE,igd,NA,NA,NA,NA,NA,NA,NA,1030836,5.63E-09,37868715,0.0071,17,Atrial fibrillation,Atrial fibrillation || id:ebi-a-GCST006414,TRUE,reported,igd,2,1,TRUE
41,rs4587869,C,G,C,G,0.0716,8.63E-05,0.2849,0.275351,FALSE,TRUE,FALSE,Hypertension,14,32992334,0.000158865,462933,0.59,"Non-cancer illness code, self-reported: essential hypertension || id:ukb-b-7582","Non-cancer illness code, self-reported: essential hypertension","Non-cancer illness code, self-reported: essential hypertension ||  || ",TRUE,igd,NA,NA,NA,NA,NA,NA,NA,1030836,1.19E-20,32992334,0.0077,14,Atrial fibrillation,Atrial fibrillation || id:ebi-a-GCST006414,TRUE,reported,igd,2,1,TRUE
42,rs4642101,G,T,G,T,0.0706,6.38E-05,0.6397,0.65052,FALSE,FALSE,FALSE,Hypertension,3,12842223,0.000146389,462933,0.66,"Non-cancer illness code, self-reported: essential hypertension || id:ukb-b-7582","Non-cancer illness code, self-reported: essential hypertension","Non-cancer illness code, self-reported: essential hypertension ||  || ",TRUE,igd,NA,NA,NA,NA,NA,NA,NA,1030836,2.95E-24,12842223,0.0069,3,Atrial fibrillation,Atrial fibrillation || id:ebi-a-GCST006414,TRUE,reported,igd,2,1,TRUE
43,rs464901,C,T,C,T,-0.0508,0.000277933,0.3353,0.342045,FALSE,FALSE,FALSE,Hypertension,22,18597502,0.000148149,462933,0.061,"Non-cancer illness code, self-reported: essential hypertension || id:ukb-b-7582","Non-cancer illness code, self-reported: essential hypertension","Non-cancer illness code, self-reported: essential hypertension ||  || ",TRUE,igd,NA,NA,NA,NA,NA,NA,NA,1030836,1.53E-12,18597502,0.0072,22,Atrial fibrillation,Atrial fibrillation || id:ebi-a-GCST006414,TRUE,reported,igd,2,1,TRUE
44,rs4757877,G,A,G,A,-0.0723,-5.15E-05,0.7552,0.776191,FALSE,FALSE,FALSE,Hypertension,11,20010291,0.000167268,462933,0.760001,"Non-cancer illness code, self-reported: essential hypertension || id:ukb-b-7582","Non-cancer illness code, self-reported: essential hypertension","Non-cancer illness code, self-reported: essential hypertension ||  || ",TRUE,igd,NA,NA,NA,NA,NA,NA,NA,1030836,2.93E-20,20010291,0.0078,11,Atrial fibrillation,Atrial fibrillation || id:ebi-a-GCST006414,TRUE,reported,igd,2,1,TRUE
45,rs4935786,A,T,A,T,-0.0463,0.000262647,0.7327,0.732171,FALSE,TRUE,FALSE,Hypertension,11,121661507,0.000160781,462933,0.1,"Non-cancer illness code, self-reported: essential hypertension || id:ukb-b-7582","Non-cancer illness code, self-reported: essential hypertension","Non-cancer illness code, self-reported: essential hypertension ||  || ",TRUE,igd,NA,NA,NA,NA,NA,NA,NA,1030836,4.85E-09,121661507,0.0079,11,Atrial fibrillation,Atrial fibrillation || id:ebi-a-GCST006414,TRUE,reported,igd,2,1,TRUE
46,rs4946333,G,A,G,A,0.0639,0.000164621,0.4897,0.501772,FALSE,FALSE,FALSE,Hypertension,6,118565665,0.00013975,462933,0.24,"Non-cancer illness code, self-reported: essential hypertension || id:ukb-b-7582","Non-cancer illness code, self-reported: essential hypertension","Non-cancer illness code, self-reported: essential hypertension ||  || ",TRUE,igd,NA,NA,NA,NA,NA,NA,NA,1030836,5.47E-22,118565665,0.0066,6,Atrial fibrillation,Atrial fibrillation || id:ebi-a-GCST006414,TRUE,reported,igd,2,1,TRUE
47,rs4965430,G,C,G,C,-0.0441,-6.08E-05,0.6136,0.627011,FALSE,TRUE,FALSE,Hypertension,15,99268850,0.000144873,462933,0.67,"Non-cancer illness code, self-reported: essential hypertension || id:ukb-b-7582","Non-cancer illness code, self-reported: essential hypertension","Non-cancer illness code, self-reported: essential hypertension ||  || ",TRUE,igd,NA,NA,NA,NA,NA,NA,NA,1030836,1.26E-10,99268850,0.0069,15,Atrial fibrillation,Atrial fibrillation || id:ebi-a-GCST006414,TRUE,reported,igd,2,1,TRUE
48,rs55734480,A,G,A,G,0.0548,0.00012329,0.2494,0.266195,FALSE,FALSE,FALSE,Hypertension,7,14372009,0.000158013,462933,0.44,"Non-cancer illness code, self-reported: essential hypertension || id:ukb-b-7582","Non-cancer illness code, self-reported: essential hypertension","Non-cancer illness code, self-reported: essential hypertension ||  || ",TRUE,igd,NA,NA,NA,NA,NA,NA,NA,1030836,2.20E-12,14372009,0.0078,7,Atrial fibrillation,Atrial fibrillation || id:ebi-a-GCST006414,TRUE,reported,igd,2,1,TRUE
49,rs56201652,A,G,A,G,-0.0531,-0.000225347,0.267,0.269261,FALSE,FALSE,FALSE,Hypertension,7,92278116,0.000157699,462933,0.15,"Non-cancer illness code, self-reported: essential hypertension || id:ukb-b-7582","Non-cancer illness code, self-reported: essential hypertension","Non-cancer illness code, self-reported: essential hypertension ||  || ",TRUE,igd,NA,NA,NA,NA,NA,NA,NA,1030836,1.74E-12,92278116,0.0075,7,Atrial fibrillation,Atrial fibrillation || id:ebi-a-GCST006414,TRUE,reported,igd,2,1,TRUE
50,rs56326533,C,T,C,T,0.0685,0.000192989,0.3919,0.391314,FALSE,FALSE,FALSE,Hypertension,2,201168758,0.000142772,462933,0.18,"Non-cancer illness code, self-reported: essential hypertension || id:ukb-b-7582","Non-cancer illness code, self-reported: essential hypertension","Non-cancer illness code, self-reported: essential hypertension ||  || ",TRUE,igd,NA,NA,NA,NA,NA,NA,NA,1030836,6.28E-24,201168758,0.0068,2,Atrial fibrillation,Atrial fibrillation || id:ebi-a-GCST006414,TRUE,reported,igd,2,1,TRUE
51,rs577676,T,C,T,C,-0.0923,-8.49E-05,0.4383,0.440857,FALSE,FALSE,FALSE,Hypertension,1,170587340,0.000140341,462933,0.55,"Non-cancer illness code, self-reported: essential hypertension || id:ukb-b-7582","Non-cancer illness code, self-reported: essential hypertension","Non-cancer illness code, self-reported: essential hypertension ||  || ",TRUE,igd,NA,NA,NA,NA,NA,NA,NA,1030836,1.62E-43,170587340,0.0067,1,Atrial fibrillation,Atrial fibrillation || id:ebi-a-GCST006414,TRUE,reported,igd,2,1,TRUE
52,rs60902112,T,C,T,C,0.0445,-0.00019143,0.2262,0.221286,FALSE,FALSE,FALSE,Hypertension,3,194800853,0.000168119,462933,0.25,"Non-cancer illness code, self-reported: essential hypertension || id:ukb-b-7582","Non-cancer illness code, self-reported: essential hypertension","Non-cancer illness code, self-reported: essential hypertension ||  || ",TRUE,igd,NA,NA,NA,NA,NA,NA,NA,1030836,1.72E-08,194800853,0.0079,3,Atrial fibrillation,Atrial fibrillation || id:ebi-a-GCST006414,TRUE,reported,igd,2,1,TRUE
53,rs62254082,C,T,C,T,0.0404,0.000376247,0.3865,0.375959,FALSE,FALSE,FALSE,Hypertension,3,69417585,0.000145622,462933,0.00980009,"Non-cancer illness code, self-reported: essential hypertension || id:ukb-b-7582","Non-cancer illness code, self-reported: essential hypertension","Non-cancer illness code, self-reported: essential hypertension ||  || ",TRUE,igd,NA,NA,NA,NA,NA,NA,NA,1030836,6.34E-09,69417585,0.007,3,Atrial fibrillation,Atrial fibrillation || id:ebi-a-GCST006414,TRUE,reported,igd,2,1,TRUE
54,rs6462079,A,G,A,G,0.0466,-2.05E-05,0.7208,0.73832,FALSE,FALSE,FALSE,Hypertension,7,28415827,0.000159067,462933,0.9,"Non-cancer illness code, self-reported: essential hypertension || id:ukb-b-7582","Non-cancer illness code, self-reported: essential hypertension","Non-cancer illness code, self-reported: essential hypertension ||  || ",TRUE,igd,NA,NA,NA,NA,NA,NA,NA,1030836,8.79E-10,28415827,0.0076,7,Atrial fibrillation,Atrial fibrillation || id:ebi-a-GCST006414,TRUE,reported,igd,2,1,TRUE
55,rs6546620,C,T,C,T,0.0602,-0.000374608,0.7999,0.820459,FALSE,FALSE,FALSE,Hypertension,2,26159940,0.000185933,462933,0.0439997,"Non-cancer illness code, self-reported: essential hypertension || id:ukb-b-7582","Non-cancer illness code, self-reported: essential hypertension","Non-cancer illness code, self-reported: essential hypertension ||  || ",TRUE,igd,NA,NA,NA,NA,NA,NA,NA,1030836,3.19E-12,26159940,0.0086,2,Atrial fibrillation,Atrial fibrillation || id:ebi-a-GCST006414,TRUE,reported,igd,2,1,TRUE
56,rs6560886,C,T,C,T,0.051,-0.000318508,0.7884,0.806723,FALSE,FALSE,FALSE,Hypertension,12,133150210,0.000180447,462933,0.0779992,"Non-cancer illness code, self-reported: essential hypertension || id:ukb-b-7582","Non-cancer illness code, self-reported: essential hypertension","Non-cancer illness code, self-reported: essential hypertension ||  || ",TRUE,igd,NA,NA,NA,NA,NA,NA,NA,1030836,1.49E-08,133150210,0.009,12,Atrial fibrillation,Atrial fibrillation || id:ebi-a-GCST006414,TRUE,reported,igd,2,1,TRUE
57,rs6580277,G,A,G,A,0.067,0.000232966,0.2369,0.241879,FALSE,FALSE,FALSE,Hypertension,5,142818123,0.000163331,462933,0.15,"Non-cancer illness code, self-reported: essential hypertension || id:ukb-b-7582","Non-cancer illness code, self-reported: essential hypertension","Non-cancer illness code, self-reported: essential hypertension ||  || ",TRUE,igd,NA,NA,NA,NA,NA,NA,NA,1030836,1.64E-17,142818123,0.0079,5,Atrial fibrillation,Atrial fibrillation || id:ebi-a-GCST006414,TRUE,reported,igd,2,1,TRUE
58,rs6596717,A,C,A,C,-0.0404,5.78E-05,0.6049,0.617369,FALSE,FALSE,FALSE,Hypertension,5,106427609,0.000144072,462933,0.69,"Non-cancer illness code, self-reported: essential hypertension || id:ukb-b-7582","Non-cancer illness code, self-reported: essential hypertension","Non-cancer illness code, self-reported: essential hypertension ||  || ",TRUE,igd,NA,NA,NA,NA,NA,NA,NA,1030836,3.00E-09,106427609,0.0068,5,Atrial fibrillation,Atrial fibrillation || id:ebi-a-GCST006414,TRUE,reported,igd,2,1,TRUE
59,rs6689306,G,A,G,A,-0.046,-3.87E-06,0.5872,0.580098,FALSE,FALSE,FALSE,Hypertension,1,154395946,0.000143648,462933,0.98,"Non-cancer illness code, self-reported: essential hypertension || id:ukb-b-7582","Non-cancer illness code, self-reported: essential hypertension","Non-cancer illness code, self-reported: essential hypertension ||  || ",TRUE,igd,NA,NA,NA,NA,NA,NA,NA,1030836,1.36E-11,154395946,0.0068,1,Atrial fibrillation,Atrial fibrillation || id:ebi-a-GCST006414,TRUE,reported,igd,2,1,TRUE
60,rs6747542,C,T,C,T,-0.0554,-2.55E-05,0.4642,0.45841,FALSE,FALSE,FALSE,Hypertension,2,70106832,0.000140605,462933,0.86,"Non-cancer illness code, self-reported: essential hypertension || id:ukb-b-7582","Non-cancer illness code, self-reported: essential hypertension","Non-cancer illness code, self-reported: essential hypertension ||  || ",TRUE,igd,NA,NA,NA,NA,NA,NA,NA,1030836,1.10E-16,70106832,0.0067,2,Atrial fibrillation,Atrial fibrillation || id:ebi-a-GCST006414,TRUE,reported,igd,2,1,TRUE
61,rs6771054,C,T,C,T,-0.0457,0.000206141,0.4035,0.40491,FALSE,FALSE,FALSE,Hypertension,3,89489529,0.000142669,462933,0.15,"Non-cancer illness code, self-reported: essential hypertension || id:ukb-b-7582","Non-cancer illness code, self-reported: essential hypertension","Non-cancer illness code, self-reported: essential hypertension ||  || ",TRUE,igd,NA,NA,NA,NA,NA,NA,NA,1030836,2.42E-11,89489529,0.0068,3,Atrial fibrillation,Atrial fibrillation || id:ebi-a-GCST006414,TRUE,reported,igd,2,1,TRUE
62,rs6790396,G,C,G,C,0.0627,-3.77E-05,0.5959,0.586583,FALSE,TRUE,FALSE,Hypertension,3,38771925,0.000141824,462933,0.79,"Non-cancer illness code, self-reported: essential hypertension || id:ukb-b-7582","Non-cancer illness code, self-reported: essential hypertension","Non-cancer illness code, self-reported: essential hypertension ||  || ",TRUE,igd,NA,NA,NA,NA,NA,NA,NA,1030836,2.40E-20,38771925,0.0068,3,Atrial fibrillation,Atrial fibrillation || id:ebi-a-GCST006414,TRUE,reported,igd,2,1,TRUE
63,rs6838973,T,C,T,C,-0.1514,0.000123786,0.4406,0.433065,FALSE,FALSE,FALSE,Hypertension,4,111765495,0.00014122,462933,0.38,"Non-cancer illness code, self-reported: essential hypertension || id:ukb-b-7582","Non-cancer illness code, self-reported: essential hypertension","Non-cancer illness code, self-reported: essential hypertension ||  || ",TRUE,igd,NA,NA,NA,NA,NA,NA,NA,1030836,1.03E-111,111765495,0.0067,4,Atrial fibrillation,Atrial fibrillation || id:ebi-a-GCST006414,TRUE,reported,igd,2,1,TRUE
64,rs6882776,A,G,A,G,-0.0711,-0.000158477,0.2835,0.282411,FALSE,FALSE,FALSE,Hypertension,5,172664163,0.000155983,462933,0.31,"Non-cancer illness code, self-reported: essential hypertension || id:ukb-b-7582","Non-cancer illness code, self-reported: essential hypertension","Non-cancer illness code, self-reported: essential hypertension ||  || ",TRUE,igd,NA,NA,NA,NA,NA,NA,NA,1030836,9.64E-22,172664163,0.0074,5,Atrial fibrillation,Atrial fibrillation || id:ebi-a-GCST006414,TRUE,reported,igd,2,1,TRUE
65,rs6994744,C,A,C,A,0.0405,-1.27E-05,0.4954,0.487289,FALSE,FALSE,FALSE,Hypertension,8,141740868,0.000139904,462933,0.93,"Non-cancer illness code, self-reported: essential hypertension || id:ukb-b-7582","Non-cancer illness code, self-reported: essential hypertension","Non-cancer illness code, self-reported: essential hypertension ||  || ",TRUE,igd,NA,NA,NA,NA,NA,NA,NA,1030836,1.09E-09,141740868,0.0066,8,Atrial fibrillation,Atrial fibrillation || id:ebi-a-GCST006414,TRUE,reported,igd,2,1,TRUE
66,rs71454237,A,G,A,G,-0.062,-4.88E-05,0.209,0.207231,FALSE,FALSE,FALSE,Hypertension,12,70013415,0.000174238,462933,0.780001,"Non-cancer illness code, self-reported: essential hypertension || id:ukb-b-7582","Non-cancer illness code, self-reported: essential hypertension","Non-cancer illness code, self-reported: essential hypertension ||  || ",TRUE,igd,NA,NA,NA,NA,NA,NA,NA,1030836,1.78E-13,70013415,0.0084,12,Atrial fibrillation,Atrial fibrillation || id:ebi-a-GCST006414,TRUE,reported,igd,2,1,TRUE
67,rs7224711,T,C,T,C,-0.0365,-0.000114518,0.5222,0.525145,FALSE,FALSE,FALSE,Hypertension,17,76772288,0.000139793,462933,0.41,"Non-cancer illness code, self-reported: essential hypertension || id:ukb-b-7582","Non-cancer illness code, self-reported: essential hypertension","Non-cancer illness code, self-reported: essential hypertension ||  || ",TRUE,igd,NA,NA,NA,NA,NA,NA,NA,1030836,3.72E-08,76772288,0.0066,17,Atrial fibrillation,Atrial fibrillation || id:ebi-a-GCST006414,TRUE,reported,igd,2,1,TRUE
68,rs72694603,T,C,T,C,-0.0553,-0.000113251,0.3147,0.319436,FALSE,FALSE,FALSE,Hypertension,1,112458893,0.000151191,462933,0.450001,"Non-cancer illness code, self-reported: essential hypertension || id:ukb-b-7582","Non-cancer illness code, self-reported: essential hypertension","Non-cancer illness code, self-reported: essential hypertension ||  || ",TRUE,igd,NA,NA,NA,NA,NA,NA,NA,1030836,2.26E-14,112458893,0.0072,1,Atrial fibrillation,Atrial fibrillation || id:ebi-a-GCST006414,TRUE,reported,igd,2,1,TRUE
69,rs72966339,T,C,T,C,-0.0616,-4.81E-05,0.3679,0.356162,FALSE,FALSE,FALSE,Hypertension,6,122398241,0.00014579,462933,0.74,"Non-cancer illness code, self-reported: essential hypertension || id:ukb-b-7582","Non-cancer illness code, self-reported: essential hypertension","Non-cancer illness code, self-reported: essential hypertension ||  || ",TRUE,igd,NA,NA,NA,NA,NA,NA,NA,1030836,7.42E-19,122398241,0.0069,6,Atrial fibrillation,Atrial fibrillation || id:ebi-a-GCST006414,TRUE,reported,igd,2,1,TRUE
70,rs73041705,C,T,C,T,-0.0443,0.000193,0.2985,0.300694,FALSE,FALSE,FALSE,Hypertension,3,24463235,0.000152649,462933,0.21,"Non-cancer illness code, self-reported: essential hypertension || id:ukb-b-7582","Non-cancer illness code, self-reported: essential hypertension","Non-cancer illness code, self-reported: essential hypertension ||  || ",TRUE,igd,NA,NA,NA,NA,NA,NA,NA,1030836,1.55E-09,24463235,0.0073,3,Atrial fibrillation,Atrial fibrillation || id:ebi-a-GCST006414,TRUE,reported,igd,2,1,TRUE
71,rs74884082,T,C,T,C,-0.0493,-5.40E-05,0.2495,0.246962,FALSE,FALSE,FALSE,Hypertension,14,73249419,0.000163814,462933,0.74,"Non-cancer illness code, self-reported: essential hypertension || id:ukb-b-7582","Non-cancer illness code, self-reported: essential hypertension","Non-cancer illness code, self-reported: essential hypertension ||  || ",TRUE,igd,NA,NA,NA,NA,NA,NA,NA,1030836,3.48E-10,73249419,0.0078,14,Atrial fibrillation,Atrial fibrillation || id:ebi-a-GCST006414,TRUE,reported,igd,2,1,TRUE
72,rs7508,A,G,A,G,0.0711,2.42E-06,0.7109,0.722069,FALSE,FALSE,FALSE,Hypertension,8,17913970,0.000156464,462933,0.99,"Non-cancer illness code, self-reported: essential hypertension || id:ukb-b-7582","Non-cancer illness code, self-reported: essential hypertension","Non-cancer illness code, self-reported: essential hypertension ||  || ",TRUE,igd,NA,NA,NA,NA,NA,NA,NA,1030836,1.69E-21,17913970,0.0075,8,Atrial fibrillation,Atrial fibrillation || id:ebi-a-GCST006414,TRUE,reported,igd,2,1,TRUE
73,rs7574892,A,G,A,G,0.0552,-0.000157413,0.4847,0.48359,FALSE,FALSE,FALSE,Hypertension,2,175512820,0.000140013,462933,0.26,"Non-cancer illness code, self-reported: essential hypertension || id:ukb-b-7582","Non-cancer illness code, self-reported: essential hypertension","Non-cancer illness code, self-reported: essential hypertension ||  || ",TRUE,igd,NA,NA,NA,NA,NA,NA,NA,1030836,1.98E-16,175512820,0.0067,2,Atrial fibrillation,Atrial fibrillation || id:ebi-a-GCST006414,TRUE,reported,igd,2,1,TRUE
74,rs7612445,T,G,T,G,0.0493,-0.000207183,0.1879,0.188763,FALSE,FALSE,FALSE,Hypertension,3,179172979,0.000179127,462933,0.25,"Non-cancer illness code, self-reported: essential hypertension || id:ukb-b-7582","Non-cancer illness code, self-reported: essential hypertension","Non-cancer illness code, self-reported: essential hypertension ||  || ",TRUE,igd,NA,NA,NA,NA,NA,NA,NA,1030836,4.81E-09,179172979,0.0084,3,Atrial fibrillation,Atrial fibrillation || id:ebi-a-GCST006414,TRUE,reported,igd,2,1,TRUE
75,rs77316573,T,C,T,C,0.0529,8.40E-05,0.1991,0.182484,FALSE,FALSE,FALSE,Hypertension,16,2265271,0.000182708,462933,0.649999,"Non-cancer illness code, self-reported: essential hypertension || id:ukb-b-7582","Non-cancer illness code, self-reported: essential hypertension","Non-cancer illness code, self-reported: essential hypertension ||  || ",TRUE,igd,NA,NA,NA,NA,NA,NA,NA,1030836,3.26E-09,2265271,0.0089,16,Atrial fibrillation,Atrial fibrillation || id:ebi-a-GCST006414,TRUE,reported,igd,2,1,TRUE
76,rs775498,G,A,G,A,0.0423,0.000297544,0.2798,0.286965,FALSE,FALSE,FALSE,Hypertension,12,70071513,0.000154677,462933,0.0539995,"Non-cancer illness code, self-reported: essential hypertension || id:ukb-b-7582","Non-cancer illness code, self-reported: essential hypertension","Non-cancer illness code, self-reported: essential hypertension ||  || ",TRUE,igd,NA,NA,NA,NA,NA,NA,NA,1030836,1.05E-08,70071513,0.0074,12,Atrial fibrillation,Atrial fibrillation || id:ebi-a-GCST006414,TRUE,reported,igd,2,1,TRUE
77,rs7789146,A,G,A,G,-0.0584,-0.000257512,0.1787,0.17406,FALSE,FALSE,FALSE,Hypertension,7,150661409,0.00018401,462933,0.16,"Non-cancer illness code, self-reported: essential hypertension || id:ukb-b-7582","Non-cancer illness code, self-reported: essential hypertension","Non-cancer illness code, self-reported: essential hypertension ||  || ",TRUE,igd,NA,NA,NA,NA,NA,NA,NA,1030836,2.12E-11,150661409,0.0087,7,Atrial fibrillation,Atrial fibrillation || id:ebi-a-GCST006414,TRUE,reported,igd,2,1,TRUE
78,rs8088085,C,A,C,A,-0.0365,-0.000156338,0.4646,0.455811,FALSE,FALSE,FALSE,Hypertension,18,48708548,0.000140054,462933,0.26,"Non-cancer illness code, self-reported: essential hypertension || id:ukb-b-7582","Non-cancer illness code, self-reported: essential hypertension","Non-cancer illness code, self-reported: essential hypertension ||  || ",TRUE,igd,NA,NA,NA,NA,NA,NA,NA,1030836,4.79E-08,48708548,0.0067,18,Atrial fibrillation,Atrial fibrillation || id:ebi-a-GCST006414,TRUE,reported,igd,2,1,TRUE
79,rs883079,T,C,T,C,0.0981,-1.42E-05,0.7074,0.732068,FALSE,FALSE,FALSE,Hypertension,12,114793240,0.000157477,462933,0.93,"Non-cancer illness code, self-reported: essential hypertension || id:ukb-b-7582","Non-cancer illness code, self-reported: essential hypertension","Non-cancer illness code, self-reported: essential hypertension ||  || ",TRUE,igd,NA,NA,NA,NA,NA,NA,NA,1030836,2.84E-40,114793240,0.0074,12,Atrial fibrillation,Atrial fibrillation || id:ebi-a-GCST006414,TRUE,reported,igd,2,1,TRUE
80,rs9506925,T,C,T,C,0.0449,-0.000150373,0.2669,0.280653,FALSE,FALSE,FALSE,Hypertension,13,23368943,0.000156005,462933,0.34,"Non-cancer illness code, self-reported: essential hypertension || id:ukb-b-7582","Non-cancer illness code, self-reported: essential hypertension","Non-cancer illness code, self-reported: essential hypertension ||  || ",TRUE,igd,NA,NA,NA,NA,NA,NA,NA,1030836,2.72E-09,23368943,0.0075,13,Atrial fibrillation,Atrial fibrillation || id:ebi-a-GCST006414,TRUE,reported,igd,2,1,TRUE
81,rs9953366,C,T,C,T,0.049,-8.59E-06,0.6631,0.678329,FALSE,FALSE,FALSE,Hypertension,18,46474192,0.000151863,462933,0.95,"Non-cancer illness code, self-reported: essential hypertension || id:ukb-b-7582","Non-cancer illness code, self-reported: essential hypertension","Non-cancer illness code, self-reported: essential hypertension ||  || ",TRUE,igd,NA,NA,NA,NA,NA,NA,NA,1030836,1.82E-11,46474192,0.0073,18,Atrial fibrillation,Atrial fibrillation || id:ebi-a-GCST006414,TRUE,reported,igd,2,1,TRUE
