"","SNP","effect_allele.exposure","other_allele.exposure","effect_allele.outcome","other_allele.outcome","beta.exposure","beta.outcome","eaf.exposure","eaf.outcome","remove","palindromic","ambiguous","id.outcome","chr","pos","se.outcome","samplesize.outcome","pval.outcome","outcome","originalname.outcome","outcome.deprecated","mr_keep.outcome","data_source.outcome","proxy.outcome","target_snp.outcome","proxy_snp.outcome","target_a1.outcome","target_a2.outcome","proxy_a1.outcome","proxy_a2.outcome","samplesize.exposure","pval.exposure","pos.exposure","se.exposure","chr.exposure","id.exposure","exposure","mr_keep.exposure","pval_origin.exposure","data_source.exposure","action","SNP_index","mr_keep"
"1","rs10141892","C","T","C","T",-0.0452,0.0076,0.5833,0.589154,FALSE,FALSE,FALSE,"Diabetes","14","35184323",0.008,62892,0.3424,"Type 2 diabetes || id:ebi-a-GCST006867","Type 2 diabetes","Type 2 diabetes ||  || ",TRUE,"igd",NA,NA,NA,NA,NA,NA,NA,1030836,2.94781e-11,35184323,0.0068,"14","Atrial fibrillation","Atrial fibrillation || id:ebi-a-GCST006414",TRUE,"reported","igd",2,1,TRUE
"2","rs10213171","G","C","G","C",0.091,0.0033,0.0609,0.0557069,FALSE,TRUE,FALSE,"Diabetes","4","148937537",0.0166,62892,0.8419,"Type 2 diabetes || id:ebi-a-GCST006867","Type 2 diabetes","Type 2 diabetes ||  || ",TRUE,"igd",NA,NA,NA,NA,NA,NA,NA,1030836,1.32312e-11,148937537,0.0134,"4","Atrial fibrillation","Atrial fibrillation || id:ebi-a-GCST006414",TRUE,"reported","igd",2,1,TRUE
"3","rs10458662","G","T","G","T",0.0544,-0.0032,0.1722,0.164498,FALSE,FALSE,FALSE,"Diabetes","10","77942661",0.0104,62892,0.757801,"Type 2 diabetes || id:ebi-a-GCST006867","Type 2 diabetes","Type 2 diabetes ||  || ",TRUE,"igd",TRUE,"rs10458662","rs4746374","G","T","G","A",1030836,6.93202e-10,77936670,0.0088,"10","Atrial fibrillation","Atrial fibrillation || id:ebi-a-GCST006414",TRUE,"reported","igd",2,1,TRUE
"4","rs10520002","A","G","A","G",0.0626,0.0187,0.0988,0.098993,FALSE,FALSE,FALSE,"Diabetes","5","127819132",0.013,62892,0.1502,"Type 2 diabetes || id:ebi-a-GCST006867","Type 2 diabetes","Type 2 diabetes ||  || ",TRUE,"igd",NA,NA,NA,NA,NA,NA,NA,1030836,2.85102e-08,127819132,0.0113,"5","Atrial fibrillation","Atrial fibrillation || id:ebi-a-GCST006414",TRUE,"reported","igd",2,1,TRUE
"5","rs10753933","G","T","G","T",-0.0609,6e-04,0.5518,0.551422,FALSE,FALSE,FALSE,"Diabetes","1","203026214",0.0079,62892,0.9435,"Type 2 diabetes || id:ebi-a-GCST006867","Type 2 diabetes","Type 2 diabetes ||  || ",TRUE,"igd",NA,NA,NA,NA,NA,NA,NA,1030836,9.84464e-20,203026214,0.0067,"1","Atrial fibrillation","Atrial fibrillation || id:ebi-a-GCST006414",TRUE,"reported","igd",2,1,TRUE
"6","rs10773657","A","C","A","C",-0.0575,-0.0218,0.862,0.893695,FALSE,FALSE,FALSE,"Diabetes","12","123327900",0.0126,62892,0.0843801,"Type 2 diabetes || id:ebi-a-GCST006867","Type 2 diabetes","Type 2 diabetes ||  || ",TRUE,"igd",NA,NA,NA,NA,NA,NA,NA,1030836,2.537e-08,123327900,0.0103,"12","Atrial fibrillation","Atrial fibrillation || id:ebi-a-GCST006414",TRUE,"reported","igd",2,1,TRUE
"7","rs10804493","A","G","A","G",0.0558,-0.007,0.6505,0.668832,FALSE,FALSE,FALSE,"Diabetes","3","111554426",0.0083,62892,0.4005,"Type 2 diabetes || id:ebi-a-GCST006867","Type 2 diabetes","Type 2 diabetes ||  || ",TRUE,"igd",NA,NA,NA,NA,NA,NA,NA,1030836,1.62892e-15,111554426,0.007,"3","Atrial fibrillation","Atrial fibrillation || id:ebi-a-GCST006414",TRUE,"reported","igd",2,1,TRUE
"8","rs10821415","A","C","A","C",0.0821,-0.0057,0.4132,0.420298,FALSE,FALSE,FALSE,"Diabetes","9","97713459",0.0079,62892,0.4714,"Type 2 diabetes || id:ebi-a-GCST006867","Type 2 diabetes","Type 2 diabetes ||  || ",TRUE,"igd",NA,NA,NA,NA,NA,NA,NA,1030836,2.92415e-34,97713459,0.0067,"9","Atrial fibrillation","Atrial fibrillation || id:ebi-a-GCST006414",TRUE,"reported","igd",2,1,TRUE
"9","rs10842383","T","C","T","C",-0.0988,0.0058,0.1478,0.150568,FALSE,FALSE,FALSE,"Diabetes","12","24771967",0.0108,62892,0.5891,"Type 2 diabetes || id:ebi-a-GCST006867","Type 2 diabetes","Type 2 diabetes ||  || ",TRUE,"igd",NA,NA,NA,NA,NA,NA,NA,1030836,2.88071e-25,24771967,0.0095,"12","Atrial fibrillation","Atrial fibrillation || id:ebi-a-GCST006414",TRUE,"reported","igd",2,1,TRUE
"10","rs11191116","T","C","T","C",-0.041,-0.0031,0.348,0.351436,FALSE,FALSE,FALSE,"Diabetes","10","103555611",0.0082,62892,0.7065,"Type 2 diabetes || id:ebi-a-GCST006867","Type 2 diabetes","Type 2 diabetes ||  || ",TRUE,"igd",NA,NA,NA,NA,NA,NA,NA,1030836,4.41896e-09,103555611,0.007,"10","Atrial fibrillation","Atrial fibrillation || id:ebi-a-GCST006414",TRUE,"reported","igd",2,1,TRUE
"11","rs11264280","T","C","T","C",0.1347,0.0026,0.333,0.325395,FALSE,FALSE,FALSE,"Diabetes","1","154862952",0.0084,62892,0.759401,"Type 2 diabetes || id:ebi-a-GCST006867","Type 2 diabetes","Type 2 diabetes ||  || ",TRUE,"igd",NA,NA,NA,NA,NA,NA,NA,1030836,3.0669e-79,154862952,0.0071,"1","Atrial fibrillation","Atrial fibrillation || id:ebi-a-GCST006414",TRUE,"reported","igd",2,1,TRUE
"12","rs11598047","G","A","G","A",0.1537,-0.0095,0.1621,0.149848,FALSE,FALSE,FALSE,"Diabetes","10","105342672",0.011,62892,0.3885,"Type 2 diabetes || id:ebi-a-GCST006867","Type 2 diabetes","Type 2 diabetes ||  || ",TRUE,"igd",NA,NA,NA,NA,NA,NA,NA,1030836,8.95159e-66,105342672,0.009,"10","Atrial fibrillation","Atrial fibrillation || id:ebi-a-GCST006414",TRUE,"reported","igd",2,1,TRUE
"13","rs11773845","A","C","A","C",0.1054,0.003,0.5856,0.591062,FALSE,FALSE,FALSE,"Diabetes","7","116191301",0.0079,62892,0.7039,"Type 2 diabetes || id:ebi-a-GCST006867","Type 2 diabetes","Type 2 diabetes ||  || ",TRUE,"igd",NA,NA,NA,NA,NA,NA,NA,1030836,2.39001e-55,116191301,0.0067,"7","Atrial fibrillation","Atrial fibrillation || id:ebi-a-GCST006414",TRUE,"reported","igd",2,1,TRUE
"14","rs12245149","A","C","A","C",-0.047,0.0231,0.4739,0.485623,FALSE,FALSE,FALSE,"Diabetes","10","65321147",0.0078,62892,0.00319396,"Type 2 diabetes || id:ebi-a-GCST006867","Type 2 diabetes","Type 2 diabetes ||  || ",TRUE,"igd",NA,NA,NA,NA,NA,NA,NA,1030836,1.66418e-12,65321147,0.0067,"10","Atrial fibrillation","Atrial fibrillation || id:ebi-a-GCST006414",TRUE,"reported","igd",2,1,TRUE
"15","rs12426679","T","C","T","C",-0.0391,0.0051,0.5278,0.510769,FALSE,FALSE,FALSE,"Diabetes","12","76237987",0.0078,62892,0.5185,"Type 2 diabetes || id:ebi-a-GCST006867","Type 2 diabetes","Type 2 diabetes ||  || ",TRUE,"igd",NA,NA,NA,NA,NA,NA,NA,1030836,4.94504e-09,76237987,0.0067,"12","Atrial fibrillation","Atrial fibrillation || id:ebi-a-GCST006414",TRUE,"reported","igd",2,1,TRUE
"16","rs1278493","A","G","A","G",-0.0389,-0.0091,0.5645,0.565402,FALSE,FALSE,FALSE,"Diabetes","3","135814009",0.0079,62892,0.2494,"Type 2 diabetes || id:ebi-a-GCST006867","Type 2 diabetes","Type 2 diabetes ||  || ",TRUE,"igd",NA,NA,NA,NA,NA,NA,NA,1030836,8.769e-09,135814009,0.0068,"3","Atrial fibrillation","Atrial fibrillation || id:ebi-a-GCST006414",TRUE,"reported","igd",2,1,TRUE
"17","rs133885","A","G","A","G",0.0405,-0.0074,0.4377,0.446983,FALSE,FALSE,FALSE,"Diabetes","22","26159289",0.0079,62892,0.3481,"Type 2 diabetes || id:ebi-a-GCST006867","Type 2 diabetes","Type 2 diabetes ||  || ",TRUE,"igd",NA,NA,NA,NA,NA,NA,NA,1030836,2.216e-09,26159289,0.0068,"22","Atrial fibrillation","Atrial fibrillation || id:ebi-a-GCST006414",TRUE,"reported","igd",2,1,TRUE
"18","rs1458038","T","C","T","C",0.0434,0.0177,0.3087,0.291494,FALSE,FALSE,FALSE,"Diabetes","4","81164723",0.0079,62892,0.0246297,"Type 2 diabetes || id:ebi-a-GCST006867","Type 2 diabetes","Type 2 diabetes ||  || ",TRUE,"igd",NA,NA,NA,NA,NA,NA,NA,1030836,1.735e-09,81164723,0.0072,"4","Atrial fibrillation","Atrial fibrillation || id:ebi-a-GCST006414",TRUE,"reported","igd",2,1,TRUE
"19","rs146518726","A","G","A","G",0.1605,0.0299,0.0328,0.0205636,FALSE,FALSE,FALSE,"Diabetes","1","51535039",0.0274,62892,0.2748,"Type 2 diabetes || id:ebi-a-GCST006867","Type 2 diabetes","Type 2 diabetes ||  || ",TRUE,"igd",NA,NA,NA,NA,NA,NA,NA,1030836,8.2699e-15,51535039,0.0207,"1","Atrial fibrillation","Atrial fibrillation || id:ebi-a-GCST006414",TRUE,"reported","igd",2,1,TRUE
"20","rs17171711","T","C","T","C",0.1086,-0.0091,0.1775,0.178042,FALSE,FALSE,FALSE,"Diabetes","5","137364795",0.0103,62892,0.3747,"Type 2 diabetes || id:ebi-a-GCST006867","Type 2 diabetes","Type 2 diabetes ||  || ",TRUE,"igd",NA,NA,NA,NA,NA,NA,NA,1030836,1.94984e-35,137364795,0.0087,"5","Atrial fibrillation","Atrial fibrillation || id:ebi-a-GCST006414",TRUE,"reported","igd",2,1,TRUE
"21","rs17380837","T","C","T","C",-0.0501,-0.0223,0.307,0.296866,FALSE,FALSE,FALSE,"Diabetes","12","26345526",0.0086,62892,0.00974496,"Type 2 diabetes || id:ebi-a-GCST006867","Type 2 diabetes","Type 2 diabetes ||  || ",TRUE,"igd",NA,NA,NA,NA,NA,NA,NA,1030836,4.79954e-12,26345526,0.0072,"12","Atrial fibrillation","Atrial fibrillation || id:ebi-a-GCST006414",TRUE,"reported","igd",2,1,TRUE
"22","rs1838747","G","A","G","A",0.0391,0.0016,0.4954,0.493385,FALSE,FALSE,FALSE,"Diabetes","5","114426668",0.0078,62892,0.8371,"Type 2 diabetes || id:ebi-a-GCST006867","Type 2 diabetes","Type 2 diabetes ||  || ",TRUE,"igd",NA,NA,NA,NA,NA,NA,NA,1030836,4.13105e-09,114426668,0.0067,"5","Atrial fibrillation","Atrial fibrillation || id:ebi-a-GCST006414",TRUE,"reported","igd",2,1,TRUE
"23","rs1906615","T","G","T","G",0.3658,0.0086,0.1991,0.196842,FALSE,FALSE,FALSE,"Diabetes","4","111701798",0.0098,62892,0.3778,"Type 2 diabetes || id:ebi-a-GCST006867","Type 2 diabetes","Type 2 diabetes ||  || ",TRUE,"igd",NA,NA,NA,NA,NA,NA,NA,1030836,1e-200,111701798,0.0081,"4","Atrial fibrillation","Atrial fibrillation || id:ebi-a-GCST006414",TRUE,"reported","igd",2,1,TRUE
"24","rs2031522","G","A","G","A",-0.0436,-0.0074,0.3764,0.386714,FALSE,FALSE,FALSE,"Diabetes","6","87821501",0.008,62892,0.3553,"Type 2 diabetes || id:ebi-a-GCST006867","Type 2 diabetes","Type 2 diabetes ||  || ",TRUE,"igd",NA,NA,NA,NA,NA,NA,NA,1030836,1.46501e-10,87821501,0.0068,"6","Atrial fibrillation","Atrial fibrillation || id:ebi-a-GCST006414",TRUE,"reported","igd",2,1,TRUE
"25","rs2288327","G","A","G","A",0.0919,0.0054,0.1564,0.157603,FALSE,FALSE,FALSE,"Diabetes","2","179411665",0.0108,62892,0.6173,"Type 2 diabetes || id:ebi-a-GCST006867","Type 2 diabetes","Type 2 diabetes ||  || ",TRUE,"igd",NA,NA,NA,NA,NA,NA,NA,1030836,7.25772e-25,179411665,0.0089,"2","Atrial fibrillation","Atrial fibrillation || id:ebi-a-GCST006414",TRUE,"reported","igd",2,1,TRUE
"26","rs2359171","A","T","A","T",0.1746,-0.019,0.176,0.166806,FALSE,TRUE,FALSE,"Diabetes","16","73053022",0.0105,62892,0.0716902,"Type 2 diabetes || id:ebi-a-GCST006867","Type 2 diabetes","Type 2 diabetes ||  || ",TRUE,"igd",NA,NA,NA,NA,NA,NA,NA,1030836,4.64943e-91,73053022,0.0086,"16","Atrial fibrillation","Atrial fibrillation || id:ebi-a-GCST006414",TRUE,"reported","igd",2,1,TRUE
"27","rs2540949","T","A","T","A",-0.0659,-0.0517,0.3847,0.37557,FALSE,TRUE,FALSE,"Diabetes","2","65284231",0.0081,62892,1.83599e-10,"Type 2 diabetes || id:ebi-a-GCST006867","Type 2 diabetes","Type 2 diabetes ||  || ",TRUE,"igd",NA,NA,NA,NA,NA,NA,NA,1030836,2.94917e-22,65284231,0.0068,"2","Atrial fibrillation","Atrial fibrillation || id:ebi-a-GCST006414",TRUE,"reported","igd",2,1,TRUE
"28","rs2738413","G","A","G","A",-0.0778,-0.0172,0.5049,0.510297,FALSE,FALSE,FALSE,"Diabetes","14","64679960",0.0079,62892,0.0286999,"Type 2 diabetes || id:ebi-a-GCST006867","Type 2 diabetes","Type 2 diabetes ||  || ",TRUE,"igd",NA,NA,NA,NA,NA,NA,NA,1030836,2.54624e-31,64679960,0.0067,"14","Atrial fibrillation","Atrial fibrillation || id:ebi-a-GCST006414",TRUE,"reported","igd",2,1,TRUE
"29","rs2739197","G","C","G","C",0.116,0.015,0.2458,0.243501,FALSE,TRUE,FALSE,"Diabetes","4","111543323",0.0092,62892,0.1013,"Type 2 diabetes || id:ebi-a-GCST006867","Type 2 diabetes","Type 2 diabetes ||  || ",TRUE,"igd",NA,NA,NA,NA,NA,NA,NA,1030836,3.20332e-41,111543323,0.0086,"4","Atrial fibrillation","Atrial fibrillation || id:ebi-a-GCST006414",TRUE,"reported","igd",2,1,TRUE
"30","rs2759301","A","G","A","G",0.039,0.0157,0.4542,0.447336,FALSE,FALSE,FALSE,"Diabetes","15","80994288",0.0079,62892,0.0461902,"Type 2 diabetes || id:ebi-a-GCST006867","Type 2 diabetes","Type 2 diabetes ||  || ",TRUE,"igd",NA,NA,NA,NA,NA,NA,NA,1030836,5.03802e-09,80994288,0.0067,"15","Atrial fibrillation","Atrial fibrillation || id:ebi-a-GCST006414",TRUE,"reported","igd",2,1,TRUE
"31","rs2834618","G","T","G","T",-0.0944,-0.0167,0.1056,0.0975191,FALSE,FALSE,FALSE,"Diabetes","21","36119111",0.0132,62892,0.2072,"Type 2 diabetes || id:ebi-a-GCST006867","Type 2 diabetes","Type 2 diabetes ||  || ",TRUE,"igd",NA,NA,NA,NA,NA,NA,NA,1030836,3.41193e-17,36119111,0.0112,"21","Atrial fibrillation","Atrial fibrillation || id:ebi-a-GCST006414",TRUE,"reported","igd",2,1,TRUE
"32","rs2860482","C","A","C","A",-0.054,-0.0151,0.726,0.279354,FALSE,FALSE,FALSE,"Diabetes","12","57121936",0.0088,62892,0.0835699,"Type 2 diabetes || id:ebi-a-GCST006867","Type 2 diabetes","Type 2 diabetes ||  || ",TRUE,"igd",TRUE,"rs2860482","rs1979325","A","C","G","C",1030836,1.21199e-12,57105938,0.0076,"12","Atrial fibrillation","Atrial fibrillation || id:ebi-a-GCST006414",TRUE,"reported","igd",2,1,TRUE
"33","rs2885697","T","G","T","G",-0.0439,0.0092,0.6482,0.665207,FALSE,FALSE,FALSE,"Diabetes","1","41544279",0.0084,62892,0.2685,"Type 2 diabetes || id:ebi-a-GCST006867","Type 2 diabetes","Type 2 diabetes ||  || ",TRUE,"igd",NA,NA,NA,NA,NA,NA,NA,1030836,2.88403e-10,41544279,0.007,"1","Atrial fibrillation","Atrial fibrillation || id:ebi-a-GCST006414",TRUE,"reported","igd",2,1,TRUE
"34","rs3176326","A","G","A","G",-0.0626,-0.0262,0.1982,0.19728,FALSE,FALSE,FALSE,"Diabetes","6","36647289",0.0099,62892,0.00811802,"Type 2 diabetes || id:ebi-a-GCST006867","Type 2 diabetes","Type 2 diabetes ||  || ",TRUE,"igd",NA,NA,NA,NA,NA,NA,NA,1030836,1.42397e-13,36647289,0.0085,"6","Atrial fibrillation","Atrial fibrillation || id:ebi-a-GCST006414",TRUE,"reported","igd",2,1,TRUE
"35","rs337705","G","T","G","T",0.0564,-0.0052,0.3749,0.390061,FALSE,FALSE,FALSE,"Diabetes","5","113737062",0.0079,62892,0.511601,"Type 2 diabetes || id:ebi-a-GCST006867","Type 2 diabetes","Type 2 diabetes ||  || ",TRUE,"igd",NA,NA,NA,NA,NA,NA,NA,1030836,1.63418e-16,113737062,0.0068,"5","Atrial fibrillation","Atrial fibrillation || id:ebi-a-GCST006414",TRUE,"reported","igd",2,1,TRUE
"36","rs34080181","A","G","A","G",-0.0446,0.0177,0.379,0.39031,FALSE,FALSE,FALSE,"Diabetes","3","66454191",0.0081,62892,0.0284597,"Type 2 diabetes || id:ebi-a-GCST006867","Type 2 diabetes","Type 2 diabetes ||  || ",TRUE,"igd",NA,NA,NA,NA,NA,NA,NA,1030836,1.278e-10,66454191,0.0069,"3","Atrial fibrillation","Atrial fibrillation || id:ebi-a-GCST006414",TRUE,"reported","igd",2,1,TRUE
"37","rs34936990","A","G","A","G",0.1294,0.0041,0.1207,0.115354,FALSE,FALSE,FALSE,"Diabetes","10","105523416",0.0123,62892,0.735501,"Type 2 diabetes || id:ebi-a-GCST006867","Type 2 diabetes","Type 2 diabetes ||  || ",TRUE,"igd",NA,NA,NA,NA,NA,NA,NA,1030836,2.95189e-37,105523416,0.0101,"10","Atrial fibrillation","Atrial fibrillation || id:ebi-a-GCST006414",TRUE,"reported","igd",2,1,TRUE
"38","rs35544454","T","A","T","A",-0.0589,-0.0096,0.1918,0.180189,FALSE,TRUE,FALSE,"Diabetes","2","213266003",0.0101,62892,0.3439,"Type 2 diabetes || id:ebi-a-GCST006867","Type 2 diabetes","Type 2 diabetes ||  || ",TRUE,"igd",NA,NA,NA,NA,NA,NA,NA,1030836,1.10002e-11,213266003,0.0087,"2","Atrial fibrillation","Atrial fibrillation || id:ebi-a-GCST006414",TRUE,"reported","igd",2,1,TRUE
"39","rs35569628","C","T","C","T",-0.0452,-0.0017,0.223,0.2263,FALSE,FALSE,FALSE,"Diabetes","13","113872712",0.0094,62892,0.8572,"Type 2 diabetes || id:ebi-a-GCST006867","Type 2 diabetes","Type 2 diabetes ||  || ",TRUE,"igd",NA,NA,NA,NA,NA,NA,NA,1030836,1.378e-08,113872712,0.008,"13","Atrial fibrillation","Atrial fibrillation || id:ebi-a-GCST006414",TRUE,"reported","igd",2,1,TRUE
"40","rs35963991","T","G","T","G",0.0525,-0.0066,0.1494,0.152232,FALSE,FALSE,FALSE,"Diabetes","8","11495702",0.0111,62892,0.5524,"Type 2 diabetes || id:ebi-a-GCST006867","Type 2 diabetes","Type 2 diabetes ||  || ",TRUE,"igd",NA,NA,NA,NA,NA,NA,NA,1030836,2.80098e-08,11495702,0.0095,"8","Atrial fibrillation","Atrial fibrillation || id:ebi-a-GCST006414",TRUE,"reported","igd",2,1,TRUE
"41","rs3943207","T","G","T","G",-0.0638,-0.0066,0.1167,0.115373,FALSE,FALSE,FALSE,"Diabetes","8","21845619",0.0122,62892,0.5898,"Type 2 diabetes || id:ebi-a-GCST006867","Type 2 diabetes","Type 2 diabetes ||  || ",TRUE,"igd",NA,NA,NA,NA,NA,NA,NA,1030836,6.91895e-10,21845619,0.0103,"8","Atrial fibrillation","Atrial fibrillation || id:ebi-a-GCST006414",TRUE,"reported","igd",2,1,TRUE
"42","rs4073778","A","C","A","C",0.0486,-0.0129,0.5639,0.570387,FALSE,FALSE,FALSE,"Diabetes","1","116297758",0.0082,62892,0.1177,"Type 2 diabetes || id:ebi-a-GCST006867","Type 2 diabetes","Type 2 diabetes ||  || ",TRUE,"igd",NA,NA,NA,NA,NA,NA,NA,1030836,4.95564e-13,116297758,0.0067,"1","Atrial fibrillation","Atrial fibrillation || id:ebi-a-GCST006414",TRUE,"reported","igd",2,1,TRUE
"43","rs4252627","T","C","T","C",-0.0415,-0.0263,0.6679,0.674169,FALSE,FALSE,FALSE,"Diabetes","17","37868715",0.0082,62892,0.001278,"Type 2 diabetes || id:ebi-a-GCST006867","Type 2 diabetes","Type 2 diabetes ||  || ",TRUE,"igd",NA,NA,NA,NA,NA,NA,NA,1030836,5.633e-09,37868715,0.0071,"17","Atrial fibrillation","Atrial fibrillation || id:ebi-a-GCST006414",TRUE,"reported","igd",2,1,TRUE
"44","rs4642101","G","T","G","T",0.0706,-0.0318,0.6397,0.647193,FALSE,FALSE,FALSE,"Diabetes","3","12842223",0.0077,62892,3.61102e-05,"Type 2 diabetes || id:ebi-a-GCST006867","Type 2 diabetes","Type 2 diabetes ||  || ",TRUE,"igd",NA,NA,NA,NA,NA,NA,NA,1030836,2.9451e-24,12842223,0.0069,"3","Atrial fibrillation","Atrial fibrillation || id:ebi-a-GCST006414",TRUE,"reported","igd",2,1,TRUE
"45","rs464901","C","T","C","T",-0.0508,-0.0062,0.3353,0.339803,FALSE,FALSE,FALSE,"Diabetes","22","18597502",0.0087,62892,0.4734,"Type 2 diabetes || id:ebi-a-GCST006867","Type 2 diabetes","Type 2 diabetes ||  || ",TRUE,"igd",NA,NA,NA,NA,NA,NA,NA,1030836,1.53109e-12,18597502,0.0072,"22","Atrial fibrillation","Atrial fibrillation || id:ebi-a-GCST006414",TRUE,"reported","igd",2,1,TRUE
"46","rs4757877","G","A","G","A",-0.0723,-0.0107,0.7552,0.776471,FALSE,FALSE,FALSE,"Diabetes","11","20010291",0.0093,62892,0.2541,"Type 2 diabetes || id:ebi-a-GCST006867","Type 2 diabetes","Type 2 diabetes ||  || ",TRUE,"igd",NA,NA,NA,NA,NA,NA,NA,1030836,2.93089e-20,20010291,0.0078,"11","Atrial fibrillation","Atrial fibrillation || id:ebi-a-GCST006414",TRUE,"reported","igd",2,1,TRUE
"47","rs4946333","G","A","G","A",0.0639,-0.0027,0.4897,0.50096,FALSE,FALSE,FALSE,"Diabetes","6","118565665",0.0072,62892,0.7032,"Type 2 diabetes || id:ebi-a-GCST006867","Type 2 diabetes","Type 2 diabetes ||  || ",TRUE,"igd",NA,NA,NA,NA,NA,NA,NA,1030836,5.47016e-22,118565665,0.0066,"6","Atrial fibrillation","Atrial fibrillation || id:ebi-a-GCST006414",TRUE,"reported","igd",2,1,TRUE
"48","rs4965430","G","C","G","C",-0.0441,-0.009,0.6136,0.626273,FALSE,TRUE,FALSE,"Diabetes","15","99268850",0.0081,62892,0.2673,"Type 2 diabetes || id:ebi-a-GCST006867","Type 2 diabetes","Type 2 diabetes ||  || ",TRUE,"igd",NA,NA,NA,NA,NA,NA,NA,1030836,1.258e-10,99268850,0.0069,"15","Atrial fibrillation","Atrial fibrillation || id:ebi-a-GCST006414",TRUE,"reported","igd",2,1,TRUE
"49","rs56201652","A","G","A","G",-0.0531,-0.0268,0.267,0.26965,FALSE,FALSE,FALSE,"Diabetes","7","92278116",0.0089,62892,0.00249,"Type 2 diabetes || id:ebi-a-GCST006867","Type 2 diabetes","Type 2 diabetes ||  || ",TRUE,"igd",NA,NA,NA,NA,NA,NA,NA,1030836,1.74301e-12,92278116,0.0075,"7","Atrial fibrillation","Atrial fibrillation || id:ebi-a-GCST006414",TRUE,"reported","igd",2,1,TRUE
"50","rs56326533","C","T","C","T",0.0685,0.0106,0.3919,0.390568,FALSE,FALSE,FALSE,"Diabetes","2","201168758",0.0081,62892,0.1901,"Type 2 diabetes || id:ebi-a-GCST006867","Type 2 diabetes","Type 2 diabetes ||  || ",TRUE,"igd",NA,NA,NA,NA,NA,NA,NA,1030836,6.27769e-24,201168758,0.0068,"2","Atrial fibrillation","Atrial fibrillation || id:ebi-a-GCST006414",TRUE,"reported","igd",2,1,TRUE
"51","rs577676","T","C","T","C",-0.0923,-4e-04,0.4383,0.440494,FALSE,FALSE,FALSE,"Diabetes","1","170587340",0.0079,62892,0.9612,"Type 2 diabetes || id:ebi-a-GCST006867","Type 2 diabetes","Type 2 diabetes ||  || ",TRUE,"igd",NA,NA,NA,NA,NA,NA,NA,1030836,1.61994e-43,170587340,0.0067,"1","Atrial fibrillation","Atrial fibrillation || id:ebi-a-GCST006414",TRUE,"reported","igd",2,1,TRUE
"52","rs62254082","C","T","C","T",0.0404,7e-04,0.3865,0.37457,FALSE,FALSE,FALSE,"Diabetes","3","69417585",0.0082,62892,0.9305,"Type 2 diabetes || id:ebi-a-GCST006867","Type 2 diabetes","Type 2 diabetes ||  || ",TRUE,"igd",NA,NA,NA,NA,NA,NA,NA,1030836,6.34293e-09,69417585,0.007,"3","Atrial fibrillation","Atrial fibrillation || id:ebi-a-GCST006414",TRUE,"reported","igd",2,1,TRUE
"53","rs62377206","A","G","A","G",0.0846,-0.0271,0.0554,0.050105,FALSE,FALSE,FALSE,"Diabetes","5","168383543",0.0181,62892,0.1343,"Type 2 diabetes || id:ebi-a-GCST006867","Type 2 diabetes","Type 2 diabetes ||  || ",TRUE,"igd",NA,NA,NA,NA,NA,NA,NA,1030836,8.20597e-09,168383543,0.0147,"5","Atrial fibrillation","Atrial fibrillation || id:ebi-a-GCST006414",TRUE,"reported","igd",2,1,TRUE
"54","rs62521286","G","A","G","A",0.1202,-0.0111,0.0663,0.065892,FALSE,FALSE,FALSE,"Diabetes","8","124551975",0.0158,62892,0.4836,"Type 2 diabetes || id:ebi-a-GCST006867","Type 2 diabetes","Type 2 diabetes ||  || ",TRUE,"igd",NA,NA,NA,NA,NA,NA,NA,1030836,4.4978e-19,124551975,0.0135,"8","Atrial fibrillation","Atrial fibrillation || id:ebi-a-GCST006414",TRUE,"reported","igd",2,1,TRUE
"55","rs6462079","A","G","A","G",0.0466,1e-04,0.7208,0.740303,FALSE,FALSE,FALSE,"Diabetes","7","28415827",0.0088,62892,0.9921,"Type 2 diabetes || id:ebi-a-GCST006867","Type 2 diabetes","Type 2 diabetes ||  || ",TRUE,"igd",NA,NA,NA,NA,NA,NA,NA,1030836,8.79306e-10,28415827,0.0076,"7","Atrial fibrillation","Atrial fibrillation || id:ebi-a-GCST006414",TRUE,"reported","igd",2,1,TRUE
"56","rs6546620","C","T","C","T",0.0602,0.0179,0.7999,0.860922,FALSE,FALSE,FALSE,"Diabetes","2","26160889",0.0114,62892,0.1167,"Type 2 diabetes || id:ebi-a-GCST006867","Type 2 diabetes","Type 2 diabetes ||  || ",TRUE,"igd",TRUE,"rs6546620","rs6546622","T","C","T","C",1030836,3.18787e-12,26159940,0.0086,"2","Atrial fibrillation","Atrial fibrillation || id:ebi-a-GCST006414",TRUE,"reported","igd",2,1,TRUE
"57","rs6580277","G","A","G","A",0.067,-0.0045,0.2369,0.241056,FALSE,FALSE,FALSE,"Diabetes","5","142818123",0.0092,62892,0.6239,"Type 2 diabetes || id:ebi-a-GCST006867","Type 2 diabetes","Type 2 diabetes ||  || ",TRUE,"igd",NA,NA,NA,NA,NA,NA,NA,1030836,1.64286e-17,142818123,0.0079,"5","Atrial fibrillation","Atrial fibrillation || id:ebi-a-GCST006414",TRUE,"reported","igd",2,1,TRUE
"58","rs6596717","A","C","A","C",-0.0404,-0.0117,0.6049,0.616835,FALSE,FALSE,FALSE,"Diabetes","5","106427609",0.0081,62892,0.1453,"Type 2 diabetes || id:ebi-a-GCST006867","Type 2 diabetes","Type 2 diabetes ||  || ",TRUE,"igd",NA,NA,NA,NA,NA,NA,NA,1030836,2.99999e-09,106427609,0.0068,"5","Atrial fibrillation","Atrial fibrillation || id:ebi-a-GCST006414",TRUE,"reported","igd",2,1,TRUE
"59","rs6689306","G","A","G","A",-0.046,-0.0066,0.5872,0.572092,FALSE,FALSE,FALSE,"Diabetes","1","154397416",0.008,62892,0.4099,"Type 2 diabetes || id:ebi-a-GCST006867","Type 2 diabetes","Type 2 diabetes ||  || ",TRUE,"igd",TRUE,"rs6689306","rs12118721","A","G","T","C",1030836,1.35988e-11,154395946,0.0068,"1","Atrial fibrillation","Atrial fibrillation || id:ebi-a-GCST006414",TRUE,"reported","igd",2,1,TRUE
"60","rs6747542","C","T","C","T",-0.0554,0.0126,0.4642,0.456807,FALSE,FALSE,FALSE,"Diabetes","2","70106832",0.0072,62892,0.0808109,"Type 2 diabetes || id:ebi-a-GCST006867","Type 2 diabetes","Type 2 diabetes ||  || ",TRUE,"igd",NA,NA,NA,NA,NA,NA,NA,1030836,1.09597e-16,70106832,0.0067,"2","Atrial fibrillation","Atrial fibrillation || id:ebi-a-GCST006414",TRUE,"reported","igd",2,1,TRUE
"61","rs6771054","C","T","C","T",-0.0457,-0.0029,0.4035,0.390809,FALSE,FALSE,FALSE,"Diabetes","3","89523038",0.008,62892,0.7193,"Type 2 diabetes || id:ebi-a-GCST006867","Type 2 diabetes","Type 2 diabetes ||  || ",TRUE,"igd",TRUE,"rs6771054","rs12636275","C","T","A","C",1030836,2.42382e-11,89489529,0.0068,"3","Atrial fibrillation","Atrial fibrillation || id:ebi-a-GCST006414",TRUE,"reported","igd",2,1,TRUE
"62","rs6790396","G","C","G","C",0.0627,-0.0047,0.5959,0.586927,FALSE,TRUE,FALSE,"Diabetes","3","38771925",0.0079,62892,0.552699,"Type 2 diabetes || id:ebi-a-GCST006867","Type 2 diabetes","Type 2 diabetes ||  || ",TRUE,"igd",NA,NA,NA,NA,NA,NA,NA,1030836,2.40104e-20,38771925,0.0068,"3","Atrial fibrillation","Atrial fibrillation || id:ebi-a-GCST006414",TRUE,"reported","igd",2,1,TRUE
"63","rs67969609","G","C","G","C",0.0711,0.006,0.071,0.0691611,FALSE,TRUE,FALSE,"Diabetes","2","145760353",0.0154,62892,0.6944,"Type 2 diabetes || id:ebi-a-GCST006867","Type 2 diabetes","Type 2 diabetes ||  || ",TRUE,"igd",NA,NA,NA,NA,NA,NA,NA,1030836,1.71199e-08,145760353,0.0126,"2","Atrial fibrillation","Atrial fibrillation || id:ebi-a-GCST006414",TRUE,"reported","igd",2,1,TRUE
"64","rs6838973","T","C","T","C",-0.1514,-0.0075,0.4406,0.433407,FALSE,FALSE,FALSE,"Diabetes","4","111765495",0.0079,62892,0.3456,"Type 2 diabetes || id:ebi-a-GCST006867","Type 2 diabetes","Type 2 diabetes ||  || ",TRUE,"igd",NA,NA,NA,NA,NA,NA,NA,1030836,1.03039e-111,111765495,0.0067,"4","Atrial fibrillation","Atrial fibrillation || id:ebi-a-GCST006414",TRUE,"reported","igd",2,1,TRUE
"65","rs6882776","A","G","A","G",-0.0711,-0.0041,0.2835,0.280767,FALSE,FALSE,FALSE,"Diabetes","5","172664163",0.0093,62892,0.6612,"Type 2 diabetes || id:ebi-a-GCST006867","Type 2 diabetes","Type 2 diabetes ||  || ",TRUE,"igd",NA,NA,NA,NA,NA,NA,NA,1030836,9.63607e-22,172664163,0.0074,"5","Atrial fibrillation","Atrial fibrillation || id:ebi-a-GCST006414",TRUE,"reported","igd",2,1,TRUE
"66","rs6994744","C","A","C","A",0.0405,-0.0066,0.4954,0.488467,FALSE,FALSE,FALSE,"Diabetes","8","141740868",0.0078,62892,0.3984,"Type 2 diabetes || id:ebi-a-GCST006867","Type 2 diabetes","Type 2 diabetes ||  || ",TRUE,"igd",NA,NA,NA,NA,NA,NA,NA,1030836,1.09499e-09,141740868,0.0066,"8","Atrial fibrillation","Atrial fibrillation || id:ebi-a-GCST006414",TRUE,"reported","igd",2,1,TRUE
"67","rs7172038","G","T","G","T",0.112,-0.0058,0.1597,0.158826,FALSE,FALSE,FALSE,"Diabetes","15","73667255",0.0098,62892,0.5564,"Type 2 diabetes || id:ebi-a-GCST006867","Type 2 diabetes","Type 2 diabetes ||  || ",TRUE,"igd",NA,NA,NA,NA,NA,NA,NA,1030836,4.78189e-36,73667255,0.0089,"15","Atrial fibrillation","Atrial fibrillation || id:ebi-a-GCST006414",TRUE,"reported","igd",2,1,TRUE
"68","rs7224711","T","C","T","C",-0.0365,-0.0309,0.5222,0.526774,FALSE,FALSE,FALSE,"Diabetes","17","76772288",0.0078,62892,6.89096e-05,"Type 2 diabetes || id:ebi-a-GCST006867","Type 2 diabetes","Type 2 diabetes ||  || ",TRUE,"igd",NA,NA,NA,NA,NA,NA,NA,1030836,3.72297e-08,76772288,0.0066,"17","Atrial fibrillation","Atrial fibrillation || id:ebi-a-GCST006414",TRUE,"reported","igd",2,1,TRUE
"69","rs72694603","T","C","T","C",-0.0553,0.0096,0.3147,0.317284,FALSE,FALSE,FALSE,"Diabetes","1","112458893",0.0085,62892,0.2586,"Type 2 diabetes || id:ebi-a-GCST006867","Type 2 diabetes","Type 2 diabetes ||  || ",TRUE,"igd",NA,NA,NA,NA,NA,NA,NA,1030836,2.25788e-14,112458893,0.0072,"1","Atrial fibrillation","Atrial fibrillation || id:ebi-a-GCST006414",TRUE,"reported","igd",2,1,TRUE
"70","rs72811294","C","G","C","G",-0.072,0.0115,0.1131,0.112183,FALSE,TRUE,FALSE,"Diabetes","17","12618680",0.0124,62892,0.3511,"Type 2 diabetes || id:ebi-a-GCST006867","Type 2 diabetes","Type 2 diabetes ||  || ",TRUE,"igd",NA,NA,NA,NA,NA,NA,NA,1030836,9.66941e-12,12618680,0.0106,"17","Atrial fibrillation","Atrial fibrillation || id:ebi-a-GCST006414",TRUE,"reported","igd",2,1,TRUE
"71","rs72926475","A","G","A","G",-0.0683,-0.0181,0.1228,0.124068,FALSE,FALSE,FALSE,"Diabetes","2","86594487",0.012,62892,0.131,"Type 2 diabetes || id:ebi-a-GCST006867","Type 2 diabetes","Type 2 diabetes ||  || ",TRUE,"igd",NA,NA,NA,NA,NA,NA,NA,1030836,2.37192e-11,86594487,0.0102,"2","Atrial fibrillation","Atrial fibrillation || id:ebi-a-GCST006414",TRUE,"reported","igd",2,1,TRUE
"72","rs72966339","T","C","T","C",-0.0616,-0.0138,0.3679,0.35559,FALSE,FALSE,FALSE,"Diabetes","6","122398241",0.0082,62892,0.0918396,"Type 2 diabetes || id:ebi-a-GCST006867","Type 2 diabetes","Type 2 diabetes ||  || ",TRUE,"igd",NA,NA,NA,NA,NA,NA,NA,1030836,7.42164e-19,122398241,0.0069,"6","Atrial fibrillation","Atrial fibrillation || id:ebi-a-GCST006414",TRUE,"reported","igd",2,1,TRUE
"73","rs73041705","C","T","C","T",-0.0443,0.0086,0.2985,0.299409,FALSE,FALSE,FALSE,"Diabetes","3","24463235",0.0086,62892,0.3192,"Type 2 diabetes || id:ebi-a-GCST006867","Type 2 diabetes","Type 2 diabetes ||  || ",TRUE,"igd",NA,NA,NA,NA,NA,NA,NA,1030836,1.546e-09,24463235,0.0073,"3","Atrial fibrillation","Atrial fibrillation || id:ebi-a-GCST006414",TRUE,"reported","igd",2,1,TRUE
"74","rs73366713","A","G","A","G",-0.1035,0.0073,0.1396,0.131321,FALSE,FALSE,FALSE,"Diabetes","6","16417733",0.0115,62892,0.5267,"Type 2 diabetes || id:ebi-a-GCST006867","Type 2 diabetes","Type 2 diabetes ||  || ",TRUE,"igd",TRUE,"rs73366713","rs112583508","A","G","A","G",1030836,1.53109e-25,16415751,0.0099,"6","Atrial fibrillation","Atrial fibrillation || id:ebi-a-GCST006414",TRUE,"reported","igd",2,1,TRUE
"75","rs74500426","T","G","T","G",-0.0921,0.0128,0.0764,0.0748965,FALSE,FALSE,FALSE,"Diabetes","4","174642789",0.0148,62892,0.3846,"Type 2 diabetes || id:ebi-a-GCST006867","Type 2 diabetes","Type 2 diabetes ||  || ",TRUE,"igd",NA,NA,NA,NA,NA,NA,NA,1030836,4.28845e-13,174642789,0.0127,"4","Atrial fibrillation","Atrial fibrillation || id:ebi-a-GCST006414",TRUE,"reported","igd",2,1,TRUE
"76","rs74832855","G","A","G","A",0.1216,0.008,0.0369,0.0337105,FALSE,FALSE,FALSE,"Diabetes","1","170171598",0.0215,62892,0.7083,"Type 2 diabetes || id:ebi-a-GCST006867","Type 2 diabetes","Type 2 diabetes ||  || ",TRUE,"igd",NA,NA,NA,NA,NA,NA,NA,1030836,1.43285e-11,170171598,0.018,"1","Atrial fibrillation","Atrial fibrillation || id:ebi-a-GCST006414",TRUE,"reported","igd",2,1,TRUE
"77","rs74884082","T","C","T","C",-0.0493,0.0058,0.2495,0.241346,FALSE,FALSE,FALSE,"Diabetes","14","73249419",0.0092,62892,0.5303,"Type 2 diabetes || id:ebi-a-GCST006867","Type 2 diabetes","Type 2 diabetes ||  || ",TRUE,"igd",NA,NA,NA,NA,NA,NA,NA,1030836,3.47896e-10,73249419,0.0078,"14","Atrial fibrillation","Atrial fibrillation || id:ebi-a-GCST006414",TRUE,"reported","igd",2,1,TRUE
"78","rs7508","A","G","A","G",0.0711,0.0109,0.7109,0.723874,FALSE,FALSE,FALSE,"Diabetes","8","17913970",0.0088,62892,0.2153,"Type 2 diabetes || id:ebi-a-GCST006867","Type 2 diabetes","Type 2 diabetes ||  || ",TRUE,"igd",NA,NA,NA,NA,NA,NA,NA,1030836,1.69083e-21,17913970,0.0075,"8","Atrial fibrillation","Atrial fibrillation || id:ebi-a-GCST006414",TRUE,"reported","igd",2,1,TRUE
"79","rs7529220","C","T","C","T",0.0621,0.0122,0.8469,0.865784,FALSE,FALSE,FALSE,"Diabetes","1","22282619",0.0114,62892,0.2858,"Type 2 diabetes || id:ebi-a-GCST006867","Type 2 diabetes","Type 2 diabetes ||  || ",TRUE,"igd",NA,NA,NA,NA,NA,NA,NA,1030836,1.98299e-10,22282619,0.0098,"1","Atrial fibrillation","Atrial fibrillation || id:ebi-a-GCST006414",TRUE,"reported","igd",2,1,TRUE
"80","rs7574892","A","G","A","G",0.0552,-0.0126,0.4847,0.480137,FALSE,FALSE,FALSE,"Diabetes","2","175512820",0.0079,62892,0.1099,"Type 2 diabetes || id:ebi-a-GCST006867","Type 2 diabetes","Type 2 diabetes ||  || ",TRUE,"igd",NA,NA,NA,NA,NA,NA,NA,1030836,1.97606e-16,175512820,0.0067,"2","Atrial fibrillation","Atrial fibrillation || id:ebi-a-GCST006414",TRUE,"reported","igd",2,1,TRUE
"81","rs7612445","T","G","T","G",0.0493,0.0108,0.1879,0.187077,FALSE,FALSE,FALSE,"Diabetes","3","179172979",0.01,62892,0.2827,"Type 2 diabetes || id:ebi-a-GCST006867","Type 2 diabetes","Type 2 diabetes ||  || ",TRUE,"igd",NA,NA,NA,NA,NA,NA,NA,1030836,4.80795e-09,179172979,0.0084,"3","Atrial fibrillation","Atrial fibrillation || id:ebi-a-GCST006414",TRUE,"reported","igd",2,1,TRUE
"82","rs775498","G","A","G","A",0.0423,0.0074,0.2798,0.286143,FALSE,FALSE,FALSE,"Diabetes","12","70071513",0.0087,62892,0.3956,"Type 2 diabetes || id:ebi-a-GCST006867","Type 2 diabetes","Type 2 diabetes ||  || ",TRUE,"igd",NA,NA,NA,NA,NA,NA,NA,1030836,1.053e-08,70071513,0.0074,"12","Atrial fibrillation","Atrial fibrillation || id:ebi-a-GCST006414",TRUE,"reported","igd",2,1,TRUE
"83","rs7789146","A","G","A","G",-0.0584,0.0041,0.1787,0.173958,FALSE,FALSE,FALSE,"Diabetes","7","150661409",0.0103,62892,0.692201,"Type 2 diabetes || id:ebi-a-GCST006867","Type 2 diabetes","Type 2 diabetes ||  || ",TRUE,"igd",NA,NA,NA,NA,NA,NA,NA,1030836,2.11592e-11,150661409,0.0087,"7","Atrial fibrillation","Atrial fibrillation || id:ebi-a-GCST006414",TRUE,"reported","igd",2,1,TRUE
"84","rs7915134","T","C","T","C",-0.1168,-0.0283,0.1439,0.141412,FALSE,FALSE,FALSE,"Diabetes","10","75420180",0.0113,62892,0.01243,"Type 2 diabetes || id:ebi-a-GCST006867","Type 2 diabetes","Type 2 diabetes ||  || ",TRUE,"igd",NA,NA,NA,NA,NA,NA,NA,1030836,1.42004e-34,75420180,0.0095,"10","Atrial fibrillation","Atrial fibrillation || id:ebi-a-GCST006414",TRUE,"reported","igd",2,1,TRUE
"85","rs79187193","A","G","A","G",-0.1162,-0.0123,0.0569,0.0446154,FALSE,FALSE,FALSE,"Diabetes","1","147255831",0.0184,62892,0.5025,"Type 2 diabetes || id:ebi-a-GCST006867","Type 2 diabetes","Type 2 diabetes ||  || ",TRUE,"igd",NA,NA,NA,NA,NA,NA,NA,1030836,3.14992e-14,147255831,0.0153,"1","Atrial fibrillation","Atrial fibrillation || id:ebi-a-GCST006414",TRUE,"reported","igd",2,1,TRUE
"86","rs8088085","C","A","C","A",-0.0365,-0.0197,0.4646,0.454846,FALSE,FALSE,FALSE,"Diabetes","18","48708548",0.0078,62892,0.0120601,"Type 2 diabetes || id:ebi-a-GCST006867","Type 2 diabetes","Type 2 diabetes ||  || ",TRUE,"igd",NA,NA,NA,NA,NA,NA,NA,1030836,4.79402e-08,48708548,0.0067,"18","Atrial fibrillation","Atrial fibrillation || id:ebi-a-GCST006414",TRUE,"reported","igd",2,1,TRUE
"87","rs883079","T","C","T","C",0.0981,0.0112,0.7074,0.730531,FALSE,FALSE,FALSE,"Diabetes","12","114793240",0.0087,62892,0.1986,"Type 2 diabetes || id:ebi-a-GCST006867","Type 2 diabetes","Type 2 diabetes ||  || ",TRUE,"igd",NA,NA,NA,NA,NA,NA,NA,1030836,2.83727e-40,114793240,0.0074,"12","Atrial fibrillation","Atrial fibrillation || id:ebi-a-GCST006414",TRUE,"reported","igd",2,1,TRUE
"88","rs9506925","T","C","T","C",0.0449,-0.0103,0.2669,0.278528,FALSE,FALSE,FALSE,"Diabetes","13","23368943",0.0089,62892,0.2462,"Type 2 diabetes || id:ebi-a-GCST006867","Type 2 diabetes","Type 2 diabetes ||  || ",TRUE,"igd",NA,NA,NA,NA,NA,NA,NA,1030836,2.716e-09,23368943,0.0075,"13","Atrial fibrillation","Atrial fibrillation || id:ebi-a-GCST006414",TRUE,"reported","igd",2,1,TRUE
