,SNP,effect_allele.exposure,other_allele.exposure,effect_allele.outcome,other_allele.outcome,beta.exposure,beta.outcome,eaf.exposure,eaf.outcome,remove,palindromic,ambiguous,id.outcome,chr,pos,se.outcome,samplesize.outcome,pval.outcome,outcome,originalname.outcome,outcome.deprecated,mr_keep.outcome,data_source.outcome,chr.exposure,pval.exposure,se.exposure,samplesize.exposure,pos.exposure,id.exposure,exposure,mr_keep.exposure,pval_origin.exposure,data_source.exposure,action,SNP_index,mr_keep
1,rs1038128,C,A,C,A,-0.00263974,0.0031,0.430819,0.4445,FALSE,FALSE,FALSE,Atrial fibrillation,2,4586485,0.0068,1030836,0.644,Atrial fibrillation || id:ebi-a-GCST006414,Atrial fibrillation,Atrial fibrillation ||  || ,TRUE,igd,2,2.23E-05,0.000622531,361194,4586485,COPD, || id:ukb-d-COPD_EXCL,TRUE,reported,igd,2,1,TRUE
2,rs10745296,A,G,A,G,-0.0035865,-0.0224,0.840547,0.8161,FALSE,FALSE,FALSE,Atrial fibrillation,10,135202333,0.0129,1030836,0.0826704,Atrial fibrillation || id:ebi-a-GCST006414,Atrial fibrillation,Atrial fibrillation ||  || ,TRUE,igd,10,4.56E-05,0.000879651,361194,135202333,COPD, || id:ukb-d-COPD_EXCL,TRUE,reported,igd,2,1,TRUE
3,rs11156672,C,T,C,T,0.0032301,0.0077,0.198504,0.2091,FALSE,FALSE,FALSE,Atrial fibrillation,14,21261605,0.0083,1030836,0.3577,Atrial fibrillation || id:ebi-a-GCST006414,Atrial fibrillation,Atrial fibrillation ||  || ,TRUE,igd,14,3.18E-05,0.000776476,361194,21261605,COPD, || id:ukb-d-COPD_EXCL,TRUE,reported,igd,2,1,TRUE
4,rs111719757,A,T,A,T,-0.00567685,-7.00E-04,0.061441,0.0756,FALSE,TRUE,FALSE,Atrial fibrillation,21,16650916,0.0141,1030836,0.9621,Atrial fibrillation || id:ebi-a-GCST006414,Atrial fibrillation,Atrial fibrillation ||  || ,TRUE,igd,21,1.43E-05,0.00130816,361194,16650916,COPD, || id:ukb-d-COPD_EXCL,TRUE,reported,igd,2,1,TRUE
5,rs113636706,G,A,G,A,0.0113194,-0.005,0.0202234,0.0221,FALSE,FALSE,FALSE,Atrial fibrillation,8,129262797,0.0263,1030836,0.8508,Atrial fibrillation || id:ebi-a-GCST006414,Atrial fibrillation,Atrial fibrillation ||  || ,TRUE,igd,8,5.93E-07,0.00226684,361194,129262797,COPD, || id:ukb-d-COPD_EXCL,TRUE,reported,igd,2,1,TRUE
6,rs114353516,G,A,G,A,-0.0112673,-0.0322,0.0141967,0.012,FALSE,FALSE,FALSE,Atrial fibrillation,2,105184377,0.0382,1030836,0.3985,Atrial fibrillation || id:ebi-a-GCST006414,Atrial fibrillation,Atrial fibrillation ||  || ,TRUE,igd,2,2.61E-05,0.00267923,361194,105184377,COPD, || id:ukb-d-COPD_EXCL,TRUE,reported,igd,2,1,TRUE
7,rs114406428,A,C,A,C,0.0128488,0.013,0.0104165,0.0094,FALSE,FALSE,FALSE,Atrial fibrillation,3,60959200,0.0406,1030836,0.7487,Atrial fibrillation || id:ebi-a-GCST006414,Atrial fibrillation,Atrial fibrillation ||  || ,TRUE,igd,3,2.90E-05,0.00307312,361194,60959200,COPD, || id:ukb-d-COPD_EXCL,TRUE,reported,igd,2,1,TRUE
8,rs114922849,T,C,T,C,0.010759,-0.0228,0.013872,0.0118,FALSE,FALSE,FALSE,Atrial fibrillation,5,18502510,0.0384,1030836,0.552699,Atrial fibrillation || id:ebi-a-GCST006414,Atrial fibrillation,Atrial fibrillation ||  || ,TRUE,igd,5,4.17E-05,0.00262557,361194,18502510,COPD, || id:ukb-d-COPD_EXCL,TRUE,reported,igd,2,1,TRUE
9,rs1150758,C,G,C,G,0.0040985,-0.0077,0.174806,0.1559,FALSE,TRUE,FALSE,Atrial fibrillation,6,32028149,0.01,1030836,0.4417,Atrial fibrillation || id:ebi-a-GCST006414,Atrial fibrillation,Atrial fibrillation ||  || ,TRUE,igd,6,3.99E-07,0.000808436,361194,32028149,COPD, || id:ukb-d-COPD_EXCL,TRUE,reported,igd,2,1,TRUE
10,rs116258569,G,A,G,A,-0.00970438,0.0265,0.019556,0.0209,FALSE,FALSE,FALSE,Atrial fibrillation,2,58665605,0.0269,1030836,0.3254,Atrial fibrillation || id:ebi-a-GCST006414,Atrial fibrillation,Atrial fibrillation ||  || ,TRUE,igd,2,1.20E-05,0.0022165,361194,58665605,COPD, || id:ukb-d-COPD_EXCL,TRUE,reported,igd,2,1,TRUE
11,rs116294078,G,A,G,A,0.0133313,0.0788,0.0120683,0.0209,FALSE,FALSE,FALSE,Atrial fibrillation,3,7300996,0.0301,1030836,0.008908,Atrial fibrillation || id:ebi-a-GCST006414,Atrial fibrillation,Atrial fibrillation ||  || ,TRUE,igd,3,6.65E-06,0.00295945,361194,7300996,COPD, || id:ukb-d-COPD_EXCL,TRUE,reported,igd,2,1,TRUE
12,rs11679889,A,G,A,G,0.00282146,0.0075,0.301812,0.3332,FALSE,FALSE,FALSE,Atrial fibrillation,2,102941009,0.0105,1030836,0.4722,Atrial fibrillation || id:ebi-a-GCST006414,Atrial fibrillation,Atrial fibrillation ||  || ,TRUE,igd,2,2.66E-05,0.000671596,361194,102941009,COPD, || id:ukb-d-COPD_EXCL,TRUE,reported,igd,2,1,TRUE
13,rs117010031,T,G,T,G,0.00544544,0.0142,0.0572047,0.0556,FALSE,FALSE,FALSE,Atrial fibrillation,7,158083998,0.0172,1030836,0.4104,Atrial fibrillation || id:ebi-a-GCST006414,Atrial fibrillation,Atrial fibrillation ||  || ,TRUE,igd,7,3.77E-05,0.00132123,361194,158083998,COPD, || id:ukb-d-COPD_EXCL,TRUE,reported,igd,2,1,TRUE
14,rs117066569,G,C,G,C,-0.00365801,0.003,0.154197,0.1515,FALSE,TRUE,FALSE,Atrial fibrillation,7,97919974,0.0098,1030836,0.7596,Atrial fibrillation || id:ebi-a-GCST006414,Atrial fibrillation,Atrial fibrillation ||  || ,TRUE,igd,7,1.76E-05,0.000851909,361194,97919974,COPD, || id:ukb-d-COPD_EXCL,TRUE,reported,igd,2,1,TRUE
15,rs11747931,T,C,T,C,0.00692115,0.0478,0.962813,0.9756,FALSE,FALSE,FALSE,Atrial fibrillation,5,176257636,0.0432,1030836,0.2689,Atrial fibrillation || id:ebi-a-GCST006414,Atrial fibrillation,Atrial fibrillation ||  || ,TRUE,igd,5,2.19E-05,0.00163052,361194,176257636,COPD, || id:ukb-d-COPD_EXCL,TRUE,reported,igd,2,1,TRUE
16,rs117551282,C,T,C,T,0.00705222,0.0419,0.0379062,0.0354,FALSE,FALSE,FALSE,Atrial fibrillation,12,24360745,0.021,1030836,0.0458005,Atrial fibrillation || id:ebi-a-GCST006414,Atrial fibrillation,Atrial fibrillation ||  || ,TRUE,igd,12,1.13E-05,0.0016065,361194,24360745,COPD, || id:ukb-d-COPD_EXCL,TRUE,reported,igd,2,1,TRUE
17,rs118023796,A,G,A,G,-0.00760096,-0.0025,0.0340828,0.0316,FALSE,FALSE,FALSE,Atrial fibrillation,7,54415847,0.0265,1030836,0.9259,Atrial fibrillation || id:ebi-a-GCST006414,Atrial fibrillation,Atrial fibrillation ||  || ,TRUE,igd,7,9.65E-06,0.00171772,361194,54415847,COPD, || id:ukb-d-COPD_EXCL,TRUE,reported,igd,2,1,TRUE
18,rs118134320,G,A,G,A,0.00852532,0.0361,0.026169,0.0311,FALSE,FALSE,FALSE,Atrial fibrillation,12,42757653,0.0235,1030836,0.1236,Atrial fibrillation || id:ebi-a-GCST006414,Atrial fibrillation,Atrial fibrillation ||  || ,TRUE,igd,12,2.70E-05,0.00203091,361194,42757653,COPD, || id:ukb-d-COPD_EXCL,TRUE,reported,igd,2,1,TRUE
19,rs11900199,C,G,C,G,-0.00294736,-0.0119,0.29647,0.2967,FALSE,TRUE,FALSE,Atrial fibrillation,2,207542318,0.0073,1030836,0.1023,Atrial fibrillation || id:ebi-a-GCST006414,Atrial fibrillation,Atrial fibrillation ||  || ,TRUE,igd,2,1.18E-05,0.000672732,361194,207542318,COPD, || id:ukb-d-COPD_EXCL,TRUE,reported,igd,2,1,TRUE
20,rs12722597,A,G,A,G,0.00615682,0.0029,0.0457304,0.0456,FALSE,FALSE,FALSE,Atrial fibrillation,10,6055289,0.0163,1030836,0.8579,Atrial fibrillation || id:ebi-a-GCST006414,Atrial fibrillation,Atrial fibrillation ||  || ,TRUE,igd,10,3.05E-05,0.00147652,361194,6055289,COPD, || id:ukb-d-COPD_EXCL,TRUE,reported,igd,2,1,TRUE
21,rs13050215,G,A,G,A,-0.00546631,0.025,0.0763814,0.0726,FALSE,FALSE,FALSE,Atrial fibrillation,21,38127227,0.0147,1030836,0.0896809,Atrial fibrillation || id:ebi-a-GCST006414,Atrial fibrillation,Atrial fibrillation ||  || ,TRUE,igd,21,2.26E-06,0.00115592,361194,38127227,COPD, || id:ukb-d-COPD_EXCL,TRUE,reported,igd,2,1,TRUE
22,rs13130260,A,G,A,G,-0.00326653,0.0047,0.282706,0.2756,FALSE,FALSE,FALSE,Atrial fibrillation,4,184824352,0.0076,1030836,0.5321,Atrial fibrillation || id:ebi-a-GCST006414,Atrial fibrillation,Atrial fibrillation ||  || ,TRUE,igd,4,2.24E-06,0.00069048,361194,184824352,COPD, || id:ukb-d-COPD_EXCL,TRUE,reported,igd,2,1,TRUE
23,rs13402621,C,T,C,T,0.0032019,0.0203,0.220353,0.2244,FALSE,FALSE,FALSE,Atrial fibrillation,2,43458611,0.008,1030836,0.0116399,Atrial fibrillation || id:ebi-a-GCST006414,Atrial fibrillation,Atrial fibrillation ||  || ,TRUE,igd,2,1.75E-05,0.000745545,361194,43458611,COPD, || id:ukb-d-COPD_EXCL,TRUE,reported,igd,2,1,TRUE
24,rs13414323,T,C,T,C,0.00936085,0.0636,0.0183572,0.0165,FALSE,FALSE,FALSE,Atrial fibrillation,2,2225210,0.0288,1030836,0.0270801,Atrial fibrillation || id:ebi-a-GCST006414,Atrial fibrillation,Atrial fibrillation ||  || ,TRUE,igd,2,4.14E-05,0.00228347,361194,2225210,COPD, || id:ukb-d-COPD_EXCL,TRUE,reported,igd,2,1,TRUE
25,rs139052799,T,C,T,C,-0.0131684,0.0056,0.0129045,0.019,FALSE,FALSE,FALSE,Atrial fibrillation,12,118653022,0.0288,1030836,0.8455,Atrial fibrillation || id:ebi-a-GCST006414,Atrial fibrillation,Atrial fibrillation ||  || ,TRUE,igd,12,7.81E-06,0.00294564,361194,118653022,COPD, || id:ukb-d-COPD_EXCL,TRUE,reported,igd,2,1,TRUE
26,rs140983389,T,C,T,C,0.0137787,0.0374,0.00989176,0.0115,FALSE,FALSE,FALSE,Atrial fibrillation,13,113680805,0.039,1030836,0.3382,Atrial fibrillation || id:ebi-a-GCST006414,Atrial fibrillation,Atrial fibrillation ||  || ,TRUE,igd,13,1.82E-05,0.00321519,361194,113680805,COPD, || id:ukb-d-COPD_EXCL,TRUE,reported,igd,2,1,TRUE
27,rs1411009,C,T,C,T,-0.00315252,0.0025,0.203779,0.1978,FALSE,FALSE,FALSE,Atrial fibrillation,1,57372917,0.0085,1030836,0.7655,Atrial fibrillation || id:ebi-a-GCST006414,Atrial fibrillation,Atrial fibrillation ||  || ,TRUE,igd,1,4.29E-05,0.00077056,361194,57372917,COPD, || id:ukb-d-COPD_EXCL,TRUE,reported,igd,2,1,TRUE
28,rs144543566,T,C,T,C,0.0108489,-0.0397,0.0142954,0.0133,FALSE,FALSE,FALSE,Atrial fibrillation,2,224719070,0.0338,1030836,0.2408,Atrial fibrillation || id:ebi-a-GCST006414,Atrial fibrillation,Atrial fibrillation ||  || ,TRUE,igd,2,4.07E-05,0.00264373,361194,224719070,COPD, || id:ukb-d-COPD_EXCL,TRUE,reported,igd,2,1,TRUE
29,rs1451826,C,T,C,T,0.00398988,0.006,0.837988,0.8218,FALSE,FALSE,FALSE,Atrial fibrillation,2,161560869,0.0092,1030836,0.515,Atrial fibrillation || id:ebi-a-GCST006414,Atrial fibrillation,Atrial fibrillation ||  || ,TRUE,igd,2,1.68E-06,0.000833268,361194,161560869,COPD, || id:ukb-d-COPD_EXCL,TRUE,reported,igd,2,1,TRUE
30,rs146853287,C,G,C,G,0.0137025,0.0539,0.00911865,0.0079,FALSE,TRUE,FALSE,Atrial fibrillation,6,162371976,0.0445,1030836,0.2264,Atrial fibrillation || id:ebi-a-GCST006414,Atrial fibrillation,Atrial fibrillation ||  || ,TRUE,igd,6,2.37E-05,0.00324205,361194,162371976,COPD, || id:ukb-d-COPD_EXCL,TRUE,reported,igd,2,1,TRUE
31,rs1468626,C,T,C,T,0.00281257,1.00E-04,0.537973,0.5409,FALSE,FALSE,FALSE,Atrial fibrillation,15,97491615,0.0068,1030836,0.989,Atrial fibrillation || id:ebi-a-GCST006414,Atrial fibrillation,Atrial fibrillation ||  || ,TRUE,igd,15,6.81E-06,0.000625051,361194,97491615,COPD, || id:ukb-d-COPD_EXCL,TRUE,reported,igd,2,1,TRUE
32,rs147955924,T,C,T,C,0.011988,0.0038,0.0125624,0.0132,FALSE,FALSE,FALSE,Atrial fibrillation,13,90174739,0.0409,1030836,0.9264,Atrial fibrillation || id:ebi-a-GCST006414,Atrial fibrillation,Atrial fibrillation ||  || ,TRUE,igd,13,4.92E-05,0.00295304,361194,90174739,COPD, || id:ukb-d-COPD_EXCL,TRUE,reported,igd,2,1,TRUE
33,rs148912917,C,T,C,T,-0.00849028,-0.0583,0.0248694,0.021,FALSE,FALSE,FALSE,Atrial fibrillation,4,136103897,0.038,1030836,0.1254,Atrial fibrillation || id:ebi-a-GCST006414,Atrial fibrillation,Atrial fibrillation ||  || ,TRUE,igd,4,3.39E-05,0.00204794,361194,136103897,COPD, || id:ukb-d-COPD_EXCL,TRUE,reported,igd,2,1,TRUE
34,rs150602265,G,A,G,A,-0.00573941,-8.00E-04,0.05199,0.0606,FALSE,FALSE,FALSE,Atrial fibrillation,17,64409899,0.0142,1030836,0.9553,Atrial fibrillation || id:ebi-a-GCST006414,Atrial fibrillation,Atrial fibrillation ||  || ,TRUE,igd,17,3.75E-05,0.0013922,361194,64409899,COPD, || id:ukb-d-COPD_EXCL,TRUE,reported,igd,2,1,TRUE
35,rs16955901,G,A,G,A,0.00279455,0.0093,0.310052,0.3039,FALSE,FALSE,FALSE,Atrial fibrillation,17,6405253,0.0072,1030836,0.1998,Atrial fibrillation || id:ebi-a-GCST006414,Atrial fibrillation,Atrial fibrillation ||  || ,TRUE,igd,17,2.63E-05,0.000664794,361194,6405253,COPD, || id:ukb-d-COPD_EXCL,TRUE,reported,igd,2,1,TRUE
36,rs172353,C,T,C,T,-0.00376634,0.0051,0.870943,0.8357,FALSE,FALSE,FALSE,Atrial fibrillation,6,11957303,0.0094,1030836,0.5862,Atrial fibrillation || id:ebi-a-GCST006414,Atrial fibrillation,Atrial fibrillation ||  || ,TRUE,igd,6,4.11E-05,0.00091832,361194,11957303,COPD, || id:ukb-d-COPD_EXCL,TRUE,reported,igd,2,1,TRUE
37,rs174601,T,C,T,C,-0.00332541,-0.0133,0.375289,0.3811,FALSE,FALSE,FALSE,Atrial fibrillation,11,61623140,0.0069,1030836,0.0545796,Atrial fibrillation || id:ebi-a-GCST006414,Atrial fibrillation,Atrial fibrillation ||  || ,TRUE,igd,11,1.59E-07,0.000634362,361194,61623140,COPD, || id:ukb-d-COPD_EXCL,TRUE,reported,igd,2,1,TRUE
38,rs17761883,T,C,T,C,-0.00406889,-0.0175,0.112428,0.1191,FALSE,FALSE,FALSE,Atrial fibrillation,19,52326010,0.0104,1030836,0.0922401,Atrial fibrillation || id:ebi-a-GCST006414,Atrial fibrillation,Atrial fibrillation ||  || ,TRUE,igd,19,2.99E-05,0.000974829,361194,52326010,COPD, || id:ukb-d-COPD_EXCL,TRUE,reported,igd,2,1,TRUE
39,rs185709184,G,A,G,A,-0.011731,0.0028,0.0128131,0.0116,FALSE,FALSE,FALSE,Atrial fibrillation,1,19047565,0.0378,1030836,0.9411,Atrial fibrillation || id:ebi-a-GCST006414,Atrial fibrillation,Atrial fibrillation ||  || ,TRUE,igd,1,1.69E-05,0.00272673,361194,19047565,COPD, || id:ukb-d-COPD_EXCL,TRUE,reported,igd,2,1,TRUE
40,rs1877031,A,G,A,G,-0.0031737,-0.0334,0.667817,0.6574,FALSE,FALSE,FALSE,Atrial fibrillation,17,37814080,0.007,1030836,1.70E-06,Atrial fibrillation || id:ebi-a-GCST006414,Atrial fibrillation,Atrial fibrillation ||  || ,TRUE,igd,17,1.12E-06,0.000651856,361194,37814080,COPD, || id:ukb-d-COPD_EXCL,TRUE,reported,igd,2,1,TRUE
41,rs1878021,G,C,G,C,-0.00289522,5.00E-04,0.704837,0.7006,FALSE,TRUE,FALSE,Atrial fibrillation,12,108693724,0.0081,1030836,0.9477,Atrial fibrillation || id:ebi-a-GCST006414,Atrial fibrillation,Atrial fibrillation ||  || ,TRUE,igd,12,4.56E-05,0.000710107,361194,108693724,COPD, || id:ukb-d-COPD_EXCL,TRUE,reported,igd,2,1,TRUE
42,rs189090219,T,C,T,C,0.0149405,0.0361,0.00864531,0.0084,FALSE,FALSE,FALSE,Atrial fibrillation,22,34405855,0.0468,1030836,0.4403,Atrial fibrillation || id:ebi-a-GCST006414,Atrial fibrillation,Atrial fibrillation ||  || ,TRUE,igd,22,1.80E-05,0.00348359,361194,34405855,COPD, || id:ukb-d-COPD_EXCL,TRUE,reported,igd,2,1,TRUE
43,rs193268081,T,C,T,C,-0.00503534,-0.0128,0.0804743,0.0783,FALSE,FALSE,FALSE,Atrial fibrillation,18,11918484,0.013,1030836,0.3243,Atrial fibrillation || id:ebi-a-GCST006414,Atrial fibrillation,Atrial fibrillation ||  || ,TRUE,igd,18,8.85E-06,0.00113318,361194,11918484,COPD, || id:ukb-d-COPD_EXCL,TRUE,reported,igd,2,1,TRUE
44,rs2056902,A,G,A,G,-0.00449828,-0.0108,0.10892,0.1159,FALSE,FALSE,FALSE,Atrial fibrillation,11,9048513,0.0104,1030836,0.2983,Atrial fibrillation || id:ebi-a-GCST006414,Atrial fibrillation,Atrial fibrillation ||  || ,TRUE,igd,11,5.26E-06,0.000987761,361194,9048513,COPD, || id:ukb-d-COPD_EXCL,TRUE,reported,igd,2,1,TRUE
45,rs2108038,C,T,C,T,0.00278078,-0.0108,0.706649,0.7105,FALSE,FALSE,FALSE,Atrial fibrillation,7,70587718,0.0184,1030836,0.5577,Atrial fibrillation || id:ebi-a-GCST006414,Atrial fibrillation,Atrial fibrillation ||  || ,TRUE,igd,7,3.85E-05,0.000675538,361194,70587718,COPD, || id:ukb-d-COPD_EXCL,TRUE,reported,igd,2,1,TRUE
46,rs2159237,A,G,A,G,0.00314803,6.00E-04,0.260383,0.2552,FALSE,FALSE,FALSE,Atrial fibrillation,7,32320069,0.0076,1030836,0.9401,Atrial fibrillation || id:ebi-a-GCST006414,Atrial fibrillation,Atrial fibrillation ||  || ,TRUE,igd,7,7.08E-06,0.000700902,361194,32320069,COPD, || id:ukb-d-COPD_EXCL,TRUE,reported,igd,2,1,TRUE
47,rs2180744,T,C,T,C,-0.00299795,-0.0134,0.475549,0.4728,FALSE,FALSE,FALSE,Atrial fibrillation,1,34293885,0.0067,1030836,0.0464205,Atrial fibrillation || id:ebi-a-GCST006414,Atrial fibrillation,Atrial fibrillation ||  || ,TRUE,igd,1,1.23E-06,0.000618076,361194,34293885,COPD, || id:ukb-d-COPD_EXCL,TRUE,reported,igd,2,1,TRUE
48,rs237008,A,G,A,G,0.00413375,-0.0032,0.115293,0.1234,FALSE,FALSE,FALSE,Atrial fibrillation,6,149766961,0.0103,1030836,0.753,Atrial fibrillation || id:ebi-a-GCST006414,Atrial fibrillation,Atrial fibrillation ||  || ,TRUE,igd,6,1.86E-05,0.000965661,361194,149766961,COPD, || id:ukb-d-COPD_EXCL,TRUE,reported,igd,2,1,TRUE
49,rs2668407,C,T,C,T,-0.00272124,-0.0011,0.583958,0.5814,FALSE,FALSE,FALSE,Atrial fibrillation,19,1527587,0.0071,1030836,0.873,Atrial fibrillation || id:ebi-a-GCST006414,Atrial fibrillation,Atrial fibrillation ||  || ,TRUE,igd,19,1.44E-05,0.000627287,361194,1527587,COPD, || id:ukb-d-COPD_EXCL,TRUE,reported,igd,2,1,TRUE
50,rs2678201,C,T,C,T,-0.00376654,-0.0147,0.20426,0.2054,FALSE,FALSE,FALSE,Atrial fibrillation,5,124683175,0.0081,1030836,0.0711902,Atrial fibrillation || id:ebi-a-GCST006414,Atrial fibrillation,Atrial fibrillation ||  || ,TRUE,igd,5,7.68E-07,0.000761916,361194,124683175,COPD, || id:ukb-d-COPD_EXCL,TRUE,reported,igd,2,1,TRUE
51,rs2787875,C,A,C,A,-0.00521787,0.0056,0.938227,0.911,FALSE,FALSE,FALSE,Atrial fibrillation,1,48946572,0.0133,1030836,0.6753,Atrial fibrillation || id:ebi-a-GCST006414,Atrial fibrillation,Atrial fibrillation ||  || ,TRUE,igd,1,4.74E-05,0.00128263,361194,48946572,COPD, || id:ukb-d-COPD_EXCL,TRUE,reported,igd,2,1,TRUE
52,rs2825862,C,T,C,T,-0.00374467,0.003,0.185571,0.1926,FALSE,FALSE,FALSE,Atrial fibrillation,21,21213559,0.0084,1030836,0.719,Atrial fibrillation || id:ebi-a-GCST006414,Atrial fibrillation,Atrial fibrillation ||  || ,TRUE,igd,21,2.22E-06,0.000791365,361194,21213559,COPD, || id:ukb-d-COPD_EXCL,TRUE,reported,igd,2,1,TRUE
53,rs28580296,C,T,C,T,0.00419009,0.016,0.10784,0.1065,FALSE,FALSE,FALSE,Atrial fibrillation,8,146194557,0.0108,1030836,0.1378,Atrial fibrillation || id:ebi-a-GCST006414,Atrial fibrillation,Atrial fibrillation ||  || ,TRUE,igd,8,2.30E-05,0.000989679,361194,146194557,COPD, || id:ukb-d-COPD_EXCL,TRUE,reported,igd,2,1,TRUE
54,rs28944195,A,C,A,C,-0.00325535,0.0061,0.186742,0.1857,FALSE,FALSE,FALSE,Atrial fibrillation,17,26089231,0.0086,1030836,0.4824,Atrial fibrillation || id:ebi-a-GCST006414,Atrial fibrillation,Atrial fibrillation ||  || ,TRUE,igd,17,3.78E-05,0.000790075,361194,26089231,COPD, || id:ukb-d-COPD_EXCL,TRUE,reported,igd,2,1,TRUE
55,rs3004300,G,C,G,C,-0.00270744,0.0029,0.652051,0.6452,FALSE,TRUE,FALSE,Atrial fibrillation,9,19158306,0.0073,1030836,0.6941,Atrial fibrillation || id:ebi-a-GCST006414,Atrial fibrillation,Atrial fibrillation ||  || ,TRUE,igd,9,2.84E-05,0.000646829,361194,19158306,COPD, || id:ukb-d-COPD_EXCL,TRUE,reported,igd,2,1,TRUE
56,rs3024660,T,C,T,C,0.00376498,-0.0057,0.857859,0.8263,FALSE,FALSE,FALSE,Atrial fibrillation,16,27371158,0.0092,1030836,0.539299,Atrial fibrillation || id:ebi-a-GCST006414,Atrial fibrillation,Atrial fibrillation ||  || ,TRUE,igd,16,2.16E-05,0.000886245,361194,27371158,COPD, || id:ukb-d-COPD_EXCL,TRUE,reported,igd,2,1,TRUE
57,rs34434726,T,C,T,C,-0.0047954,-0.0292,0.0843988,0.0846,FALSE,FALSE,FALSE,Atrial fibrillation,4,66577544,0.0123,1030836,0.0171301,Atrial fibrillation || id:ebi-a-GCST006414,Atrial fibrillation,Atrial fibrillation ||  || ,TRUE,igd,4,1.78E-05,0.00111754,361194,66577544,COPD, || id:ukb-d-COPD_EXCL,TRUE,reported,igd,2,1,TRUE
58,rs35021449,T,C,T,C,0.00571085,0.0079,0.0988417,0.0891,FALSE,FALSE,FALSE,Atrial fibrillation,6,32530583,0.0211,1030836,0.706999,Atrial fibrillation || id:ebi-a-GCST006414,Atrial fibrillation,Atrial fibrillation ||  || ,TRUE,igd,6,3.69E-07,0.00112325,361194,32530583,COPD, || id:ukb-d-COPD_EXCL,TRUE,reported,igd,2,1,TRUE
59,rs35078626,A,G,A,G,0.0121666,-0.029,0.0124407,0.0107,FALSE,FALSE,FALSE,Atrial fibrillation,3,193865463,0.0418,1030836,0.4869,Atrial fibrillation || id:ebi-a-GCST006414,Atrial fibrillation,Atrial fibrillation ||  || ,TRUE,igd,3,1.13E-05,0.0027706,361194,193865463,COPD, || id:ukb-d-COPD_EXCL,TRUE,reported,igd,2,1,TRUE
60,rs36071256,T,C,T,C,-0.00267402,0.001,0.412209,0.4048,FALSE,FALSE,FALSE,Atrial fibrillation,1,100644474,0.007,1030836,0.8902,Atrial fibrillation || id:ebi-a-GCST006414,Atrial fibrillation,Atrial fibrillation ||  || ,TRUE,igd,1,1.69E-05,0.000621477,361194,100644474,COPD, || id:ukb-d-COPD_EXCL,TRUE,reported,igd,2,1,TRUE
61,rs373642037,A,C,A,C,0.00720333,-0.0599,0.0320517,0.0201,FALSE,FALSE,FALSE,Atrial fibrillation,15,47573547,0.0619,1030836,0.333,Atrial fibrillation || id:ebi-a-GCST006414,Atrial fibrillation,Atrial fibrillation ||  || ,TRUE,igd,15,4.06E-05,0.00175514,361194,47573547,COPD, || id:ukb-d-COPD_EXCL,TRUE,reported,igd,2,1,TRUE
62,rs3781159,A,C,A,C,0.00298858,0.0083,0.45671,0.4482,FALSE,FALSE,FALSE,Atrial fibrillation,10,78757740,0.0067,1030836,0.2157,Atrial fibrillation || id:ebi-a-GCST006414,Atrial fibrillation,Atrial fibrillation ||  || ,TRUE,igd,10,1.36E-06,0.000618703,361194,78757740,COPD, || id:ukb-d-COPD_EXCL,TRUE,reported,igd,2,1,TRUE
63,rs3802597,G,A,G,A,-0.00283202,-0.0049,0.578395,0.5727,FALSE,FALSE,FALSE,Atrial fibrillation,10,8114388,0.0068,1030836,0.4716,Atrial fibrillation || id:ebi-a-GCST006414,Atrial fibrillation,Atrial fibrillation ||  || ,TRUE,igd,10,6.10E-06,0.000626127,361194,8114388,COPD, || id:ukb-d-COPD_EXCL,TRUE,reported,igd,2,1,TRUE
64,rs3852493,G,C,G,C,0.00273476,0.0103,0.304974,0.2934,FALSE,TRUE,FALSE,Atrial fibrillation,10,92810758,0.0073,1030836,0.1555,Atrial fibrillation || id:ebi-a-GCST006414,Atrial fibrillation,Atrial fibrillation ||  || ,TRUE,igd,10,4.24E-05,0.000667995,361194,92810758,COPD, || id:ukb-d-COPD_EXCL,TRUE,reported,igd,2,1,TRUE
65,rs3910105,G,A,G,A,0.00278941,0.0043,0.453715,0.4573,FALSE,FALSE,FALSE,Atrial fibrillation,4,90682571,0.0067,1030836,0.523,Atrial fibrillation || id:ebi-a-GCST006414,Atrial fibrillation,Atrial fibrillation ||  || ,TRUE,igd,4,6.60E-06,0.000619018,361194,90682571,COPD, || id:ukb-d-COPD_EXCL,TRUE,reported,igd,2,1,TRUE
66,rs3916090,T,C,T,C,-0.0109579,0.0068,0.0186949,0.0209,FALSE,FALSE,FALSE,Atrial fibrillation,3,8114846,0.0268,1030836,0.7998,Atrial fibrillation || id:ebi-a-GCST006414,Atrial fibrillation,Atrial fibrillation ||  || ,TRUE,igd,3,1.33E-06,0.00226606,361194,8114846,COPD, || id:ukb-d-COPD_EXCL,TRUE,reported,igd,2,1,TRUE
67,rs41272936,T,C,T,C,0.0115394,-0.0315,0.0130939,0.0123,FALSE,FALSE,FALSE,Atrial fibrillation,7,70242429,0.0349,1030836,0.3666,Atrial fibrillation || id:ebi-a-GCST006414,Atrial fibrillation,Atrial fibrillation ||  || ,TRUE,igd,7,3.48E-05,0.00278775,361194,70242429,COPD, || id:ukb-d-COPD_EXCL,TRUE,reported,igd,2,1,TRUE
68,rs4235627,A,G,A,G,-0.00360933,-0.0037,0.837011,0.8106,FALSE,FALSE,FALSE,Atrial fibrillation,5,13281311,0.0088,1030836,0.678,Atrial fibrillation || id:ebi-a-GCST006414,Atrial fibrillation,Atrial fibrillation ||  || ,TRUE,igd,5,1.45E-05,0.000832331,361194,13281311,COPD, || id:ukb-d-COPD_EXCL,TRUE,reported,igd,2,1,TRUE
69,rs4419243,G,A,G,A,0.00318785,-0.0021,0.26248,0.2491,FALSE,FALSE,FALSE,Atrial fibrillation,2,84018821,0.0119,1030836,0.8581,Atrial fibrillation || id:ebi-a-GCST006414,Atrial fibrillation,Atrial fibrillation ||  || ,TRUE,igd,2,1.14E-05,0.000726368,361194,84018821,COPD, || id:ukb-d-COPD_EXCL,TRUE,reported,igd,2,1,TRUE
70,rs4431892,T,C,T,C,0.00326113,0.0099,0.189148,0.1551,FALSE,FALSE,FALSE,Atrial fibrillation,1,77948442,0.012,1030836,0.4067,Atrial fibrillation || id:ebi-a-GCST006414,Atrial fibrillation,Atrial fibrillation ||  || ,TRUE,igd,1,3.45E-05,0.000787456,361194,77948442,COPD, || id:ukb-d-COPD_EXCL,TRUE,reported,igd,2,1,TRUE
71,rs4479771,A,G,A,G,0.00313827,-0.0226,0.212931,0.2119,FALSE,FALSE,FALSE,Atrial fibrillation,4,2316874,0.0082,1030836,0.00620698,Atrial fibrillation || id:ebi-a-GCST006414,Atrial fibrillation,Atrial fibrillation ||  || ,TRUE,igd,4,2.86E-05,0.000749937,361194,2316874,COPD, || id:ukb-d-COPD_EXCL,TRUE,reported,igd,2,1,TRUE
72,rs4606707,C,T,C,T,-0.00641412,-0.0205,0.0409327,0.0438,FALSE,FALSE,FALSE,Atrial fibrillation,16,58816070,0.0213,1030836,0.3352,Atrial fibrillation || id:ebi-a-GCST006414,Atrial fibrillation,Atrial fibrillation ||  || ,TRUE,igd,16,3.65E-05,0.00155347,361194,58816070,COPD, || id:ukb-d-COPD_EXCL,TRUE,reported,igd,2,1,TRUE
73,rs4689853,T,C,T,C,0.00300375,8.00E-04,0.229319,0.2349,FALSE,FALSE,FALSE,Atrial fibrillation,4,7758769,0.0079,1030836,0.9162,Atrial fibrillation || id:ebi-a-GCST006414,Atrial fibrillation,Atrial fibrillation ||  || ,TRUE,igd,4,4.32E-05,0.000734444,361194,7758769,COPD, || id:ukb-d-COPD_EXCL,TRUE,reported,igd,2,1,TRUE
74,rs4760541,A,G,A,G,0.00283926,-0.0101,0.280044,0.2968,FALSE,FALSE,FALSE,Atrial fibrillation,12,129210149,0.0074,1030836,0.1711,Atrial fibrillation || id:ebi-a-GCST006414,Atrial fibrillation,Atrial fibrillation ||  || ,TRUE,igd,12,3.96E-05,0.000690844,361194,129210149,COPD, || id:ukb-d-COPD_EXCL,TRUE,reported,igd,2,1,TRUE
75,rs4811726,C,T,C,T,0.0107179,0.0079,0.0168427,0.0288,FALSE,FALSE,FALSE,Atrial fibrillation,20,55256002,0.0213,1030836,0.7117,Atrial fibrillation || id:ebi-a-GCST006414,Atrial fibrillation,Atrial fibrillation ||  || ,TRUE,igd,20,6.96E-06,0.00238447,361194,55256002,COPD, || id:ukb-d-COPD_EXCL,TRUE,reported,igd,2,1,TRUE
76,rs4936521,G,A,G,A,-0.00253718,-9.00E-04,0.422903,0.4149,FALSE,FALSE,FALSE,Atrial fibrillation,11,120459320,0.0068,1030836,0.8996,Atrial fibrillation || id:ebi-a-GCST006414,Atrial fibrillation,Atrial fibrillation ||  || ,TRUE,igd,11,4.72E-05,0.000623492,361194,120459320,COPD, || id:ukb-d-COPD_EXCL,TRUE,reported,igd,2,1,TRUE
77,rs535504462,T,C,T,C,0.0126218,0.1246,0.0110506,0.0036,FALSE,FALSE,FALSE,Atrial fibrillation,17,47543271,0.1127,1030836,0.2689,Atrial fibrillation || id:ebi-a-GCST006414,Atrial fibrillation,Atrial fibrillation ||  || ,TRUE,igd,17,2.81E-05,0.00301325,361194,47543271,COPD, || id:ukb-d-COPD_EXCL,TRUE,reported,igd,2,1,TRUE
78,rs556343705,C,T,C,T,0.00882288,-0.0099,0.0289347,0.0294,FALSE,FALSE,FALSE,Atrial fibrillation,2,226579833,0.04,1030836,0.8046,Atrial fibrillation || id:ebi-a-GCST006414,Atrial fibrillation,Atrial fibrillation ||  || ,TRUE,igd,2,2.26E-06,0.00186592,361194,226579833,COPD, || id:ukb-d-COPD_EXCL,TRUE,reported,igd,2,1,TRUE
79,rs56403683,A,G,A,G,-0.0101045,0.005,0.0199117,0.0258,FALSE,FALSE,FALSE,Atrial fibrillation,20,12184534,0.0245,1030836,0.8366,Atrial fibrillation || id:ebi-a-GCST006414,Atrial fibrillation,Atrial fibrillation ||  || ,TRUE,igd,20,4.29E-06,0.00219809,361194,12184534,COPD, || id:ukb-d-COPD_EXCL,TRUE,reported,igd,2,1,TRUE
80,rs564461,G,A,G,A,-0.00288318,-6.00E-04,0.492851,0.4891,FALSE,FALSE,FALSE,Atrial fibrillation,6,128046713,0.0067,1030836,0.925,Atrial fibrillation || id:ebi-a-GCST006414,Atrial fibrillation,Atrial fibrillation ||  || ,TRUE,igd,6,2.76E-06,0.000615027,361194,128046713,COPD, || id:ukb-d-COPD_EXCL,TRUE,reported,igd,2,1,TRUE
81,rs60068821,G,A,G,A,0.00718161,-0.0036,0.0359151,0.0352,FALSE,FALSE,FALSE,Atrial fibrillation,4,181810131,0.0185,1030836,0.8463,Atrial fibrillation || id:ebi-a-GCST006414,Atrial fibrillation,Atrial fibrillation ||  || ,TRUE,igd,4,1.44E-05,0.00165578,361194,181810131,COPD, || id:ukb-d-COPD_EXCL,TRUE,reported,igd,2,1,TRUE
82,rs6048356,G,T,G,T,-0.0036526,-0.0069,0.1564,0.1572,FALSE,FALSE,FALSE,Atrial fibrillation,20,22780838,0.0095,1030836,0.4678,Atrial fibrillation || id:ebi-a-GCST006414,Atrial fibrillation,Atrial fibrillation ||  || ,TRUE,igd,20,2.03E-05,0.000857048,361194,22780838,COPD, || id:ukb-d-COPD_EXCL,TRUE,reported,igd,2,1,TRUE
83,rs60770811,A,G,A,G,-0.0177002,-0.0529,0.0052515,0.0068,FALSE,FALSE,FALSE,Atrial fibrillation,8,53105781,0.0564,1030836,0.3486,Atrial fibrillation || id:ebi-a-GCST006414,Atrial fibrillation,Atrial fibrillation ||  || ,TRUE,igd,8,4.50E-05,0.00433791,361194,53105781,COPD, || id:ukb-d-COPD_EXCL,TRUE,reported,igd,2,1,TRUE
84,rs61272272,C,T,C,T,0.00906224,-0.0164,0.0222453,0.0269,FALSE,FALSE,FALSE,Atrial fibrillation,2,6215734,0.0219,1030836,0.4548,Atrial fibrillation || id:ebi-a-GCST006414,Atrial fibrillation,Atrial fibrillation ||  || ,TRUE,igd,2,1.53E-05,0.00209566,361194,6215734,COPD, || id:ukb-d-COPD_EXCL,TRUE,reported,igd,2,1,TRUE
85,rs6133289,C,A,C,A,0.00374058,-0.0042,0.147543,0.1451,FALSE,FALSE,FALSE,Atrial fibrillation,20,6048263,0.0099,1030836,0.676,Atrial fibrillation || id:ebi-a-GCST006414,Atrial fibrillation,Atrial fibrillation ||  || ,TRUE,igd,20,2.06E-05,0.00087847,361194,6048263,COPD, || id:ukb-d-COPD_EXCL,TRUE,reported,igd,2,1,TRUE
86,rs61876810,C,T,C,T,-0.00538073,-0.003,0.0582166,0.0544,FALSE,FALSE,FALSE,Atrial fibrillation,11,19289727,0.0171,1030836,0.8596,Atrial fibrillation || id:ebi-a-GCST006414,Atrial fibrillation,Atrial fibrillation ||  || ,TRUE,igd,11,4.00E-05,0.0013099,361194,19289727,COPD, || id:ukb-d-COPD_EXCL,TRUE,reported,igd,2,1,TRUE
87,rs62094562,A,G,A,G,0.00440923,0.0135,0.107864,0.1056,FALSE,FALSE,FALSE,Atrial fibrillation,18,53905307,0.0115,1030836,0.2402,Atrial fibrillation || id:ebi-a-GCST006414,Atrial fibrillation,Atrial fibrillation ||  || ,TRUE,igd,18,1.58E-05,0.00102118,361194,53905307,COPD, || id:ukb-d-COPD_EXCL,TRUE,reported,igd,2,1,TRUE
88,rs62199984,A,T,A,T,-0.00271185,-0.0107,0.358351,0.366,FALSE,TRUE,FALSE,Atrial fibrillation,2,186088292,0.0069,1030836,0.1233,Atrial fibrillation || id:ebi-a-GCST006414,Atrial fibrillation,Atrial fibrillation ||  || ,TRUE,igd,2,2.38E-05,0.000641748,361194,186088292,COPD, || id:ukb-d-COPD_EXCL,TRUE,reported,igd,2,1,TRUE
89,rs62244860,G,A,G,A,-0.00259881,-0.0035,0.432589,0.424,FALSE,FALSE,FALSE,Atrial fibrillation,3,71547590,0.0068,1030836,0.6064,Atrial fibrillation || id:ebi-a-GCST006414,Atrial fibrillation,Atrial fibrillation ||  || ,TRUE,igd,3,2.85E-05,0.000620916,361194,71547590,COPD, || id:ukb-d-COPD_EXCL,TRUE,reported,igd,2,1,TRUE
90,rs62408218,T,C,T,C,-0.00267707,-0.0026,0.359658,0.3548,FALSE,FALSE,FALSE,Atrial fibrillation,6,90931858,0.007,1030836,0.7067,Atrial fibrillation || id:ebi-a-GCST006414,Atrial fibrillation,Atrial fibrillation ||  || ,TRUE,igd,6,2.90E-05,0.000640281,361194,90931858,COPD, || id:ukb-d-COPD_EXCL,TRUE,reported,igd,2,1,TRUE
91,rs67180931,T,C,T,C,-0.00298426,-0.0109,0.463915,0.464,FALSE,FALSE,FALSE,Atrial fibrillation,2,18005607,0.0068,1030836,0.1103,Atrial fibrillation || id:ebi-a-GCST006414,Atrial fibrillation,Atrial fibrillation ||  || ,TRUE,igd,2,1.67E-06,0.000623069,361194,18005607,COPD, || id:ukb-d-COPD_EXCL,TRUE,reported,igd,2,1,TRUE
92,rs6736532,C,T,C,T,0.00268845,0.0132,0.344219,0.3489,FALSE,FALSE,FALSE,Atrial fibrillation,2,175175807,0.0071,1030836,0.0642999,Atrial fibrillation || id:ebi-a-GCST006414,Atrial fibrillation,Atrial fibrillation ||  || ,TRUE,igd,2,3.58E-05,0.000650492,361194,175175807,COPD, || id:ukb-d-COPD_EXCL,TRUE,reported,igd,2,1,TRUE
93,rs7005960,C,T,C,T,-0.00285762,0.0049,0.325041,0.3176,FALSE,FALSE,FALSE,Atrial fibrillation,8,101687597,0.0075,1030836,0.515901,Atrial fibrillation || id:ebi-a-GCST006414,Atrial fibrillation,Atrial fibrillation ||  || ,TRUE,igd,8,2.28E-05,0.000674724,361194,101687597,COPD, || id:ukb-d-COPD_EXCL,TRUE,reported,igd,2,1,TRUE
94,rs7195043,T,C,T,C,-0.00289653,0.0124,0.484128,0.4869,FALSE,FALSE,FALSE,Atrial fibrillation,16,90020861,0.0069,1030836,0.0725805,Atrial fibrillation || id:ebi-a-GCST006414,Atrial fibrillation,Atrial fibrillation ||  || ,TRUE,igd,16,3.59E-06,0.000625067,361194,90020861,COPD, || id:ukb-d-COPD_EXCL,TRUE,reported,igd,2,1,TRUE
95,rs72650500,G,A,G,A,0.0104562,0.0132,0.0160399,0.0162,FALSE,FALSE,FALSE,Atrial fibrillation,8,61704856,0.0303,1030836,0.6638,Atrial fibrillation || id:ebi-a-GCST006414,Atrial fibrillation,Atrial fibrillation ||  || ,TRUE,igd,8,1.87E-05,0.00244307,361194,61704856,COPD, || id:ukb-d-COPD_EXCL,TRUE,reported,igd,2,1,TRUE
96,rs72691846,C,T,C,T,0.00705381,0.0213,0.0423498,0.0481,FALSE,FALSE,FALSE,Atrial fibrillation,1,114466659,0.0175,1030836,0.2234,Atrial fibrillation || id:ebi-a-GCST006414,Atrial fibrillation,Atrial fibrillation ||  || ,TRUE,igd,1,3.79E-06,0.00152586,361194,114466659,COPD, || id:ukb-d-COPD_EXCL,TRUE,reported,igd,2,1,TRUE
97,rs7287541,G,T,G,T,-0.002826,-0.0058,0.454963,0.4456,FALSE,FALSE,FALSE,Atrial fibrillation,22,22725057,0.0082,1030836,0.4849,Atrial fibrillation || id:ebi-a-GCST006414,Atrial fibrillation,Atrial fibrillation ||  || ,TRUE,igd,22,5.67E-06,0.00062268,361194,22725057,COPD, || id:ukb-d-COPD_EXCL,TRUE,reported,igd,2,1,TRUE
98,rs72885774,G,T,G,T,-0.00365733,-0.0032,0.143846,0.1343,FALSE,FALSE,FALSE,Atrial fibrillation,18,20490872,0.0103,1030836,0.759799,Atrial fibrillation || id:ebi-a-GCST006414,Atrial fibrillation,Atrial fibrillation ||  || ,TRUE,igd,18,3.54E-05,0.00088427,361194,20490872,COPD, || id:ukb-d-COPD_EXCL,TRUE,reported,igd,2,1,TRUE
99,rs72902437,C,T,C,T,0.00739374,0.0034,0.031433,0.031,FALSE,FALSE,FALSE,Atrial fibrillation,11,45882258,0.0204,1030836,0.866,Atrial fibrillation || id:ebi-a-GCST006414,Atrial fibrillation,Atrial fibrillation ||  || ,TRUE,igd,11,4.06E-05,0.00180155,361194,45882258,COPD, || id:ukb-d-COPD_EXCL,TRUE,reported,igd,2,1,TRUE
100,rs73036753,G,A,G,A,-0.00383255,-0.0033,0.168999,0.1782,FALSE,FALSE,FALSE,Atrial fibrillation,12,5147891,0.0088,1030836,0.7105,Atrial fibrillation || id:ebi-a-GCST006414,Atrial fibrillation,Atrial fibrillation ||  || ,TRUE,igd,12,3.12E-06,0.000821957,361194,5147891,COPD, || id:ukb-d-COPD_EXCL,TRUE,reported,igd,2,1,TRUE
101,rs73071503,T,C,T,C,0.0104296,0.0614,0.0166017,0.0141,FALSE,FALSE,FALSE,Atrial fibrillation,3,55355041,0.0344,1030836,0.0741805,Atrial fibrillation || id:ebi-a-GCST006414,Atrial fibrillation,Atrial fibrillation ||  || ,TRUE,igd,3,2.79E-05,0.00248914,361194,55355041,COPD, || id:ukb-d-COPD_EXCL,TRUE,reported,igd,2,1,TRUE
102,rs73242112,T,C,T,C,-0.011149,-0.0253,0.0129875,0.014,FALSE,FALSE,FALSE,Atrial fibrillation,4,17823462,0.0337,1030836,0.4531,Atrial fibrillation || id:ebi-a-GCST006414,Atrial fibrillation,Atrial fibrillation ||  || ,TRUE,igd,4,3.90E-05,0.00271028,361194,17823462,COPD, || id:ukb-d-COPD_EXCL,TRUE,reported,igd,2,1,TRUE
103,rs7326405,A,T,A,T,0.0033748,0.0048,0.243438,0.2397,FALSE,TRUE,FALSE,Atrial fibrillation,13,43285999,0.0078,1030836,0.5412,Atrial fibrillation || id:ebi-a-GCST006414,Atrial fibrillation,Atrial fibrillation ||  || ,TRUE,igd,13,3.41E-06,0.000726573,361194,43285999,COPD, || id:ukb-d-COPD_EXCL,TRUE,reported,igd,2,1,TRUE
104,rs736998,C,T,C,T,0.00290132,-0.0139,0.293406,0.3052,FALSE,FALSE,FALSE,Atrial fibrillation,5,121833421,0.0074,1030836,0.0598398,Atrial fibrillation || id:ebi-a-GCST006414,Atrial fibrillation,Atrial fibrillation ||  || ,TRUE,igd,5,2.28E-05,0.000684944,361194,121833421,COPD, || id:ukb-d-COPD_EXCL,TRUE,reported,igd,2,1,TRUE
105,rs73743482,T,G,T,G,0.00337227,-0.0155,0.377322,0.3603,FALSE,FALSE,FALSE,Atrial fibrillation,6,67458981,0.0174,1030836,0.3717,Atrial fibrillation || id:ebi-a-GCST006414,Atrial fibrillation,Atrial fibrillation ||  || ,TRUE,igd,6,2.20E-07,0.000650818,361194,67458981,COPD, || id:ukb-d-COPD_EXCL,TRUE,reported,igd,2,1,TRUE
106,rs73765005,A,G,A,G,-0.00630299,-0.0135,0.0512421,0.0487,FALSE,FALSE,FALSE,Atrial fibrillation,6,110131988,0.0148,1030836,0.3611,Atrial fibrillation || id:ebi-a-GCST006414,Atrial fibrillation,Atrial fibrillation ||  || ,TRUE,igd,6,6.27E-06,0.0013954,361194,110131988,COPD, || id:ukb-d-COPD_EXCL,TRUE,reported,igd,2,1,TRUE
107,rs74353685,T,C,T,C,0.0041916,-0.0127,0.124841,0.1191,FALSE,FALSE,FALSE,Atrial fibrillation,12,23667743,0.0102,1030836,0.2133,Atrial fibrillation || id:ebi-a-GCST006414,Atrial fibrillation,Atrial fibrillation ||  || ,TRUE,igd,12,6.66E-06,0.000930556,361194,23667743,COPD, || id:ukb-d-COPD_EXCL,TRUE,reported,igd,2,1,TRUE
108,rs75062583,C,T,C,T,0.00576782,0.0229,0.052289,0.0643,FALSE,FALSE,FALSE,Atrial fibrillation,8,2708370,0.0137,1030836,0.0942909,Atrial fibrillation || id:ebi-a-GCST006414,Atrial fibrillation,Atrial fibrillation ||  || ,TRUE,igd,8,3.35E-05,0.0013904,361194,2708370,COPD, || id:ukb-d-COPD_EXCL,TRUE,reported,igd,2,1,TRUE
109,rs76126939,C,T,C,T,0.00851213,-0.0116,0.0239499,0.0232,FALSE,FALSE,FALSE,Atrial fibrillation,1,23433282,0.0231,1030836,0.6159,Atrial fibrillation || id:ebi-a-GCST006414,Atrial fibrillation,Atrial fibrillation ||  || ,TRUE,igd,1,2.33E-05,0.00201207,361194,23433282,COPD, || id:ukb-d-COPD_EXCL,TRUE,reported,igd,2,1,TRUE
110,rs7620281,A,G,A,G,-0.00336264,0.0066,0.228797,0.241,FALSE,FALSE,FALSE,Atrial fibrillation,3,151319088,0.0078,1030836,0.3923,Atrial fibrillation || id:ebi-a-GCST006414,Atrial fibrillation,Atrial fibrillation ||  || ,TRUE,igd,3,4.35E-06,0.000731935,361194,151319088,COPD, || id:ukb-d-COPD_EXCL,TRUE,reported,igd,2,1,TRUE
111,rs76396935,A,G,A,G,-0.0102144,-0.0507,0.0228633,0.0242,FALSE,FALSE,FALSE,Atrial fibrillation,2,135962446,0.0278,1030836,0.0678594,Atrial fibrillation || id:ebi-a-GCST006414,Atrial fibrillation,Atrial fibrillation ||  || ,TRUE,igd,2,1.27E-06,0.00210879,361194,135962446,COPD, || id:ukb-d-COPD_EXCL,TRUE,reported,igd,2,1,TRUE
112,rs7643227,G,A,G,A,0.00396034,-0.0438,0.219683,0.2352,FALSE,FALSE,FALSE,Atrial fibrillation,3,49465078,0.0255,1030836,0.0860895,Atrial fibrillation || id:ebi-a-GCST006414,Atrial fibrillation,Atrial fibrillation ||  || ,TRUE,igd,3,9.88E-07,0.000809215,361194,49465078,COPD, || id:ukb-d-COPD_EXCL,TRUE,reported,igd,2,1,TRUE
113,rs76522631,G,T,G,T,0.00664896,-0.0283,0.0381047,0.0368,FALSE,FALSE,FALSE,Atrial fibrillation,8,12840271,0.0185,1030836,0.1252,Atrial fibrillation || id:ebi-a-GCST006414,Atrial fibrillation,Atrial fibrillation ||  || ,TRUE,igd,8,3.82E-05,0.00161444,361194,12840271,COPD, || id:ukb-d-COPD_EXCL,TRUE,reported,igd,2,1,TRUE
114,rs76963328,G,T,G,T,-0.00555308,-0.026,0.0614445,0.056,FALSE,FALSE,FALSE,Atrial fibrillation,1,86664706,0.015,1030836,0.0831094,Atrial fibrillation || id:ebi-a-GCST006414,Atrial fibrillation,Atrial fibrillation ||  || ,TRUE,igd,1,1.49E-05,0.00128254,361194,86664706,COPD, || id:ukb-d-COPD_EXCL,TRUE,reported,igd,2,1,TRUE
115,rs77155273,T,C,T,C,0.00582198,-0.0161,0.0535347,0.0524,FALSE,FALSE,FALSE,Atrial fibrillation,6,114052778,0.0157,1030836,0.3075,Atrial fibrillation || id:ebi-a-GCST006414,Atrial fibrillation,Atrial fibrillation ||  || ,TRUE,igd,6,2.35E-05,0.00137688,361194,114052778,COPD, || id:ukb-d-COPD_EXCL,TRUE,reported,igd,2,1,TRUE
116,rs77438700,G,A,G,A,-0.0053952,-0.0113,0.074031,0.0687,FALSE,FALSE,FALSE,Atrial fibrillation,15,78906637,0.0143,1030836,0.4285,Atrial fibrillation || id:ebi-a-GCST006414,Atrial fibrillation,Atrial fibrillation ||  || ,TRUE,igd,15,5.60E-06,0.0011881,361194,78906637,COPD, || id:ukb-d-COPD_EXCL,TRUE,reported,igd,2,1,TRUE
117,rs7790005,G,A,G,A,-0.00301533,-0.017,0.250246,0.256,FALSE,FALSE,FALSE,Atrial fibrillation,7,149007996,0.0076,1030836,0.0253303,Atrial fibrillation || id:ebi-a-GCST006414,Atrial fibrillation,Atrial fibrillation ||  || ,TRUE,igd,7,2.20E-05,0.000710546,361194,149007996,COPD, || id:ukb-d-COPD_EXCL,TRUE,reported,igd,2,1,TRUE
118,rs77919562,A,G,A,G,-0.00490981,1.00E-04,0.0741398,0.0772,FALSE,FALSE,FALSE,Atrial fibrillation,9,135708928,0.0141,1030836,0.9957,Atrial fibrillation || id:ebi-a-GCST006414,Atrial fibrillation,Atrial fibrillation ||  || ,TRUE,igd,9,4.22E-05,0.00119893,361194,135708928,COPD, || id:ukb-d-COPD_EXCL,TRUE,reported,igd,2,1,TRUE
119,rs80315134,C,T,C,T,0.0111015,0.0142,0.0164309,0.0181,FALSE,FALSE,FALSE,Atrial fibrillation,3,32889209,0.0299,1030836,0.6339,Atrial fibrillation || id:ebi-a-GCST006414,Atrial fibrillation,Atrial fibrillation ||  || ,TRUE,igd,3,7.90E-06,0.00248474,361194,32889209,COPD, || id:ukb-d-COPD_EXCL,TRUE,reported,igd,2,1,TRUE
120,rs80318454,A,G,A,G,0.0167502,0.0226,0.00695587,0.0064,FALSE,FALSE,FALSE,Atrial fibrillation,8,107262371,0.0524,1030836,0.666,Atrial fibrillation || id:ebi-a-GCST006414,Atrial fibrillation,Atrial fibrillation ||  || ,TRUE,igd,8,1.40E-05,0.00385622,361194,107262371,COPD, || id:ukb-d-COPD_EXCL,TRUE,reported,igd,2,1,TRUE
121,rs8083753,T,C,T,C,0.00308437,0.0073,0.283626,0.2738,FALSE,FALSE,FALSE,Atrial fibrillation,18,8531733,0.0074,1030836,0.3266,Atrial fibrillation || id:ebi-a-GCST006414,Atrial fibrillation,Atrial fibrillation ||  || ,TRUE,igd,18,6.38E-06,0.000683362,361194,8531733,COPD, || id:ukb-d-COPD_EXCL,TRUE,reported,igd,2,1,TRUE
122,rs924874,C,G,C,G,-0.00314357,-3.00E-04,0.321437,0.315,FALSE,TRUE,FALSE,Atrial fibrillation,5,168247646,0.0074,1030836,0.9728,Atrial fibrillation || id:ebi-a-GCST006414,Atrial fibrillation,Atrial fibrillation ||  || ,TRUE,igd,5,3.35E-06,0.000676293,361194,168247646,COPD, || id:ukb-d-COPD_EXCL,TRUE,reported,igd,2,1,TRUE
123,rs9272422,C,T,C,T,0.00631358,-0.0072,0.228575,0.244,FALSE,FALSE,FALSE,Atrial fibrillation,6,32605132,0.0133,1030836,0.5857,Atrial fibrillation || id:ebi-a-GCST006414,Atrial fibrillation,Atrial fibrillation ||  || ,TRUE,igd,6,8.88E-18,0.000735155,361194,32605132,COPD, || id:ukb-d-COPD_EXCL,TRUE,reported,igd,2,1,TRUE
124,rs928413,A,G,A,G,-0.00347789,-0.0037,0.740482,0.7339,FALSE,FALSE,FALSE,Atrial fibrillation,9,6213387,0.0077,1030836,0.633,Atrial fibrillation || id:ebi-a-GCST006414,Atrial fibrillation,Atrial fibrillation ||  || ,TRUE,igd,9,7.81E-07,0.000703992,361194,6213387,COPD, || id:ukb-d-COPD_EXCL,TRUE,reported,igd,2,1,TRUE
125,rs9439555,G,A,G,A,-0.0026612,0.0121,0.582446,0.5888,FALSE,FALSE,FALSE,Atrial fibrillation,1,5366513,0.0068,1030836,0.0752402,Atrial fibrillation || id:ebi-a-GCST006414,Atrial fibrillation,Atrial fibrillation ||  || ,TRUE,igd,1,2.09E-05,0.000625451,361194,5366513,COPD, || id:ukb-d-COPD_EXCL,TRUE,reported,igd,2,1,TRUE
126,rs9652601,A,G,A,G,-0.00273747,-0.0167,0.327763,0.3204,FALSE,FALSE,FALSE,Atrial fibrillation,16,11174365,0.0071,1030836,0.0193201,Atrial fibrillation || id:ebi-a-GCST006414,Atrial fibrillation,Atrial fibrillation ||  || ,TRUE,igd,16,3.00E-05,0.000655943,361194,11174365,COPD, || id:ukb-d-COPD_EXCL,TRUE,reported,igd,2,1,TRUE
127,rs982968,C,G,C,G,0.00441993,0.0103,0.098812,0.0926,FALSE,TRUE,FALSE,Atrial fibrillation,1,217510844,0.0124,1030836,0.4077,Atrial fibrillation || id:ebi-a-GCST006414,Atrial fibrillation,Atrial fibrillation ||  || ,TRUE,igd,1,3.21E-05,0.00106296,361194,217510844,COPD, || id:ukb-d-COPD_EXCL,TRUE,reported,igd,2,1,TRUE
