"","SNP","effect_allele.exposure","other_allele.exposure","effect_allele.outcome","other_allele.outcome","beta.exposure","beta.outcome","eaf.exposure","eaf.outcome","remove","palindromic","ambiguous","id.outcome","chr","pos","se.outcome","samplesize.outcome","pval.outcome","outcome","originalname.outcome","outcome.deprecated","mr_keep.outcome","data_source.outcome","pos.exposure","pval.exposure","samplesize.exposure","se.exposure","chr.exposure","id.exposure","exposure","mr_keep.exposure","pval_origin.exposure","data_source.exposure","action","SNP_index","mr_keep"
"1","rs1014342","C","T","C","T",0.086333,0.0072,0.638826,0.6301,FALSE,FALSE,FALSE,"Atrial fibrillation","6","12923157",0.0069,1030836,0.3009,"Atrial fibrillation || id:ebi-a-GCST006414","Atrial fibrillation","Atrial fibrillation ||  || ",TRUE,"igd",12923157,5.51061e-14,105174,0.011473,"6","Coronary heart disease","Coronary heart disease || id:ieu-a-9",TRUE,"reported","igd",2,1,TRUE
"2","rs11556924","T","C","T","C",-0.076897,-0.0105,0.358799,0.3748,FALSE,FALSE,FALSE,"Atrial fibrillation","7","129663496",0.007,1030836,0.1333,"Atrial fibrillation || id:ebi-a-GCST006414","Atrial fibrillation","Atrial fibrillation ||  || ",TRUE,"igd",129663496,1.45001e-09,104489,0.0127,"7","Coronary heart disease","Coronary heart disease || id:ieu-a-9",TRUE,"reported","igd",2,1,TRUE
"3","rs1541853","C","A","C","A",0.098571,-0.0077,0.116161,0.1241,FALSE,FALSE,FALSE,"Atrial fibrillation","2","203835177",0.0101,1030836,0.4482,"Atrial fibrillation || id:ebi-a-GCST006414","Atrial fibrillation","Atrial fibrillation ||  || ",TRUE,"igd",203835177,3.79001e-08,103931,0.017907,"2","Coronary heart disease","Coronary heart disease || id:ieu-a-9",TRUE,"reported","igd",2,1,TRUE
"4","rs515135","C","T","C","T",0.080642,0.0018,0.832689,0.8091,FALSE,FALSE,FALSE,"Atrial fibrillation","2","21286057",0.0088,1030836,0.8333,"Atrial fibrillation || id:ebi-a-GCST006414","Atrial fibrillation","Atrial fibrillation ||  || ",TRUE,"igd",21286057,4.33002e-08,105241,0.014714,"2","Coronary heart disease","Coronary heart disease || id:ieu-a-9",TRUE,"reported","igd",2,1,TRUE
"5","rs602633","G","T","G","T",0.124223,0.0149,0.778024,0.7674,FALSE,FALSE,FALSE,"Atrial fibrillation","1","109821511",0.008,1030836,0.0632004,"Atrial fibrillation || id:ebi-a-GCST006414","Atrial fibrillation","Atrial fibrillation ||  || ",TRUE,"igd",109821511,2.18978e-18,96237,0.014191,"1","Coronary heart disease","Coronary heart disease || id:ieu-a-9",TRUE,"reported","igd",2,1,TRUE
"6","rs7178051","T","C","T","C",-0.076738,-0.0112,0.385204,0.4,FALSE,FALSE,FALSE,"Atrial fibrillation","15","79118296",0.0068,1030836,0.099481,"Atrial fibrillation || id:ebi-a-GCST006414","Atrial fibrillation","Atrial fibrillation ||  || ",TRUE,"igd",79118296,1.33999e-10,101823,0.011938,"15","Coronary heart disease","Coronary heart disease || id:ieu-a-9",TRUE,"reported","igd",2,1,TRUE
"7","rs944797","C","T","C","T",0.198391,0.024,0.498675,0.5107,FALSE,FALSE,FALSE,"Atrial fibrillation","9","22115286",0.0072,1030836,0.000930701,"Atrial fibrillation || id:ebi-a-GCST006414","Atrial fibrillation","Atrial fibrillation ||  || ",TRUE,"igd",22115286,2.96006e-64,97893,0.011717,"9","Coronary heart disease","Coronary heart disease || id:ieu-a-9",TRUE,"reported","igd",2,1,TRUE
"8","rs9515203","C","T","C","T",-0.078138,0.0085,0.271755,0.2699,FALSE,FALSE,FALSE,"Atrial fibrillation","13","111049623",0.0079,1030836,0.2779,"Atrial fibrillation || id:ebi-a-GCST006414","Atrial fibrillation","Atrial fibrillation ||  || ",TRUE,"igd",111049623,1.13e-08,102403,0.013672,"13","Coronary heart disease","Coronary heart disease || id:ieu-a-9",TRUE,"reported","igd",2,1,TRUE
"9","rs974819","C","T","C","T",-0.073343,0.002,0.714401,0.7055,FALSE,FALSE,FALSE,"Atrial fibrillation","11","103660567",0.0074,1030836,0.7897,"Atrial fibrillation || id:ebi-a-GCST006414","Atrial fibrillation","Atrial fibrillation ||  || ",TRUE,"igd",103660567,2.03002e-09,102136,0.012224,"11","Coronary heart disease","Coronary heart disease || id:ieu-a-9",TRUE,"reported","igd",2,1,TRUE
"10","rs9982601","T","C","T","C",0.09944,0.0173,0.138327,0.132,FALSE,FALSE,FALSE,"Atrial fibrillation","21","35599128",0.0099,1030836,0.0813692,"Atrial fibrillation || id:ebi-a-GCST006414","Atrial fibrillation","Atrial fibrillation ||  || ",TRUE,"igd",35599128,8.69e-09,101089,0.017267,"21","Coronary heart disease","Coronary heart disease || id:ieu-a-9",TRUE,"reported","igd",2,1,TRUE
