,SNP,effect_allele.exposure,other_allele.exposure,effect_allele.outcome,other_allele.outcome,beta.exposure,beta.outcome,eaf.exposure,eaf.outcome,remove,palindromic,ambiguous,id.outcome,chr,pos,se.outcome,samplesize.outcome,pval.outcome,outcome,originalname.outcome,outcome.deprecated,mr_keep.outcome,data_source.outcome,proxy.outcome,target_snp.outcome,proxy_snp.outcome,target_a1.outcome,target_a2.outcome,proxy_a1.outcome,proxy_a2.outcome,chr.exposure,pos.exposure,se.exposure,pval.exposure,samplesize.exposure,id.exposure,exposure,mr_keep.exposure,pval_origin.exposure,data_source.exposure,action,SNP_index,mr_keep
1,rs1002389,G,C,G,C,-0.0511,-7.71E-05,0.392781,0.358703,FALSE,TRUE,FALSE,Anemia,7,156968323,0.000166318,484598,0.64,Iron deficiency anemia || id:ebi-a-GCST90038659,Iron deficiency anemia,Iron deficiency anemia ||  || ,TRUE,igd,NA,NA,NA,NA,NA,NA,NA,7,156968323,0.0064,2.20E-15,490089,Diabetes,Type 2 diabetes || id:ebi-a-GCST90018926,TRUE,reported,igd,2,1,TRUE
2,rs10062657,A,C,A,C,-0.0417,6.19E-05,0.799903,0.894632,FALSE,FALSE,FALSE,Anemia,5,95867908,0.000264489,484598,0.82,Iron deficiency anemia || id:ebi-a-GCST90038659,Iron deficiency anemia,Iron deficiency anemia ||  || ,TRUE,igd,NA,NA,NA,NA,NA,NA,NA,5,95867908,0.0075,2.59E-08,490089,Diabetes,Type 2 diabetes || id:ebi-a-GCST90018926,TRUE,reported,igd,2,1,TRUE
3,rs10169613,T,C,T,C,-0.0386,0.000175688,0.446602,0.465892,FALSE,FALSE,FALSE,Anemia,2,111934977,0.000159458,484598,0.27,Iron deficiency anemia || id:ebi-a-GCST90038659,Iron deficiency anemia,Iron deficiency anemia ||  || ,TRUE,igd,NA,NA,NA,NA,NA,NA,NA,2,111934977,0.0063,1.16E-09,490089,Diabetes,Type 2 diabetes || id:ebi-a-GCST90018926,TRUE,reported,igd,2,1,TRUE
4,rs10173251,G,C,G,C,-0.1062,-0.00045757,0.11235,0.127455,FALSE,TRUE,FALSE,Anemia,2,43529508,0.000237059,484598,0.0539995,Iron deficiency anemia || id:ebi-a-GCST90038659,Iron deficiency anemia,Iron deficiency anemia ||  || ,TRUE,igd,NA,NA,NA,NA,NA,NA,NA,2,43529508,0.0141,5.86E-14,490089,Diabetes,Type 2 diabetes || id:ebi-a-GCST90018926,TRUE,reported,igd,2,1,TRUE
5,rs10201401,A,G,A,G,0.0421,-6.31E-06,0.787528,0.875953,FALSE,FALSE,FALSE,Anemia,2,44810480,0.000241416,484598,0.98,Iron deficiency anemia || id:ebi-a-GCST90038659,Iron deficiency anemia,Iron deficiency anemia ||  || ,TRUE,igd,NA,NA,NA,NA,NA,NA,NA,2,44810480,0.0075,1.76E-08,490089,Diabetes,Type 2 diabetes || id:ebi-a-GCST90018926,TRUE,reported,igd,2,1,TRUE
6,rs10268294,A,C,A,C,0.0454,0.000527817,0.796446,0.784102,FALSE,FALSE,FALSE,Anemia,7,1873406,0.000193569,484598,0.0064,Iron deficiency anemia || id:ebi-a-GCST90038659,Iron deficiency anemia,Iron deficiency anemia ||  || ,TRUE,igd,NA,NA,NA,NA,NA,NA,NA,7,1873406,0.0081,2.54E-08,490089,Diabetes,Type 2 diabetes || id:ebi-a-GCST90018926,TRUE,reported,igd,2,1,TRUE
7,rs10408179,C,T,C,T,-0.0675,-1.92E-05,0.38792,0.441934,FALSE,FALSE,FALSE,Anemia,19,46157004,0.00015889,484598,0.9,Iron deficiency anemia || id:ebi-a-GCST90038659,Iron deficiency anemia,Iron deficiency anemia ||  || ,TRUE,igd,NA,NA,NA,NA,NA,NA,NA,19,46157004,0.0067,1.33E-23,490089,Diabetes,Type 2 diabetes || id:ebi-a-GCST90018926,TRUE,reported,igd,2,1,TRUE
8,rs1046316,G,A,G,A,0.0999,-8.26E-05,0.745203,0.683732,FALSE,FALSE,FALSE,Anemia,4,6304087,0.000170602,484598,0.630001,Iron deficiency anemia || id:ebi-a-GCST90038659,Iron deficiency anemia,Iron deficiency anemia ||  || ,TRUE,igd,NA,NA,NA,NA,NA,NA,NA,4,6304087,0.0087,1.63E-30,490089,Diabetes,Type 2 diabetes || id:ebi-a-GCST90018926,TRUE,reported,igd,2,1,TRUE
9,rs10830963,G,C,G,C,0.0504,0.00031573,0.330035,0.273982,FALSE,TRUE,FALSE,Anemia,11,92708710,0.00017771,484598,0.0759994,Iron deficiency anemia || id:ebi-a-GCST90038659,Iron deficiency anemia,Iron deficiency anemia ||  || ,TRUE,igd,NA,NA,NA,NA,NA,NA,NA,11,92708710,0.0065,1.20E-14,490089,Diabetes,Type 2 diabetes || id:ebi-a-GCST90018926,TRUE,reported,igd,2,1,TRUE
10,rs10900325,C,T,C,T,-0.0557,0.000499434,0.841826,0.872367,FALSE,FALSE,FALSE,Anemia,1,146692174,0.000237453,484598,0.0350002,Iron deficiency anemia || id:ebi-a-GCST90038659,Iron deficiency anemia,Iron deficiency anemia ||  || ,TRUE,igd,NA,NA,NA,NA,NA,NA,NA,1,146692174,0.0082,8.75E-12,490089,Diabetes,Type 2 diabetes || id:ebi-a-GCST90018926,TRUE,reported,igd,2,1,TRUE
11,rs10938398,A,G,A,G,0.0491,-8.46E-05,0.406542,0.428082,FALSE,FALSE,FALSE,Anemia,4,45186139,0.000160599,484598,0.6,Iron deficiency anemia || id:ebi-a-GCST90038659,Iron deficiency anemia,Iron deficiency anemia ||  || ,TRUE,igd,NA,NA,NA,NA,NA,NA,NA,4,45186139,0.0065,5.39E-14,490089,Diabetes,Type 2 diabetes || id:ebi-a-GCST90018926,TRUE,reported,igd,2,1,TRUE
12,rs10950494,A,G,A,G,0.0361,8.73E-06,0.450764,0.435198,FALSE,FALSE,FALSE,Anemia,7,13892902,0.000160495,484598,0.96,Iron deficiency anemia || id:ebi-a-GCST90038659,Iron deficiency anemia,Iron deficiency anemia ||  || ,TRUE,igd,NA,NA,NA,NA,NA,NA,NA,7,13892902,0.0063,1.08E-08,490089,Diabetes,Type 2 diabetes || id:ebi-a-GCST90018926,TRUE,reported,igd,2,1,TRUE
13,rs10965250,A,G,A,G,-0.1644,8.59E-05,0.235558,0.169368,FALSE,FALSE,FALSE,Anemia,9,22133284,0.00021121,484598,0.68,Iron deficiency anemia || id:ebi-a-GCST90038659,Iron deficiency anemia,Iron deficiency anemia ||  || ,TRUE,igd,NA,NA,NA,NA,NA,NA,NA,9,22133284,0.0073,7.73E-114,490089,Diabetes,Type 2 diabetes || id:ebi-a-GCST90018926,TRUE,reported,igd,2,1,TRUE
14,rs1117610,T,A,T,A,0.0418,-6.79E-05,0.312695,0.237128,FALSE,TRUE,FALSE,Anemia,7,150541189,0.000188645,484598,0.719999,Iron deficiency anemia || id:ebi-a-GCST90038659,Iron deficiency anemia,Iron deficiency anemia ||  || ,TRUE,igd,NA,NA,NA,NA,NA,NA,NA,7,150541189,0.0069,1.66E-09,490089,Diabetes,Type 2 diabetes || id:ebi-a-GCST90018926,TRUE,reported,igd,2,1,TRUE
15,rs112108223,A,G,A,G,-0.2373,-0.000574669,0.0147015,0.013272,FALSE,FALSE,FALSE,Anemia,12,4271088,0.000715364,484598,0.42,Iron deficiency anemia || id:ebi-a-GCST90038659,Iron deficiency anemia,Iron deficiency anemia ||  || ,TRUE,igd,NA,NA,NA,NA,NA,NA,NA,12,4271088,0.0344,5.52E-12,490089,Diabetes,Type 2 diabetes || id:ebi-a-GCST90018926,TRUE,reported,igd,2,1,TRUE
16,rs11257655,T,C,T,C,0.1084,-9.25E-05,0.281992,0.211118,FALSE,FALSE,FALSE,Anemia,10,12307894,0.000194037,484598,0.630001,Iron deficiency anemia || id:ebi-a-GCST90038659,Iron deficiency anemia,Iron deficiency anemia ||  || ,TRUE,igd,NA,NA,NA,NA,NA,NA,NA,10,12307894,0.0069,2.36E-55,490089,Diabetes,Type 2 diabetes || id:ebi-a-GCST90018926,TRUE,reported,igd,2,1,TRUE
17,rs1127215,T,C,T,C,-0.042,-6.76E-05,0.368543,0.420002,FALSE,FALSE,FALSE,Anemia,1,117532790,0.000160415,484598,0.67,Iron deficiency anemia || id:ebi-a-GCST90038659,Iron deficiency anemia,Iron deficiency anemia ||  || ,TRUE,igd,NA,NA,NA,NA,NA,NA,NA,1,117532790,0.0066,2.54E-10,490089,Diabetes,Type 2 diabetes || id:ebi-a-GCST90018926,TRUE,reported,igd,2,1,TRUE
18,rs1128249,T,G,T,G,-0.0786,-9.16E-05,0.300292,0.394099,FALSE,FALSE,FALSE,Anemia,2,165528624,0.000163012,484598,0.57,Iron deficiency anemia || id:ebi-a-GCST90038659,Iron deficiency anemia,Iron deficiency anemia ||  || ,TRUE,igd,NA,NA,NA,NA,NA,NA,NA,2,165528624,0.0078,9.30E-24,490089,Diabetes,Type 2 diabetes || id:ebi-a-GCST90018926,TRUE,reported,igd,2,1,TRUE
19,rs113082607,C,A,C,A,0.0895,0.000364996,0.0312395,0.016451,FALSE,FALSE,FALSE,Anemia,10,12404298,0.000680812,484598,0.59,Iron deficiency anemia || id:ebi-a-GCST90038659,Iron deficiency anemia,Iron deficiency anemia ||  || ,TRUE,igd,TRUE,rs113082607,rs11257738,C,A,A,G,10,12403619,0.0162,3.03E-08,490089,Diabetes,Type 2 diabetes || id:ebi-a-GCST90018926,TRUE,reported,igd,2,1,TRUE
20,rs114322470,G,T,G,T,-0.2281,-0.000534353,0.0204657,0.019543,FALSE,FALSE,FALSE,Anemia,10,114736670,0.000582187,484598,0.36,Iron deficiency anemia || id:ebi-a-GCST90038659,Iron deficiency anemia,Iron deficiency anemia ||  || ,TRUE,igd,NA,NA,NA,NA,NA,NA,NA,10,114736670,0.0301,3.23E-14,490089,Diabetes,Type 2 diabetes || id:ebi-a-GCST90018926,TRUE,reported,igd,2,1,TRUE
21,rs11471522,TTTTG,T,TTTTG,T,-0.0819,-3.01E-05,0.285059,0.278042,FALSE,FALSE,FALSE,Anemia,20,45598190,0.000177124,484598,0.87,Iron deficiency anemia || id:ebi-a-GCST90038659,Iron deficiency anemia,Iron deficiency anemia ||  || ,TRUE,igd,NA,NA,NA,NA,NA,NA,NA,20,45598190,0.0125,6.41E-11,490089,Diabetes,Type 2 diabetes || id:ebi-a-GCST90018926,TRUE,reported,igd,2,1,TRUE
22,rs115018313,C,T,C,T,0.284,0.000762299,0.0309476,0.021834,FALSE,FALSE,FALSE,Anemia,6,32710407,0.000541753,484598,0.16,Iron deficiency anemia || id:ebi-a-GCST90038659,Iron deficiency anemia,Iron deficiency anemia ||  || ,TRUE,igd,NA,NA,NA,NA,NA,NA,NA,6,32710407,0.0238,7.30E-33,490089,Diabetes,Type 2 diabetes || id:ebi-a-GCST90018926,TRUE,reported,igd,2,1,TRUE
23,rs11514706,C,A,C,A,0.0601,7.83E-05,0.500501,0.515537,FALSE,FALSE,FALSE,Anemia,7,15059272,0.000159663,484598,0.62,Iron deficiency anemia || id:ebi-a-GCST90038659,Iron deficiency anemia,Iron deficiency anemia ||  || ,TRUE,igd,NA,NA,NA,NA,NA,NA,NA,7,15059272,0.0063,8.55E-22,490089,Diabetes,Type 2 diabetes || id:ebi-a-GCST90018926,TRUE,reported,igd,2,1,TRUE
24,rs11607147,C,T,C,T,-0.0411,6.57E-05,0.684232,0.664052,FALSE,FALSE,FALSE,Anemia,11,65346178,0.000170253,484598,0.7,Iron deficiency anemia || id:ebi-a-GCST90038659,Iron deficiency anemia,Iron deficiency anemia ||  || ,TRUE,igd,NA,NA,NA,NA,NA,NA,NA,11,65346178,0.0068,1.76E-09,490089,Diabetes,Type 2 diabetes || id:ebi-a-GCST90018926,TRUE,reported,igd,2,1,TRUE
25,rs11651052,G,A,G,A,-0.091,9.34E-05,0.589657,0.52328,FALSE,FALSE,FALSE,Anemia,17,36102381,0.000159519,484598,0.56,Iron deficiency anemia || id:ebi-a-GCST90038659,Iron deficiency anemia,Iron deficiency anemia ||  || ,TRUE,igd,NA,NA,NA,NA,NA,NA,NA,17,36102381,0.0065,5.35E-44,490089,Diabetes,Type 2 diabetes || id:ebi-a-GCST90018926,TRUE,reported,igd,2,1,TRUE
26,rs11680058,A,G,A,G,0.0633,-5.66E-05,0.879274,0.856952,FALSE,FALSE,FALSE,Anemia,2,16574669,0.000252117,484598,0.82,Iron deficiency anemia || id:ebi-a-GCST90038659,Iron deficiency anemia,Iron deficiency anemia ||  || ,TRUE,igd,NA,NA,NA,NA,NA,NA,NA,2,16574669,0.0108,4.38E-09,490089,Diabetes,Type 2 diabetes || id:ebi-a-GCST90018926,TRUE,reported,igd,2,1,TRUE
27,rs116947250,A,T,A,T,0.0849,0.000641912,0.031514,0.012486,FALSE,TRUE,FALSE,Anemia,5,49673818,0.00071674,484598,0.37,Iron deficiency anemia || id:ebi-a-GCST90038659,Iron deficiency anemia,Iron deficiency anemia ||  || ,TRUE,igd,NA,NA,NA,NA,NA,NA,NA,5,49673818,0.0155,3.93E-08,490089,Diabetes,Type 2 diabetes || id:ebi-a-GCST90018926,TRUE,reported,igd,2,1,TRUE
28,rs117430555,T,G,T,G,0.1366,-1.54E-05,0.0336968,0.031278,FALSE,FALSE,FALSE,Anemia,15,57610146,0.000459923,484598,0.97,Iron deficiency anemia || id:ebi-a-GCST90038659,Iron deficiency anemia,Iron deficiency anemia ||  || ,TRUE,igd,NA,NA,NA,NA,NA,NA,NA,15,57610146,0.0235,5.96E-09,490089,Diabetes,Type 2 diabetes || id:ebi-a-GCST90018926,TRUE,reported,igd,2,1,TRUE
29,rs11802899,A,C,A,C,-0.0497,0.000613972,0.817422,0.87276,FALSE,FALSE,FALSE,Anemia,1,22112174,0.000239166,484598,0.01,Iron deficiency anemia || id:ebi-a-GCST90038659,Iron deficiency anemia,Iron deficiency anemia ||  || ,TRUE,igd,NA,NA,NA,NA,NA,NA,NA,1,22112174,0.0077,1.09E-10,490089,Diabetes,Type 2 diabetes || id:ebi-a-GCST90018926,TRUE,reported,igd,2,1,TRUE
30,rs11819995,T,C,T,C,0.0493,-0.000459447,0.213049,0.23017,FALSE,FALSE,FALSE,Anemia,11,128389391,0.000188636,484598,0.015,Iron deficiency anemia || id:ebi-a-GCST90038659,Iron deficiency anemia,Iron deficiency anemia ||  || ,TRUE,igd,NA,NA,NA,NA,NA,NA,NA,11,128389391,0.0077,1.27E-10,490089,Diabetes,Type 2 diabetes || id:ebi-a-GCST90018926,TRUE,reported,igd,2,1,TRUE
31,rs11846158,G,A,G,A,0.037,4.38E-05,0.283548,0.231733,FALSE,FALSE,FALSE,Anemia,14,103292959,0.000191536,484598,0.82,Iron deficiency anemia || id:ebi-a-GCST90038659,Iron deficiency anemia,Iron deficiency anemia ||  || ,TRUE,igd,NA,NA,NA,NA,NA,NA,NA,14,103292959,0.0068,4.89E-08,490089,Diabetes,Type 2 diabetes || id:ebi-a-GCST90018926,TRUE,reported,igd,2,1,TRUE
32,rs12001437,C,T,C,T,0.0367,-0.000333781,0.413559,0.36807,FALSE,FALSE,FALSE,Anemia,9,34074476,0.00016414,484598,0.0420001,Iron deficiency anemia || id:ebi-a-GCST90038659,Iron deficiency anemia,Iron deficiency anemia ||  || ,TRUE,igd,NA,NA,NA,NA,NA,NA,NA,9,34074476,0.0064,1.02E-08,490089,Diabetes,Type 2 diabetes || id:ebi-a-GCST90018926,TRUE,reported,igd,2,1,TRUE
33,rs12108088,A,G,A,G,-0.0365,0.00015312,0.439211,0.421074,FALSE,FALSE,FALSE,Anemia,3,64722045,0.000162793,484598,0.35,Iron deficiency anemia || id:ebi-a-GCST90038659,Iron deficiency anemia,Iron deficiency anemia ||  || ,TRUE,igd,NA,NA,NA,NA,NA,NA,NA,3,64722045,0.0065,2.21E-08,490089,Diabetes,Type 2 diabetes || id:ebi-a-GCST90018926,TRUE,reported,igd,2,1,TRUE
34,rs1215468,G,A,G,A,-0.0749,6.86E-06,0.287639,0.290277,FALSE,FALSE,FALSE,Anemia,13,80707429,0.000175802,484598,0.97,Iron deficiency anemia || id:ebi-a-GCST90038659,Iron deficiency anemia,Iron deficiency anemia ||  || ,TRUE,igd,NA,NA,NA,NA,NA,NA,NA,13,80707429,0.0069,3.91E-27,490089,Diabetes,Type 2 diabetes || id:ebi-a-GCST90018926,TRUE,reported,igd,2,1,TRUE
35,rs12441261,A,C,A,C,-0.0435,0.000164101,0.248102,0.131799,FALSE,FALSE,FALSE,Anemia,15,93834743,0.000236518,484598,0.49,Iron deficiency anemia || id:ebi-a-GCST90038659,Iron deficiency anemia,Iron deficiency anemia ||  || ,TRUE,igd,NA,NA,NA,NA,NA,NA,NA,15,93834743,0.0074,4.50E-09,490089,Diabetes,Type 2 diabetes || id:ebi-a-GCST90018926,TRUE,reported,igd,2,1,TRUE
36,rs12453376,G,A,G,A,0.0581,-1.69E-06,0.2041,0.172106,FALSE,FALSE,FALSE,Anemia,17,4032785,0.000209675,484598,0.99,Iron deficiency anemia || id:ebi-a-GCST90038659,Iron deficiency anemia,Iron deficiency anemia ||  || ,TRUE,igd,NA,NA,NA,NA,NA,NA,NA,17,4032785,0.0076,2.33E-14,490089,Diabetes,Type 2 diabetes || id:ebi-a-GCST90018926,TRUE,reported,igd,2,1,TRUE
37,rs12546365,C,T,C,T,-0.0381,6.02E-05,0.55818,0.496502,FALSE,FALSE,FALSE,Anemia,8,95911477,0.000158844,484598,0.7,Iron deficiency anemia || id:ebi-a-GCST90038659,Iron deficiency anemia,Iron deficiency anemia ||  || ,TRUE,igd,NA,NA,NA,NA,NA,NA,NA,8,95911477,0.0065,4.66E-09,490089,Diabetes,Type 2 diabetes || id:ebi-a-GCST90018926,TRUE,reported,igd,2,1,TRUE
38,rs12578595,T,C,T,C,-0.0715,0.00020326,0.222896,0.194982,FALSE,FALSE,FALSE,Anemia,12,27964996,0.000199649,484598,0.31,Iron deficiency anemia || id:ebi-a-GCST90038659,Iron deficiency anemia,Iron deficiency anemia ||  || ,TRUE,igd,NA,NA,NA,NA,NA,NA,NA,12,27964996,0.0073,1.73E-22,490089,Diabetes,Type 2 diabetes || id:ebi-a-GCST90018926,TRUE,reported,igd,2,1,TRUE
39,rs1260326,C,T,C,T,0.071,-3.86E-05,0.571429,0.611585,FALSE,FALSE,FALSE,Anemia,2,27730940,0.000162938,484598,0.81,Iron deficiency anemia || id:ebi-a-GCST90038659,Iron deficiency anemia,Iron deficiency anemia ||  || ,TRUE,igd,NA,NA,NA,NA,NA,NA,NA,2,27730940,0.0064,6.44E-29,490089,Diabetes,Type 2 diabetes || id:ebi-a-GCST90018926,TRUE,reported,igd,2,1,TRUE
40,rs12625671,C,T,C,T,0.0565,0.000265758,0.203237,0.111375,FALSE,FALSE,FALSE,Anemia,20,42994812,0.000253318,484598,0.29,Iron deficiency anemia || id:ebi-a-GCST90038659,Iron deficiency anemia,Iron deficiency anemia ||  || ,TRUE,igd,NA,NA,NA,NA,NA,NA,NA,20,42994812,0.0076,1.05E-13,490089,Diabetes,Type 2 diabetes || id:ebi-a-GCST90018926,TRUE,reported,igd,2,1,TRUE
41,rs12692723,G,C,G,C,0.0436,6.92E-05,0.311541,0.274159,FALSE,TRUE,FALSE,Anemia,2,165437736,0.000182918,484598,0.709999,Iron deficiency anemia || id:ebi-a-GCST90038659,Iron deficiency anemia,Iron deficiency anemia ||  || ,TRUE,igd,NA,NA,NA,NA,NA,NA,NA,2,165437736,0.0068,1.80E-10,490089,Diabetes,Type 2 diabetes || id:ebi-a-GCST90018926,TRUE,reported,igd,2,1,TRUE
42,rs12698897,A,T,A,T,0.0586,0.000361871,0.256189,0.25253,FALSE,TRUE,FALSE,Anemia,7,69783013,0.000182901,484598,0.0479999,Iron deficiency anemia || id:ebi-a-GCST90038659,Iron deficiency anemia,Iron deficiency anemia ||  || ,TRUE,igd,NA,NA,NA,NA,NA,NA,NA,7,69783013,0.0071,1.23E-16,490089,Diabetes,Type 2 diabetes || id:ebi-a-GCST90018926,TRUE,reported,igd,2,1,TRUE
43,rs12763565,G,T,G,T,0.0624,0.000229054,0.134488,0.155375,FALSE,FALSE,FALSE,Anemia,10,94520143,0.000218517,484598,0.29,Iron deficiency anemia || id:ebi-a-GCST90038659,Iron deficiency anemia,Iron deficiency anemia ||  || ,TRUE,igd,NA,NA,NA,NA,NA,NA,NA,10,94520143,0.01,4.50E-10,490089,Diabetes,Type 2 diabetes || id:ebi-a-GCST90018926,TRUE,reported,igd,2,1,TRUE
44,rs12910361,G,A,G,A,0.0696,0.000156165,0.62609,0.70255,FALSE,FALSE,FALSE,Anemia,15,77782335,0.000173927,484598,0.37,Iron deficiency anemia || id:ebi-a-GCST90038659,Iron deficiency anemia,Iron deficiency anemia ||  || ,TRUE,igd,NA,NA,NA,NA,NA,NA,NA,15,77782335,0.0066,3.88E-26,490089,Diabetes,Type 2 diabetes || id:ebi-a-GCST90018926,TRUE,reported,igd,2,1,TRUE
45,rs13073970,T,G,T,G,-0.0499,-0.000492971,0.193647,0.204381,FALSE,FALSE,FALSE,Anemia,3,170630520,0.00019668,484598,0.012,Iron deficiency anemia || id:ebi-a-GCST90038659,Iron deficiency anemia,Iron deficiency anemia ||  || ,TRUE,igd,NA,NA,NA,NA,NA,NA,NA,3,170630520,0.008,4.99E-10,490089,Diabetes,Type 2 diabetes || id:ebi-a-GCST90018926,TRUE,reported,igd,2,1,TRUE
46,rs13086642,A,G,A,G,-0.0599,-0.000245496,0.092455,0.066761,FALSE,FALSE,FALSE,Anemia,3,187705040,0.000318141,484598,0.44,Iron deficiency anemia || id:ebi-a-GCST90038659,Iron deficiency anemia,Iron deficiency anemia ||  || ,TRUE,igd,NA,NA,NA,NA,NA,NA,NA,3,187705040,0.0101,3.54E-09,490089,Diabetes,Type 2 diabetes || id:ebi-a-GCST90018926,TRUE,reported,igd,2,1,TRUE
47,rs13162708,T,C,T,C,0.0546,6.97E-05,0.208377,0.136699,FALSE,FALSE,FALSE,Anemia,5,87943345,0.000230804,484598,0.760001,Iron deficiency anemia || id:ebi-a-GCST90038659,Iron deficiency anemia,Iron deficiency anemia ||  || ,TRUE,igd,NA,NA,NA,NA,NA,NA,NA,5,87943345,0.0075,4.28E-13,490089,Diabetes,Type 2 diabetes || id:ebi-a-GCST90018926,TRUE,reported,igd,2,1,TRUE
48,rs13266634,T,C,T,C,-0.1053,7.55E-05,0.348803,0.30522,FALSE,FALSE,FALSE,Anemia,8,118184783,0.000172147,484598,0.66,Iron deficiency anemia || id:ebi-a-GCST90038659,Iron deficiency anemia,Iron deficiency anemia ||  || ,TRUE,igd,NA,NA,NA,NA,NA,NA,NA,8,118184783,0.0065,1.97E-59,490089,Diabetes,Type 2 diabetes || id:ebi-a-GCST90018926,TRUE,reported,igd,2,1,TRUE
49,rs13292347,C,T,C,T,-0.0727,-0.000441968,0.0708271,0.061919,FALSE,FALSE,FALSE,Anemia,9,81908202,0.00032958,484598,0.18,Iron deficiency anemia || id:ebi-a-GCST90038659,Iron deficiency anemia,Iron deficiency anemia ||  || ,TRUE,igd,NA,NA,NA,NA,NA,NA,NA,9,81908202,0.0122,2.57E-09,490089,Diabetes,Type 2 diabetes || id:ebi-a-GCST90018926,TRUE,reported,igd,2,1,TRUE
50,rs1362891,A,G,A,G,-0.0821,0.000416049,0.0714984,0.04247,FALSE,FALSE,FALSE,Anemia,8,41666299,0.000392635,484598,0.29,Iron deficiency anemia || id:ebi-a-GCST90038659,Iron deficiency anemia,Iron deficiency anemia ||  || ,TRUE,igd,NA,NA,NA,NA,NA,NA,NA,8,41666299,0.0117,2.08E-12,490089,Diabetes,Type 2 diabetes || id:ebi-a-GCST90018926,TRUE,reported,igd,2,1,TRUE
51,rs139722172,G,C,G,C,-0.0786,-0.000245976,0.186009,0.182844,FALSE,TRUE,FALSE,Anemia,7,102410477,0.000211029,484598,0.24,Iron deficiency anemia || id:ebi-a-GCST90038659,Iron deficiency anemia,Iron deficiency anemia ||  || ,TRUE,igd,NA,NA,NA,NA,NA,NA,NA,7,102410477,0.0111,1.82E-12,490089,Diabetes,Type 2 diabetes || id:ebi-a-GCST90018926,TRUE,reported,igd,2,1,TRUE
52,rs142682088,A,G,A,G,-0.1263,-0.000172279,0.0401343,0.036968,FALSE,FALSE,FALSE,Anemia,22,30170655,0.000421386,484598,0.68,Iron deficiency anemia || id:ebi-a-GCST90038659,Iron deficiency anemia,Iron deficiency anemia ||  || ,TRUE,igd,NA,NA,NA,NA,NA,NA,NA,22,30170655,0.0217,6.02E-09,490089,Diabetes,Type 2 diabetes || id:ebi-a-GCST90018926,TRUE,reported,igd,2,1,TRUE
53,rs143708136,T,C,T,C,0.2321,0.00109867,0.0116967,0.012861,FALSE,FALSE,FALSE,Anemia,16,12185129,0.000720469,484598,0.13,Iron deficiency anemia || id:ebi-a-GCST90038659,Iron deficiency anemia,Iron deficiency anemia ||  || ,TRUE,igd,NA,NA,NA,NA,NA,NA,NA,16,12185129,0.042,3.20E-08,490089,Diabetes,Type 2 diabetes || id:ebi-a-GCST90018926,TRUE,reported,igd,2,1,TRUE
54,rs146733600,T,C,T,C,0.1974,0.000330265,0.0153401,0.01618,FALSE,FALSE,FALSE,Anemia,6,32573760,0.000627706,484598,0.6,Iron deficiency anemia || id:ebi-a-GCST90038659,Iron deficiency anemia,Iron deficiency anemia ||  || ,TRUE,igd,NA,NA,NA,NA,NA,NA,NA,6,32573760,0.036,4.13E-08,490089,Diabetes,Type 2 diabetes || id:ebi-a-GCST90018926,TRUE,reported,igd,2,1,TRUE
55,rs149336329,T,G,T,G,-0.1063,0.00054944,0.0459427,0.043857,FALSE,FALSE,FALSE,Anemia,15,52587740,0.00038743,484598,0.16,Iron deficiency anemia || id:ebi-a-GCST90038659,Iron deficiency anemia,Iron deficiency anemia ||  || ,TRUE,igd,NA,NA,NA,NA,NA,NA,NA,15,52587740,0.0148,7.97E-13,490089,Diabetes,Type 2 diabetes || id:ebi-a-GCST90018926,TRUE,reported,igd,2,1,TRUE
56,rs1515104,A,T,A,T,0.0754,-7.35E-05,0.719318,0.660834,FALSE,TRUE,FALSE,Anemia,2,227092405,0.00016748,484598,0.66,Iron deficiency anemia || id:ebi-a-GCST90038659,Iron deficiency anemia,Iron deficiency anemia ||  || ,TRUE,igd,NA,NA,NA,NA,NA,NA,NA,2,227092405,0.0078,6.57E-22,490089,Diabetes,Type 2 diabetes || id:ebi-a-GCST90018926,TRUE,reported,igd,2,1,TRUE
57,rs1567353,G,C,G,C,0.0403,3.78E-05,0.340343,0.318064,FALSE,TRUE,FALSE,Anemia,9,1033773,0.000172644,484598,0.83,Iron deficiency anemia || id:ebi-a-GCST90038659,Iron deficiency anemia,Iron deficiency anemia ||  || ,TRUE,igd,NA,NA,NA,NA,NA,NA,NA,9,1033773,0.0065,7.25E-10,490089,Diabetes,Type 2 diabetes || id:ebi-a-GCST90018926,TRUE,reported,igd,2,1,TRUE
58,rs1574285,T,G,T,G,-0.065,-8.68E-05,0.583008,0.594979,FALSE,FALSE,FALSE,Anemia,9,4283137,0.000161637,484598,0.59,Iron deficiency anemia || id:ebi-a-GCST90038659,Iron deficiency anemia,Iron deficiency anemia ||  || ,TRUE,igd,NA,NA,NA,NA,NA,NA,NA,9,4283137,0.0063,1.17E-24,490089,Diabetes,Type 2 diabetes || id:ebi-a-GCST90018926,TRUE,reported,igd,2,1,TRUE
59,rs16858462,C,G,C,G,0.0738,0.00117844,0.0525964,0.016548,FALSE,TRUE,FALSE,Anemia,2,218783532,0.000622205,484598,0.0580003,Iron deficiency anemia || id:ebi-a-GCST90038659,Iron deficiency anemia,Iron deficiency anemia ||  || ,TRUE,igd,NA,NA,NA,NA,NA,NA,NA,2,218783532,0.0134,3.58E-08,490089,Diabetes,Type 2 diabetes || id:ebi-a-GCST90018926,TRUE,reported,igd,2,1,TRUE
60,rs17036160,T,C,T,C,-0.1092,5.25E-05,0.105331,0.115127,FALSE,FALSE,FALSE,Anemia,3,12329783,0.000248862,484598,0.83,Iron deficiency anemia || id:ebi-a-GCST90038659,Iron deficiency anemia,Iron deficiency anemia ||  || ,TRUE,igd,NA,NA,NA,NA,NA,NA,NA,3,12329783,0.0112,1.73E-22,490089,Diabetes,Type 2 diabetes || id:ebi-a-GCST90018926,TRUE,reported,igd,2,1,TRUE
61,rs1707498,A,C,A,C,-0.0499,0.000160011,0.449132,0.434707,FALSE,FALSE,FALSE,Anemia,12,71478626,0.000159788,484598,0.32,Iron deficiency anemia || id:ebi-a-GCST90038659,Iron deficiency anemia,Iron deficiency anemia ||  || ,TRUE,igd,NA,NA,NA,NA,NA,NA,NA,12,71478626,0.0063,1.47E-15,490089,Diabetes,Type 2 diabetes || id:ebi-a-GCST90018926,TRUE,reported,igd,2,1,TRUE
62,rs17101591,T,C,T,C,-0.0683,-0.000852066,0.0577437,0.01458,FALSE,FALSE,FALSE,Anemia,10,122947203,0.00066768,484598,0.2,Iron deficiency anemia || id:ebi-a-GCST90038659,Iron deficiency anemia,Iron deficiency anemia ||  || ,TRUE,igd,NA,NA,NA,NA,NA,NA,NA,10,122947203,0.0114,2.41E-09,490089,Diabetes,Type 2 diabetes || id:ebi-a-GCST90018926,TRUE,reported,igd,2,1,TRUE
63,rs17168486,T,C,T,C,0.0626,0.000107173,0.238504,0.176251,FALSE,FALSE,FALSE,Anemia,7,14898282,0.000209698,484598,0.61,Iron deficiency anemia || id:ebi-a-GCST90038659,Iron deficiency anemia,Iron deficiency anemia ||  || ,TRUE,igd,NA,NA,NA,NA,NA,NA,NA,7,14898282,0.0071,1.57E-18,490089,Diabetes,Type 2 diabetes || id:ebi-a-GCST90018926,TRUE,reported,igd,2,1,TRUE
64,rs17496664,T,C,T,C,-0.0468,1.44E-05,0.277089,0.379619,FALSE,FALSE,FALSE,Anemia,6,76199697,0.000164601,484598,0.93,Iron deficiency anemia || id:ebi-a-GCST90038659,Iron deficiency anemia,Iron deficiency anemia ||  || ,TRUE,igd,NA,NA,NA,NA,NA,NA,NA,6,76199697,0.0085,3.66E-08,490089,Diabetes,Type 2 diabetes || id:ebi-a-GCST90018926,TRUE,reported,igd,2,1,TRUE
65,rs1776899,A,G,A,G,0.0899,0.00017442,0.943992,0.962743,FALSE,FALSE,FALSE,Anemia,6,34193230,0.000428352,484598,0.68,Iron deficiency anemia || id:ebi-a-GCST90038659,Iron deficiency anemia,Iron deficiency anemia ||  || ,TRUE,igd,NA,NA,NA,NA,NA,NA,NA,6,34193230,0.012,7.64E-14,490089,Diabetes,Type 2 diabetes || id:ebi-a-GCST90018926,TRUE,reported,igd,2,1,TRUE
66,rs1794138,G,T,G,T,-0.0449,7.70E-05,0.516893,0.512279,FALSE,FALSE,FALSE,Anemia,11,49910841,0.000159105,484598,0.630001,Iron deficiency anemia || id:ebi-a-GCST90038659,Iron deficiency anemia,Iron deficiency anemia ||  || ,TRUE,igd,NA,NA,NA,NA,NA,NA,NA,11,49910841,0.0078,6.93E-09,490089,Diabetes,Type 2 diabetes || id:ebi-a-GCST90018926,TRUE,reported,igd,2,1,TRUE
67,rs1861410,T,C,T,C,-0.0372,-0.000113672,0.573342,0.556855,FALSE,FALSE,FALSE,Anemia,2,58933591,0.000159928,484598,0.48,Iron deficiency anemia || id:ebi-a-GCST90038659,Iron deficiency anemia,Iron deficiency anemia ||  || ,TRUE,igd,NA,NA,NA,NA,NA,NA,NA,2,58933591,0.0064,4.67E-09,490089,Diabetes,Type 2 diabetes || id:ebi-a-GCST90018926,TRUE,reported,igd,2,1,TRUE
68,rs192749,A,T,A,T,0.0497,7.74E-05,0.163087,0.185382,FALSE,TRUE,FALSE,Anemia,13,26783757,0.000203774,484598,0.7,Iron deficiency anemia || id:ebi-a-GCST90038659,Iron deficiency anemia,Iron deficiency anemia ||  || ,TRUE,igd,NA,NA,NA,NA,NA,NA,NA,13,26783757,0.0087,1.37E-08,490089,Diabetes,Type 2 diabetes || id:ebi-a-GCST90018926,TRUE,reported,igd,2,1,TRUE
69,rs1966265,A,G,A,G,-0.0465,0.000107518,0.322278,0.242479,FALSE,FALSE,FALSE,Anemia,5,176516631,0.000185149,484598,0.56,Iron deficiency anemia || id:ebi-a-GCST90038659,Iron deficiency anemia,Iron deficiency anemia ||  || ,TRUE,igd,NA,NA,NA,NA,NA,NA,NA,5,176516631,0.0068,6.92E-12,490089,Diabetes,Type 2 diabetes || id:ebi-a-GCST90018926,TRUE,reported,igd,2,1,TRUE
70,rs1977832,T,G,T,G,-0.1118,-3.74E-05,0.502983,0.409714,FALSE,FALSE,FALSE,Anemia,10,94463779,0.00016143,484598,0.82,Iron deficiency anemia || id:ebi-a-GCST90038659,Iron deficiency anemia,Iron deficiency anemia ||  || ,TRUE,igd,NA,NA,NA,NA,NA,NA,NA,10,94463779,0.0065,2.73E-65,490089,Diabetes,Type 2 diabetes || id:ebi-a-GCST90018926,TRUE,reported,igd,2,1,TRUE
71,rs2010825,C,T,C,T,0.0411,-0.000357059,0.519789,0.488845,FALSE,FALSE,FALSE,Anemia,7,44188220,0.000160405,484598,0.0259998,Iron deficiency anemia || id:ebi-a-GCST90038659,Iron deficiency anemia,Iron deficiency anemia ||  || ,TRUE,igd,NA,NA,NA,NA,NA,NA,NA,7,44188220,0.0063,8.62E-11,490089,Diabetes,Type 2 diabetes || id:ebi-a-GCST90018926,TRUE,reported,igd,2,1,TRUE
72,rs2034761,G,T,G,T,-0.0375,-7.57E-06,0.429369,0.405991,FALSE,FALSE,FALSE,Anemia,2,234364426,0.000161401,484598,0.96,Iron deficiency anemia || id:ebi-a-GCST90038659,Iron deficiency anemia,Iron deficiency anemia ||  || ,TRUE,igd,NA,NA,NA,NA,NA,NA,NA,2,234364426,0.0063,3.29E-09,490089,Diabetes,Type 2 diabetes || id:ebi-a-GCST90018926,TRUE,reported,igd,2,1,TRUE
73,rs2115107,A,G,A,G,0.0451,-0.000100505,0.372125,0.388686,FALSE,FALSE,FALSE,Anemia,19,7968168,0.000162519,484598,0.54,Iron deficiency anemia || id:ebi-a-GCST90038659,Iron deficiency anemia,Iron deficiency anemia ||  || ,TRUE,igd,NA,NA,NA,NA,NA,NA,NA,19,7968168,0.0065,4.70E-12,490089,Diabetes,Type 2 diabetes || id:ebi-a-GCST90018926,TRUE,reported,igd,2,1,TRUE
74,rs2237897,T,C,T,C,-0.2678,0.00110022,0.249812,0.043683,FALSE,FALSE,FALSE,Anemia,11,2858546,0.000397548,484598,0.00560003,Iron deficiency anemia || id:ebi-a-GCST90038659,Iron deficiency anemia,Iron deficiency anemia ||  || ,TRUE,igd,NA,NA,NA,NA,NA,NA,NA,11,2858546,0.009,1.24E-196,490089,Diabetes,Type 2 diabetes || id:ebi-a-GCST90018926,TRUE,reported,igd,2,1,TRUE
75,rs2270162,G,C,G,C,0.0683,-0.000291905,0.0724056,0.033784,FALSE,TRUE,FALSE,Anemia,7,69061966,0.000438826,484598,0.51,Iron deficiency anemia || id:ebi-a-GCST90038659,Iron deficiency anemia,Iron deficiency anemia ||  || ,TRUE,igd,NA,NA,NA,NA,NA,NA,NA,7,69061966,0.0107,2.10E-10,490089,Diabetes,Type 2 diabetes || id:ebi-a-GCST90018926,TRUE,reported,igd,2,1,TRUE
76,rs2382249,G,A,G,A,-0.0465,5.00E-05,0.217601,0.132722,FALSE,FALSE,FALSE,Anemia,2,149515723,0.000234312,484598,0.83,Iron deficiency anemia || id:ebi-a-GCST90038659,Iron deficiency anemia,Iron deficiency anemia ||  || ,TRUE,igd,NA,NA,NA,NA,NA,NA,NA,2,149515723,0.0082,1.28E-08,490089,Diabetes,Type 2 diabetes || id:ebi-a-GCST90018926,TRUE,reported,igd,2,1,TRUE
77,rs2578011,T,C,T,C,-0.0693,-0.000172195,0.204526,0.142609,FALSE,FALSE,FALSE,Anemia,3,64004819,0.000228128,484598,0.450001,Iron deficiency anemia || id:ebi-a-GCST90038659,Iron deficiency anemia,Iron deficiency anemia ||  || ,TRUE,igd,NA,NA,NA,NA,NA,NA,NA,3,64004819,0.0074,1.06E-20,490089,Diabetes,Type 2 diabetes || id:ebi-a-GCST90018926,TRUE,reported,igd,2,1,TRUE
78,rs2583938,A,T,A,T,0.0692,0.000426187,0.185271,0.155702,FALSE,TRUE,FALSE,Anemia,12,66215214,0.000230311,484598,0.064,Iron deficiency anemia || id:ebi-a-GCST90038659,Iron deficiency anemia,Iron deficiency anemia ||  || ,TRUE,igd,NA,NA,NA,NA,NA,NA,NA,12,66215214,0.0077,2.96E-19,490089,Diabetes,Type 2 diabetes || id:ebi-a-GCST90018926,TRUE,reported,igd,2,1,TRUE
79,rs2648731,A,G,A,G,0.0647,6.47E-08,0.240353,0.228053,FALSE,FALSE,FALSE,Anemia,5,52072194,0.00018955,484598,1,Iron deficiency anemia || id:ebi-a-GCST90038659,Iron deficiency anemia,Iron deficiency anemia ||  || ,TRUE,igd,NA,NA,NA,NA,NA,NA,NA,5,52072194,0.0072,3.47E-19,490089,Diabetes,Type 2 diabetes || id:ebi-a-GCST90018926,TRUE,reported,igd,2,1,TRUE
80,rs2706710,T,C,T,C,0.0495,-8.10E-05,0.161364,0.186274,FALSE,FALSE,FALSE,Anemia,17,65641651,0.000205343,484598,0.69,Iron deficiency anemia || id:ebi-a-GCST90038659,Iron deficiency anemia,Iron deficiency anemia ||  || ,TRUE,igd,NA,NA,NA,NA,NA,NA,NA,17,65641651,0.0088,1.96E-08,490089,Diabetes,Type 2 diabetes || id:ebi-a-GCST90018926,TRUE,reported,igd,2,1,TRUE
81,rs2796441,A,G,A,G,-0.0679,-0.000121618,0.472771,0.414886,FALSE,FALSE,FALSE,Anemia,9,84308948,0.000160786,484598,0.450001,Iron deficiency anemia || id:ebi-a-GCST90038659,Iron deficiency anemia,Iron deficiency anemia ||  || ,TRUE,igd,NA,NA,NA,NA,NA,NA,NA,9,84308948,0.0063,1.11E-26,490089,Diabetes,Type 2 diabetes || id:ebi-a-GCST90018926,TRUE,reported,igd,2,1,TRUE
82,rs2815625,A,C,A,C,0.0348,-2.72E-05,0.453483,0.420029,FALSE,FALSE,FALSE,Anemia,10,12598322,0.000161669,484598,0.87,Iron deficiency anemia || id:ebi-a-GCST90038659,Iron deficiency anemia,Iron deficiency anemia ||  || ,TRUE,igd,NA,NA,NA,NA,NA,NA,NA,10,12598322,0.0063,3.50E-08,490089,Diabetes,Type 2 diabetes || id:ebi-a-GCST90018926,TRUE,reported,igd,2,1,TRUE
83,rs28375915,A,G,A,G,-0.0498,-7.47E-05,0.476839,0.487097,FALSE,FALSE,FALSE,Anemia,22,50354255,0.000167277,484598,0.649999,Iron deficiency anemia || id:ebi-a-GCST90038659,Iron deficiency anemia,Iron deficiency anemia ||  || ,TRUE,igd,NA,NA,NA,NA,NA,NA,NA,22,50354255,0.0077,1.21E-10,490089,Diabetes,Type 2 diabetes || id:ebi-a-GCST90018926,TRUE,reported,igd,2,1,TRUE
84,rs28637955,G,A,G,A,-0.067,-4.64E-05,0.373478,0.375792,FALSE,FALSE,FALSE,Anemia,20,62447327,0.000165098,484598,0.780001,Iron deficiency anemia || id:ebi-a-GCST90038659,Iron deficiency anemia,Iron deficiency anemia ||  || ,TRUE,igd,NA,NA,NA,NA,NA,NA,NA,20,62447327,0.0118,1.31E-08,490089,Diabetes,Type 2 diabetes || id:ebi-a-GCST90018926,TRUE,reported,igd,2,1,TRUE
85,rs28642213,G,A,G,A,0.1006,0.000265022,0.773252,0.753799,FALSE,FALSE,FALSE,Anemia,9,139248082,0.000183706,484598,0.15,Iron deficiency anemia || id:ebi-a-GCST90038659,Iron deficiency anemia,Iron deficiency anemia ||  || ,TRUE,igd,NA,NA,NA,NA,NA,NA,NA,9,139248082,0.0079,3.80E-37,490089,Diabetes,Type 2 diabetes || id:ebi-a-GCST90018926,TRUE,reported,igd,2,1,TRUE
86,rs3110641,G,A,G,A,0.0598,-0.000153627,0.76149,0.773362,FALSE,FALSE,FALSE,Anemia,17,36047417,0.000191492,484598,0.42,Iron deficiency anemia || id:ebi-a-GCST90038659,Iron deficiency anemia,Iron deficiency anemia ||  || ,TRUE,igd,NA,NA,NA,NA,NA,NA,NA,17,36047417,0.0072,1.34E-16,490089,Diabetes,Type 2 diabetes || id:ebi-a-GCST90018926,TRUE,reported,igd,2,1,TRUE
87,rs340874,C,T,C,T,0.0535,-0.000139934,0.493303,0.558507,FALSE,FALSE,FALSE,Anemia,1,214159256,0.000160408,484598,0.38,Iron deficiency anemia || id:ebi-a-GCST90038659,Iron deficiency anemia,Iron deficiency anemia ||  || ,TRUE,igd,NA,NA,NA,NA,NA,NA,NA,1,214159256,0.0063,3.51E-17,490089,Diabetes,Type 2 diabetes || id:ebi-a-GCST90018926,TRUE,reported,igd,2,1,TRUE
88,rs348330,A,G,A,G,-0.0539,-0.000409432,0.543403,0.620673,FALSE,FALSE,FALSE,Anemia,1,229672955,0.000165443,484598,0.0129999,Iron deficiency anemia || id:ebi-a-GCST90038659,Iron deficiency anemia,Iron deficiency anemia ||  || ,TRUE,igd,NA,NA,NA,NA,NA,NA,NA,1,229672955,0.0068,3.36E-15,490089,Diabetes,Type 2 diabetes || id:ebi-a-GCST90018926,TRUE,reported,igd,2,1,TRUE
89,rs34872471,C,T,C,T,0.2972,5.55E-05,0.207525,0.291758,FALSE,FALSE,FALSE,Anemia,10,114754071,0.000174494,484598,0.75,Iron deficiency anemia || id:ebi-a-GCST90038659,Iron deficiency anemia,Iron deficiency anemia ||  || ,TRUE,igd,NA,NA,NA,NA,NA,NA,NA,10,114754071,0.0091,1.00E-200,490089,Diabetes,Type 2 diabetes || id:ebi-a-GCST90018926,TRUE,reported,igd,2,1,TRUE
90,rs35352848,C,T,C,T,-0.0881,-0.000333655,0.213447,0.20735,FALSE,FALSE,FALSE,Anemia,3,23455582,0.000195385,484598,0.0879995,Iron deficiency anemia || id:ebi-a-GCST90038659,Iron deficiency anemia,Iron deficiency anemia ||  || ,TRUE,igd,NA,NA,NA,NA,NA,NA,NA,3,23455582,0.0078,1.36E-29,490089,Diabetes,Type 2 diabetes || id:ebi-a-GCST90018926,TRUE,reported,igd,2,1,TRUE
91,rs35385487,G,A,G,A,-0.076,0.000272391,0.11622,0.035357,FALSE,FALSE,FALSE,Anemia,4,1286339,0.000450956,484598,0.55,Iron deficiency anemia || id:ebi-a-GCST90038659,Iron deficiency anemia,Iron deficiency anemia ||  || ,TRUE,igd,NA,NA,NA,NA,NA,NA,NA,4,1286339,0.0089,1.47E-17,490089,Diabetes,Type 2 diabetes || id:ebi-a-GCST90018926,TRUE,reported,igd,2,1,TRUE
92,rs35473599,A,G,A,G,0.0553,-0.000144733,0.182945,0.23868,FALSE,FALSE,FALSE,Anemia,7,74088893,0.000185637,484598,0.44,Iron deficiency anemia || id:ebi-a-GCST90038659,Iron deficiency anemia,Iron deficiency anemia ||  || ,TRUE,igd,NA,NA,NA,NA,NA,NA,NA,7,74088893,0.0093,2.67E-09,490089,Diabetes,Type 2 diabetes || id:ebi-a-GCST90018926,TRUE,reported,igd,2,1,TRUE
93,rs35895680,A,C,A,C,-0.0584,0.000178291,0.24391,0.318915,FALSE,FALSE,FALSE,Anemia,17,47060322,0.000171502,484598,0.3,Iron deficiency anemia || id:ebi-a-GCST90038659,Iron deficiency anemia,Iron deficiency anemia ||  || ,TRUE,igd,NA,NA,NA,NA,NA,NA,NA,17,47060322,0.0087,2.44E-11,490089,Diabetes,Type 2 diabetes || id:ebi-a-GCST90018926,TRUE,reported,igd,2,1,TRUE
94,rs35917376,A,T,A,T,0.0428,-3.80E-05,0.717917,0.732063,FALSE,TRUE,FALSE,Anemia,15,75595357,0.000183408,484598,0.84,Iron deficiency anemia || id:ebi-a-GCST90038659,Iron deficiency anemia,Iron deficiency anemia ||  || ,TRUE,igd,NA,NA,NA,NA,NA,NA,NA,15,75595357,0.0072,2.86E-09,490089,Diabetes,Type 2 diabetes || id:ebi-a-GCST90018926,TRUE,reported,igd,2,1,TRUE
95,rs3743140,A,G,A,G,0.0623,9.98E-05,0.152268,0.113312,FALSE,FALSE,FALSE,Anemia,15,40616742,0.000251297,484598,0.69,Iron deficiency anemia || id:ebi-a-GCST90038659,Iron deficiency anemia,Iron deficiency anemia ||  || ,TRUE,igd,NA,NA,NA,NA,NA,NA,NA,15,40616742,0.0082,3.84E-14,490089,Diabetes,Type 2 diabetes || id:ebi-a-GCST90018926,TRUE,reported,igd,2,1,TRUE
96,rs3751297,A,G,A,G,0.052,-3.72E-05,0.241048,0.2798,FALSE,FALSE,FALSE,Anemia,12,133088165,0.000179442,484598,0.84,Iron deficiency anemia || id:ebi-a-GCST90038659,Iron deficiency anemia,Iron deficiency anemia ||  || ,TRUE,igd,NA,NA,NA,NA,NA,NA,NA,12,133088165,0.0081,1.17E-10,490089,Diabetes,Type 2 diabetes || id:ebi-a-GCST90018926,TRUE,reported,igd,2,1,TRUE
97,rs3764002,T,C,T,C,-0.0475,8.14E-05,0.337603,0.260192,FALSE,FALSE,FALSE,Anemia,12,108618630,0.000180955,484598,0.649999,Iron deficiency anemia || id:ebi-a-GCST90038659,Iron deficiency anemia,Iron deficiency anemia ||  || ,TRUE,igd,NA,NA,NA,NA,NA,NA,NA,12,108618630,0.0065,3.89E-13,490089,Diabetes,Type 2 diabetes || id:ebi-a-GCST90018926,TRUE,reported,igd,2,1,TRUE
98,rs3837333,CT,C,CT,C,0.0631,5.52E-05,0.123884,0.086243,FALSE,FALSE,FALSE,Anemia,10,94253183,0.000284162,484598,0.85,Iron deficiency anemia || id:ebi-a-GCST90038659,Iron deficiency anemia,Iron deficiency anemia ||  || ,TRUE,igd,NA,NA,NA,NA,NA,NA,NA,10,94253183,0.0099,2.06E-10,490089,Diabetes,Type 2 diabetes || id:ebi-a-GCST90018926,TRUE,reported,igd,2,1,TRUE
99,rs3837848,AT,A,AT,A,-0.0446,0.000254113,0.459309,0.508533,FALSE,FALSE,FALSE,Anemia,17,29647358,0.000161279,484598,0.12,Iron deficiency anemia || id:ebi-a-GCST90038659,Iron deficiency anemia,Iron deficiency anemia ||  || ,TRUE,igd,NA,NA,NA,NA,NA,NA,NA,17,29647358,0.0076,3.63E-09,490089,Diabetes,Type 2 diabetes || id:ebi-a-GCST90018926,TRUE,reported,igd,2,1,TRUE
100,rs3887925,T,C,T,C,0.053,0.000185143,0.49964,0.542403,FALSE,FALSE,FALSE,Anemia,3,186665645,0.000159991,484598,0.25,Iron deficiency anemia || id:ebi-a-GCST90038659,Iron deficiency anemia,Iron deficiency anemia ||  || ,TRUE,igd,NA,NA,NA,NA,NA,NA,NA,3,186665645,0.0063,3.30E-17,490089,Diabetes,Type 2 diabetes || id:ebi-a-GCST90018926,TRUE,reported,igd,2,1,TRUE
101,rs3918296,G,C,G,C,-0.1776,-0.000275028,0.0192566,0.032605,FALSE,TRUE,FALSE,Anemia,11,69459036,0.000460333,484598,0.55,Iron deficiency anemia || id:ebi-a-GCST90038659,Iron deficiency anemia,Iron deficiency anemia ||  || ,TRUE,igd,NA,NA,NA,NA,NA,NA,NA,11,69459036,0.0252,1.74E-12,490089,Diabetes,Type 2 diabetes || id:ebi-a-GCST90018926,TRUE,reported,igd,2,1,TRUE
102,rs39254,T,G,T,G,0.0401,0.000122363,0.46123,0.520645,FALSE,FALSE,FALSE,Anemia,7,89765708,0.00015922,484598,0.44,Iron deficiency anemia || id:ebi-a-GCST90038659,Iron deficiency anemia,Iron deficiency anemia ||  || ,TRUE,igd,NA,NA,NA,NA,NA,NA,NA,7,89765708,0.0067,2.58E-09,490089,Diabetes,Type 2 diabetes || id:ebi-a-GCST90018926,TRUE,reported,igd,2,1,TRUE
103,rs392794,T,C,T,C,0.06,8.93E-05,0.659966,0.73932,FALSE,FALSE,FALSE,Anemia,5,55808342,0.000180646,484598,0.62,Iron deficiency anemia || id:ebi-a-GCST90038659,Iron deficiency anemia,Iron deficiency anemia ||  || ,TRUE,igd,NA,NA,NA,NA,NA,NA,NA,5,55808342,0.0066,9.51E-20,490089,Diabetes,Type 2 diabetes || id:ebi-a-GCST90018926,TRUE,reported,igd,2,1,TRUE
104,rs406767,C,T,C,T,0.0824,-0.000251022,0.109092,0.103475,FALSE,FALSE,FALSE,Anemia,1,120554048,0.000277063,484598,0.36,Iron deficiency anemia || id:ebi-a-GCST90038659,Iron deficiency anemia,Iron deficiency anemia ||  || ,TRUE,igd,NA,NA,NA,NA,NA,NA,NA,1,120554048,0.0137,1.87E-09,490089,Diabetes,Type 2 diabetes || id:ebi-a-GCST90018926,TRUE,reported,igd,2,1,TRUE
105,rs4273712,G,A,G,A,0.0577,7.58E-07,0.320615,0.266418,FALSE,FALSE,FALSE,Anemia,6,126964510,0.000179408,484598,1,Iron deficiency anemia || id:ebi-a-GCST90038659,Iron deficiency anemia,Iron deficiency anemia ||  || ,TRUE,igd,NA,NA,NA,NA,NA,NA,NA,6,126964510,0.0066,2.98E-18,490089,Diabetes,Type 2 diabetes || id:ebi-a-GCST90018926,TRUE,reported,igd,2,1,TRUE
106,rs429358,C,T,C,T,-0.0739,0.000294986,0.14701,0.154105,FALSE,FALSE,FALSE,Anemia,19,45411941,0.000219362,484598,0.18,Iron deficiency anemia || id:ebi-a-GCST90038659,Iron deficiency anemia,Iron deficiency anemia ||  || ,TRUE,igd,NA,NA,NA,NA,NA,NA,NA,19,45411941,0.0092,1.02E-15,490089,Diabetes,Type 2 diabetes || id:ebi-a-GCST90018926,TRUE,reported,igd,2,1,TRUE
107,rs4517619,G,T,G,T,0.0395,-0.000113905,0.384609,0.268257,FALSE,FALSE,FALSE,Anemia,12,24090004,0.000180337,484598,0.53,Iron deficiency anemia || id:ebi-a-GCST90038659,Iron deficiency anemia,Iron deficiency anemia ||  || ,TRUE,igd,NA,NA,NA,NA,NA,NA,NA,12,24090004,0.007,2.05E-08,490089,Diabetes,Type 2 diabetes || id:ebi-a-GCST90018926,TRUE,reported,igd,2,1,TRUE
108,rs4632135,C,T,C,T,0.0832,-0.000384501,0.0339896,0.027631,FALSE,FALSE,FALSE,Anemia,16,20337884,0.000493603,484598,0.44,Iron deficiency anemia || id:ebi-a-GCST90038659,Iron deficiency anemia,Iron deficiency anemia ||  || ,TRUE,igd,NA,NA,NA,NA,NA,NA,NA,16,20337884,0.0152,4.76E-08,490089,Diabetes,Type 2 diabetes || id:ebi-a-GCST90018926,TRUE,reported,igd,2,1,TRUE
109,rs4731701,T,C,T,C,-0.0484,-9.63E-05,0.43764,0.485551,FALSE,FALSE,FALSE,Anemia,7,130430930,0.000159237,484598,0.55,Iron deficiency anemia || id:ebi-a-GCST90038659,Iron deficiency anemia,Iron deficiency anemia ||  || ,TRUE,igd,NA,NA,NA,NA,NA,NA,NA,7,130430930,0.0065,1.31E-13,490089,Diabetes,Type 2 diabetes || id:ebi-a-GCST90018926,TRUE,reported,igd,2,1,TRUE
110,rs4854343,A,G,A,G,0.0688,0.000174265,0.849205,0.82956,FALSE,FALSE,FALSE,Anemia,2,638107,0.000210334,484598,0.41,Iron deficiency anemia || id:ebi-a-GCST90038659,Iron deficiency anemia,Iron deficiency anemia ||  || ,TRUE,igd,NA,NA,NA,NA,NA,NA,NA,2,638107,0.0091,5.22E-14,490089,Diabetes,Type 2 diabetes || id:ebi-a-GCST90018926,TRUE,reported,igd,2,1,TRUE
111,rs4901812,A,G,A,G,-0.0408,0.000316375,0.333674,0.2535,FALSE,FALSE,FALSE,Anemia,14,38800704,0.000183272,484598,0.0840001,Iron deficiency anemia || id:ebi-a-GCST90038659,Iron deficiency anemia,Iron deficiency anemia ||  || ,TRUE,igd,NA,NA,NA,NA,NA,NA,NA,14,38800704,0.0067,1.09E-09,490089,Diabetes,Type 2 diabetes || id:ebi-a-GCST90018926,TRUE,reported,igd,2,1,TRUE
112,rs4930045,C,T,C,T,-0.0706,-0.000395859,0.705243,0.6236,FALSE,FALSE,FALSE,Anemia,11,2196424,0.000164327,484598,0.016,Iron deficiency anemia || id:ebi-a-GCST90038659,Iron deficiency anemia,Iron deficiency anemia ||  || ,TRUE,igd,NA,NA,NA,NA,NA,NA,NA,11,2196424,0.0079,2.76E-19,490089,Diabetes,Type 2 diabetes || id:ebi-a-GCST90018926,TRUE,reported,igd,2,1,TRUE
113,rs5215,T,C,T,C,-0.0623,4.04E-05,0.616015,0.647621,FALSE,FALSE,FALSE,Anemia,11,17408630,0.000166101,484598,0.81,Iron deficiency anemia || id:ebi-a-GCST90038659,Iron deficiency anemia,Iron deficiency anemia ||  || ,TRUE,igd,NA,NA,NA,NA,NA,NA,NA,11,17408630,0.0064,2.41E-22,490089,Diabetes,Type 2 diabetes || id:ebi-a-GCST90018926,TRUE,reported,igd,2,1,TRUE
114,rs543159,A,C,A,C,-0.0364,9.06E-05,0.427571,0.463027,FALSE,FALSE,FALSE,Anemia,6,160776017,0.000159707,484598,0.57,Iron deficiency anemia || id:ebi-a-GCST90038659,Iron deficiency anemia,Iron deficiency anemia ||  || ,TRUE,igd,NA,NA,NA,NA,NA,NA,NA,6,160776017,0.0065,2.39E-08,490089,Diabetes,Type 2 diabetes || id:ebi-a-GCST90018926,TRUE,reported,igd,2,1,TRUE
115,rs554833,T,C,T,C,0.0443,1.83E-05,0.376316,0.323999,FALSE,FALSE,FALSE,Anemia,9,136147160,0.000169491,484598,0.91,Iron deficiency anemia || id:ebi-a-GCST90038659,Iron deficiency anemia,Iron deficiency anemia ||  || ,TRUE,igd,NA,NA,NA,NA,NA,NA,NA,9,136147160,0.0064,4.19E-12,490089,Diabetes,Type 2 diabetes || id:ebi-a-GCST90018926,TRUE,reported,igd,2,1,TRUE
116,rs56094641,G,A,G,A,0.1166,4.31E-05,0.352899,0.395776,FALSE,FALSE,FALSE,Anemia,16,53806453,0.000162813,484598,0.79,Iron deficiency anemia || id:ebi-a-GCST90038659,Iron deficiency anemia,Iron deficiency anemia ||  || ,TRUE,igd,NA,NA,NA,NA,NA,NA,NA,16,53806453,0.0069,2.23E-64,490089,Diabetes,Type 2 diabetes || id:ebi-a-GCST90018926,TRUE,reported,igd,2,1,TRUE
117,rs56218782,C,T,C,T,-0.039,4.05E-05,0.312633,0.317538,FALSE,FALSE,FALSE,Anemia,4,140893287,0.00017134,484598,0.81,Iron deficiency anemia || id:ebi-a-GCST90038659,Iron deficiency anemia,Iron deficiency anemia ||  || ,TRUE,igd,NA,NA,NA,NA,NA,NA,NA,4,140893287,0.0068,1.11E-08,490089,Diabetes,Type 2 diabetes || id:ebi-a-GCST90018926,TRUE,reported,igd,2,1,TRUE
118,rs56348580,C,G,C,G,-0.0631,9.35E-05,0.301336,0.299543,FALSE,TRUE,FALSE,Anemia,12,121432117,0.000173753,484598,0.59,Iron deficiency anemia || id:ebi-a-GCST90038659,Iron deficiency anemia,Iron deficiency anemia ||  || ,TRUE,igd,NA,NA,NA,NA,NA,NA,NA,12,121432117,0.0093,1.41E-11,490089,Diabetes,Type 2 diabetes || id:ebi-a-GCST90018926,TRUE,reported,igd,2,1,TRUE
119,rs576674,A,G,A,G,-0.0802,-0.000114368,0.856359,0.822565,FALSE,FALSE,FALSE,Anemia,13,33554302,0.00021015,484598,0.59,Iron deficiency anemia || id:ebi-a-GCST90038659,Iron deficiency anemia,Iron deficiency anemia ||  || ,TRUE,igd,NA,NA,NA,NA,NA,NA,NA,13,33554302,0.0091,1.72E-18,490089,Diabetes,Type 2 diabetes || id:ebi-a-GCST90018926,TRUE,reported,igd,2,1,TRUE
120,rs58090211,A,C,A,C,-0.0807,0.000479812,0.0766814,0.019017,FALSE,FALSE,FALSE,Anemia,11,35435433,0.000610337,484598,0.43,Iron deficiency anemia || id:ebi-a-GCST90038659,Iron deficiency anemia,Iron deficiency anemia ||  || ,TRUE,igd,TRUE,rs58090211,rs11033115,A,C,C,A,11,35433712,0.0136,2.61E-09,490089,Diabetes,Type 2 diabetes || id:ebi-a-GCST90018926,TRUE,reported,igd,2,1,TRUE
121,rs5855072,TA,T,TA,T,0.126,0.000446933,0.318578,0.325687,FALSE,FALSE,FALSE,Anemia,3,185497552,0.000171426,484598,0.00909997,Iron deficiency anemia || id:ebi-a-GCST90038659,Iron deficiency anemia,Iron deficiency anemia ||  || ,TRUE,igd,NA,NA,NA,NA,NA,NA,NA,3,185497552,0.0067,3.08E-79,490089,Diabetes,Type 2 diabetes || id:ebi-a-GCST90018926,TRUE,reported,igd,2,1,TRUE
122,rs62262091,T,C,T,C,0.0876,-0.00012529,0.0970158,0.090971,FALSE,FALSE,FALSE,Anemia,3,47693664,0.000282511,484598,0.66,Iron deficiency anemia || id:ebi-a-GCST90038659,Iron deficiency anemia,Iron deficiency anemia ||  || ,TRUE,igd,NA,NA,NA,NA,NA,NA,NA,3,47693664,0.0148,2.95E-09,490089,Diabetes,Type 2 diabetes || id:ebi-a-GCST90018926,TRUE,reported,igd,2,1,TRUE
123,rs62319060,C,T,C,T,0.0371,-0.000265345,0.470491,0.36685,FALSE,FALSE,FALSE,Anemia,4,96145415,0.000164624,484598,0.11,Iron deficiency anemia || id:ebi-a-GCST90038659,Iron deficiency anemia,Iron deficiency anemia ||  || ,TRUE,igd,NA,NA,NA,NA,NA,NA,NA,4,96145415,0.0066,1.95E-08,490089,Diabetes,Type 2 diabetes || id:ebi-a-GCST90018926,TRUE,reported,igd,2,1,TRUE
124,rs62405419,T,G,T,G,0.0565,0.000167727,0.156975,0.116936,FALSE,FALSE,FALSE,Anemia,6,50787459,0.000247097,484598,0.5,Iron deficiency anemia || id:ebi-a-GCST90038659,Iron deficiency anemia,Iron deficiency anemia ||  || ,TRUE,igd,NA,NA,NA,NA,NA,NA,NA,6,50787459,0.0082,4.60E-12,490089,Diabetes,Type 2 diabetes || id:ebi-a-GCST90018926,TRUE,reported,igd,2,1,TRUE
125,rs62508166,A,G,A,G,-0.1018,-0.000212184,0.178231,0.198192,FALSE,FALSE,FALSE,Anemia,8,41537318,0.00020294,484598,0.3,Iron deficiency anemia || id:ebi-a-GCST90038659,Iron deficiency anemia,Iron deficiency anemia ||  || ,TRUE,igd,NA,NA,NA,NA,NA,NA,NA,8,41537318,0.0085,1.01E-32,490089,Diabetes,Type 2 diabetes || id:ebi-a-GCST90018926,TRUE,reported,igd,2,1,TRUE
126,rs633715,C,T,C,T,0.0491,-0.000148486,0.218583,0.206618,FALSE,FALSE,FALSE,Anemia,1,177852580,0.000195772,484598,0.450001,Iron deficiency anemia || id:ebi-a-GCST90038659,Iron deficiency anemia,Iron deficiency anemia ||  || ,TRUE,igd,NA,NA,NA,NA,NA,NA,NA,1,177852580,0.0075,5.66E-11,490089,Diabetes,Type 2 diabetes || id:ebi-a-GCST90018926,TRUE,reported,igd,2,1,TRUE
127,rs6438138,T,A,T,A,0.041,-0.000205783,0.306114,0.213691,FALSE,TRUE,FALSE,Anemia,3,113026691,0.000193208,484598,0.29,Iron deficiency anemia || id:ebi-a-GCST90038659,Iron deficiency anemia,Iron deficiency anemia ||  || ,TRUE,igd,NA,NA,NA,NA,NA,NA,NA,3,113026691,0.0067,9.51E-10,490089,Diabetes,Type 2 diabetes || id:ebi-a-GCST90018926,TRUE,reported,igd,2,1,TRUE
128,rs6453133,G,A,G,A,-0.0438,4.20E-05,0.357642,0.30318,FALSE,FALSE,FALSE,Anemia,5,74692776,0.000174738,484598,0.81,Iron deficiency anemia || id:ebi-a-GCST90038659,Iron deficiency anemia,Iron deficiency anemia ||  || ,TRUE,igd,NA,NA,NA,NA,NA,NA,NA,5,74692776,0.0065,1.56E-11,490089,Diabetes,Type 2 diabetes || id:ebi-a-GCST90018926,TRUE,reported,igd,2,1,TRUE
129,rs6496742,T,C,T,C,0.0582,0.00020068,0.303172,0.249545,FALSE,FALSE,FALSE,Anemia,15,91523036,0.000185914,484598,0.28,Iron deficiency anemia || id:ebi-a-GCST90038659,Iron deficiency anemia,Iron deficiency anemia ||  || ,TRUE,igd,NA,NA,NA,NA,NA,NA,NA,15,91523036,0.0067,5.76E-18,490089,Diabetes,Type 2 diabetes || id:ebi-a-GCST90018926,TRUE,reported,igd,2,1,TRUE
130,rs6554060,G,A,G,A,0.0366,8.77E-05,0.376916,0.306493,FALSE,FALSE,FALSE,Anemia,4,52776901,0.000173892,484598,0.61,Iron deficiency anemia || id:ebi-a-GCST90038659,Iron deficiency anemia,Iron deficiency anemia ||  || ,TRUE,igd,NA,NA,NA,NA,NA,NA,NA,4,52776901,0.0066,3.59E-08,490089,Diabetes,Type 2 diabetes || id:ebi-a-GCST90018926,TRUE,reported,igd,2,1,TRUE
131,rs6567160,C,T,C,T,0.0785,0.000121108,0.218731,0.234394,FALSE,FALSE,FALSE,Anemia,18,57829135,0.000187088,484598,0.52,Iron deficiency anemia || id:ebi-a-GCST90038659,Iron deficiency anemia,Iron deficiency anemia ||  || ,TRUE,igd,NA,NA,NA,NA,NA,NA,NA,18,57829135,0.0076,4.88E-25,490089,Diabetes,Type 2 diabetes || id:ebi-a-GCST90018926,TRUE,reported,igd,2,1,TRUE
132,rs6813195,T,C,T,C,-0.062,-3.46E-05,0.353285,0.284132,FALSE,FALSE,FALSE,Anemia,4,153520475,0.00018026,484598,0.85,Iron deficiency anemia || id:ebi-a-GCST90038659,Iron deficiency anemia,Iron deficiency anemia ||  || ,TRUE,igd,NA,NA,NA,NA,NA,NA,NA,4,153520475,0.0066,4.38E-21,490089,Diabetes,Type 2 diabetes || id:ebi-a-GCST90018926,TRUE,reported,igd,2,1,TRUE
133,rs6853272,T,C,T,C,-0.0718,4.89E-05,0.923642,0.962285,FALSE,FALSE,FALSE,Anemia,4,71735967,0.000429483,484598,0.91,Iron deficiency anemia || id:ebi-a-GCST90038659,Iron deficiency anemia,Iron deficiency anemia ||  || ,TRUE,igd,NA,NA,NA,NA,NA,NA,NA,4,71735967,0.0103,3.84E-12,490089,Diabetes,Type 2 diabetes || id:ebi-a-GCST90018926,TRUE,reported,igd,2,1,TRUE
134,rs6878122,A,G,A,G,-0.0547,-4.84E-05,0.778957,0.687499,FALSE,FALSE,FALSE,Anemia,5,76427311,0.000171305,484598,0.780001,Iron deficiency anemia || id:ebi-a-GCST90038659,Iron deficiency anemia,Iron deficiency anemia ||  || ,TRUE,igd,NA,NA,NA,NA,NA,NA,NA,5,76427311,0.0092,2.46E-09,490089,Diabetes,Type 2 diabetes || id:ebi-a-GCST90018926,TRUE,reported,igd,2,1,TRUE
135,rs6885132,G,C,G,C,-0.0449,5.35E-05,0.195176,0.105854,FALSE,TRUE,FALSE,Anemia,5,14768092,0.000263328,484598,0.84,Iron deficiency anemia || id:ebi-a-GCST90038659,Iron deficiency anemia,Iron deficiency anemia ||  || ,TRUE,igd,NA,NA,NA,NA,NA,NA,NA,5,14768092,0.0077,5.18E-09,490089,Diabetes,Type 2 diabetes || id:ebi-a-GCST90018926,TRUE,reported,igd,2,1,TRUE
136,rs6919504,G,A,G,A,0.0625,-0.00051385,0.0677522,0.043434,FALSE,FALSE,FALSE,Anemia,6,156976650,0.000400297,484598,0.2,Iron deficiency anemia || id:ebi-a-GCST90038659,Iron deficiency anemia,Iron deficiency anemia ||  || ,TRUE,igd,NA,NA,NA,NA,NA,NA,NA,6,156976650,0.0111,1.68E-08,490089,Diabetes,Type 2 diabetes || id:ebi-a-GCST90018926,TRUE,reported,igd,2,1,TRUE
137,rs6985028,A,G,A,G,-0.0408,-0.000105983,0.656712,0.562835,FALSE,FALSE,FALSE,Anemia,8,30822094,0.00015976,484598,0.51,Iron deficiency anemia || id:ebi-a-GCST90038659,Iron deficiency anemia,Iron deficiency anemia ||  || ,TRUE,igd,NA,NA,NA,NA,NA,NA,NA,8,30822094,0.0073,2.82E-08,490089,Diabetes,Type 2 diabetes || id:ebi-a-GCST90018926,TRUE,reported,igd,2,1,TRUE
138,rs7030811,A,T,A,T,-0.0944,-0.000216176,0.0395381,0.039916,FALSE,TRUE,FALSE,Anemia,9,22288140,0.000418781,484598,0.61,Iron deficiency anemia || id:ebi-a-GCST90038659,Iron deficiency anemia,Iron deficiency anemia ||  || ,TRUE,igd,NA,NA,NA,NA,NA,NA,NA,9,22288140,0.0151,4.09E-10,490089,Diabetes,Type 2 diabetes || id:ebi-a-GCST90018926,TRUE,reported,igd,2,1,TRUE
139,rs7132351,A,G,A,G,0.063,-7.40E-05,0.17439,0.137594,FALSE,FALSE,FALSE,Anemia,12,118414926,0.000231907,484598,0.75,Iron deficiency anemia || id:ebi-a-GCST90038659,Iron deficiency anemia,Iron deficiency anemia ||  || ,TRUE,igd,NA,NA,NA,NA,NA,NA,NA,12,118414926,0.0079,1.78E-15,490089,Diabetes,Type 2 diabetes || id:ebi-a-GCST90018926,TRUE,reported,igd,2,1,TRUE
140,rs7132908,A,G,A,G,0.0394,0.00011039,0.358104,0.378962,FALSE,FALSE,FALSE,Anemia,12,50263148,0.000163669,484598,0.5,Iron deficiency anemia || id:ebi-a-GCST90038659,Iron deficiency anemia,Iron deficiency anemia ||  || ,TRUE,igd,NA,NA,NA,NA,NA,NA,NA,12,50263148,0.0066,2.63E-09,490089,Diabetes,Type 2 diabetes || id:ebi-a-GCST90018926,TRUE,reported,igd,2,1,TRUE
141,rs7141,A,G,A,G,-0.0357,0.000399104,0.6394,0.657965,FALSE,FALSE,FALSE,Anemia,17,7614601,0.000169856,484598,0.0189998,Iron deficiency anemia || id:ebi-a-GCST90038659,Iron deficiency anemia,Iron deficiency anemia ||  || ,TRUE,igd,NA,NA,NA,NA,NA,NA,NA,17,7614601,0.0065,3.75E-08,490089,Diabetes,Type 2 diabetes || id:ebi-a-GCST90018926,TRUE,reported,igd,2,1,TRUE
142,rs71424153,C,G,C,G,-0.0429,-4.75E-05,0.259162,0.245694,FALSE,TRUE,FALSE,Anemia,2,65280894,0.00018398,484598,0.8,Iron deficiency anemia || id:ebi-a-GCST90038659,Iron deficiency anemia,Iron deficiency anemia ||  || ,TRUE,igd,NA,NA,NA,NA,NA,NA,NA,2,65280894,0.007,9.23E-10,490089,Diabetes,Type 2 diabetes || id:ebi-a-GCST90018926,TRUE,reported,igd,2,1,TRUE
143,rs7172432,G,A,G,A,-0.0604,0.000369469,0.452818,0.431885,FALSE,FALSE,FALSE,Anemia,15,62396389,0.000160084,484598,0.021,Iron deficiency anemia || id:ebi-a-GCST90038659,Iron deficiency anemia,Iron deficiency anemia ||  || ,TRUE,igd,NA,NA,NA,NA,NA,NA,NA,15,62396389,0.0063,8.28E-22,490089,Diabetes,Type 2 diabetes || id:ebi-a-GCST90018926,TRUE,reported,igd,2,1,TRUE
144,rs7250869,C,T,C,T,-0.0488,1.35E-05,0.628785,0.684163,FALSE,FALSE,FALSE,Anemia,19,33887405,0.000171082,484598,0.94,Iron deficiency anemia || id:ebi-a-GCST90038659,Iron deficiency anemia,Iron deficiency anemia ||  || ,TRUE,igd,NA,NA,NA,NA,NA,NA,NA,19,33887405,0.0065,5.17E-14,490089,Diabetes,Type 2 diabetes || id:ebi-a-GCST90018926,TRUE,reported,igd,2,1,TRUE
145,rs72640313,A,G,A,G,-0.0615,-5.27E-06,0.116012,0.104149,FALSE,FALSE,FALSE,Anemia,13,91950181,0.000260664,484598,0.98,Iron deficiency anemia || id:ebi-a-GCST90038659,Iron deficiency anemia,Iron deficiency anemia ||  || ,TRUE,igd,NA,NA,NA,NA,NA,NA,NA,13,91950181,0.0094,6.62E-11,490089,Diabetes,Type 2 diabetes || id:ebi-a-GCST90018926,TRUE,reported,igd,2,1,TRUE
146,rs72802365,C,G,C,G,-0.1168,0.000507166,0.0619909,0.07588,FALSE,TRUE,FALSE,Anemia,16,75246035,0.000299646,484598,0.0909997,Iron deficiency anemia || id:ebi-a-GCST90038659,Iron deficiency anemia,Iron deficiency anemia ||  || ,TRUE,igd,NA,NA,NA,NA,NA,NA,NA,16,75246035,0.0146,1.21E-15,490089,Diabetes,Type 2 diabetes || id:ebi-a-GCST90018926,TRUE,reported,igd,2,1,TRUE
147,rs72830608,T,G,T,G,0.0482,2.05E-05,0.305978,0.220346,FALSE,FALSE,FALSE,Anemia,6,20519120,0.000192415,484598,0.92,Iron deficiency anemia || id:ebi-a-GCST90038659,Iron deficiency anemia,Iron deficiency anemia ||  || ,TRUE,igd,NA,NA,NA,NA,NA,NA,NA,6,20519120,0.0077,3.27E-10,490089,Diabetes,Type 2 diabetes || id:ebi-a-GCST90018926,TRUE,reported,igd,2,1,TRUE
148,rs72906810,G,A,G,A,-0.0876,0.000336819,0.0894907,0.088958,FALSE,FALSE,FALSE,Anemia,1,51457200,0.000277818,484598,0.23,Iron deficiency anemia || id:ebi-a-GCST90038659,Iron deficiency anemia,Iron deficiency anemia ||  || ,TRUE,igd,NA,NA,NA,NA,NA,NA,NA,1,51457200,0.0124,1.97E-12,490089,Diabetes,Type 2 diabetes || id:ebi-a-GCST90018926,TRUE,reported,igd,2,1,TRUE
149,rs72951548,T,C,T,C,-0.0627,-0.000232443,0.188488,0.158127,FALSE,FALSE,FALSE,Anemia,6,118050841,0.000218471,484598,0.29,Iron deficiency anemia || id:ebi-a-GCST90038659,Iron deficiency anemia,Iron deficiency anemia ||  || ,TRUE,igd,NA,NA,NA,NA,NA,NA,NA,6,118050841,0.0078,1.24E-15,490089,Diabetes,Type 2 diabetes || id:ebi-a-GCST90018926,TRUE,reported,igd,2,1,TRUE
150,rs72964564,C,A,C,A,-0.1004,0.000130355,0.231426,0.24703,FALSE,FALSE,FALSE,Anemia,3,123054770,0.000184503,484598,0.48,Iron deficiency anemia || id:ebi-a-GCST90038659,Iron deficiency anemia,Iron deficiency anemia ||  || ,TRUE,igd,NA,NA,NA,NA,NA,NA,NA,3,123054770,0.0104,3.96E-22,490089,Diabetes,Type 2 diabetes || id:ebi-a-GCST90018926,TRUE,reported,igd,2,1,TRUE
151,rs73221113,A,G,A,G,0.0933,-0.000339801,0.039939,0.038799,FALSE,FALSE,FALSE,Anemia,4,718868,0.000409481,484598,0.41,Iron deficiency anemia || id:ebi-a-GCST90038659,Iron deficiency anemia,Iron deficiency anemia ||  || ,TRUE,igd,NA,NA,NA,NA,NA,NA,NA,4,718868,0.016,6.13E-09,490089,Diabetes,Type 2 diabetes || id:ebi-a-GCST90018926,TRUE,reported,igd,2,1,TRUE
152,rs73347525,G,A,G,A,-0.0536,-0.000152445,0.201505,0.182887,FALSE,FALSE,FALSE,Anemia,14,101255172,0.000210933,484598,0.47,Iron deficiency anemia || id:ebi-a-GCST90038659,Iron deficiency anemia,Iron deficiency anemia ||  || ,TRUE,igd,NA,NA,NA,NA,NA,NA,NA,14,101255172,0.008,2.48E-11,490089,Diabetes,Type 2 diabetes || id:ebi-a-GCST90018926,TRUE,reported,igd,2,1,TRUE
153,rs73410774,T,G,T,G,0.2125,0.000331068,0.0374096,0.031173,FALSE,FALSE,FALSE,Anemia,6,32789739,0.000455048,484598,0.47,Iron deficiency anemia || id:ebi-a-GCST90038659,Iron deficiency anemia,Iron deficiency anemia ||  || ,TRUE,igd,NA,NA,NA,NA,NA,NA,NA,6,32789739,0.0219,3.20E-22,490089,Diabetes,Type 2 diabetes || id:ebi-a-GCST90018926,TRUE,reported,igd,2,2,TRUE
154,rs74862545,T,C,T,C,-0.2052,-0.001255,0.0223105,0.022615,FALSE,FALSE,FALSE,Anemia,12,4365572,0.000547246,484598,0.0219999,Iron deficiency anemia || id:ebi-a-GCST90038659,Iron deficiency anemia,Iron deficiency anemia ||  || ,TRUE,igd,NA,NA,NA,NA,NA,NA,NA,12,4365572,0.0301,9.97E-12,490089,Diabetes,Type 2 diabetes || id:ebi-a-GCST90018926,TRUE,reported,igd,2,1,TRUE
155,rs75418188,T,C,T,C,0.1337,0.00112641,0.0276409,0.011047,FALSE,FALSE,FALSE,Anemia,17,6962272,0.000778086,484598,0.15,Iron deficiency anemia || id:ebi-a-GCST90038659,Iron deficiency anemia,Iron deficiency anemia ||  || ,TRUE,igd,TRUE,rs75418188,rs193399,T,C,A,G,17,6945483,0.0157,1.66E-17,490089,Diabetes,Type 2 diabetes || id:ebi-a-GCST90018926,TRUE,reported,igd,2,1,TRUE
156,rs755249,T,C,T,C,0.0617,0.000337948,0.217225,0.22581,FALSE,FALSE,FALSE,Anemia,1,39995074,0.000189963,484598,0.0749998,Iron deficiency anemia || id:ebi-a-GCST90038659,Iron deficiency anemia,Iron deficiency anemia ||  || ,TRUE,igd,NA,NA,NA,NA,NA,NA,NA,1,39995074,0.0077,1.45E-15,490089,Diabetes,Type 2 diabetes || id:ebi-a-GCST90018926,TRUE,reported,igd,2,1,TRUE
157,rs75872811,G,A,G,A,-0.0727,0.000481206,0.0871287,0.050582,FALSE,FALSE,FALSE,Anemia,10,63732315,0.000363104,484598,0.19,Iron deficiency anemia || id:ebi-a-GCST90038659,Iron deficiency anemia,Iron deficiency anemia ||  || ,TRUE,igd,NA,NA,NA,NA,NA,NA,NA,10,63732315,0.0102,1.03E-12,490089,Diabetes,Type 2 diabetes || id:ebi-a-GCST90018926,TRUE,reported,igd,2,1,TRUE
158,rs76177300,A,G,A,G,0.1309,-0.000246577,0.0551313,0.05128,FALSE,FALSE,FALSE,Anemia,5,102143311,0.000362087,484598,0.5,Iron deficiency anemia || id:ebi-a-GCST90038659,Iron deficiency anemia,Iron deficiency anemia ||  || ,TRUE,igd,NA,NA,NA,NA,NA,NA,NA,5,102143311,0.0187,2.59E-12,490089,Diabetes,Type 2 diabetes || id:ebi-a-GCST90018926,TRUE,reported,igd,2,1,TRUE
159,rs76895963,G,T,G,T,-0.4582,-1.37E-06,0.023748,0.020229,FALSE,FALSE,FALSE,Anemia,12,4384844,0.000622802,484598,1,Iron deficiency anemia || id:ebi-a-GCST90038659,Iron deficiency anemia,Iron deficiency anemia ||  || ,TRUE,igd,NA,NA,NA,NA,NA,NA,NA,12,4384844,0.0303,8.22E-52,490089,Diabetes,Type 2 diabetes || id:ebi-a-GCST90018926,TRUE,reported,igd,2,1,TRUE
160,rs7741521,A,G,A,G,-0.0618,-9.46E-05,0.0717495,0.043369,FALSE,FALSE,FALSE,Anemia,6,31442748,0.000391612,484598,0.81,Iron deficiency anemia || id:ebi-a-GCST90038659,Iron deficiency anemia,Iron deficiency anemia ||  || ,TRUE,igd,NA,NA,NA,NA,NA,NA,NA,6,31442748,0.011,2.11E-08,490089,Diabetes,Type 2 diabetes || id:ebi-a-GCST90018926,TRUE,reported,igd,2,1,TRUE
161,rs77464186,C,A,C,A,-0.1028,2.04E-05,0.141673,0.15355,FALSE,FALSE,FALSE,Anemia,11,72460398,0.000219586,484598,0.93,Iron deficiency anemia || id:ebi-a-GCST90038659,Iron deficiency anemia,Iron deficiency anemia ||  || ,TRUE,igd,NA,NA,NA,NA,NA,NA,NA,11,72460398,0.01,5.67E-25,490089,Diabetes,Type 2 diabetes || id:ebi-a-GCST90018926,TRUE,reported,igd,2,1,TRUE
162,rs7778167,A,G,A,G,0.0571,2.76E-05,0.216676,0.265946,FALSE,FALSE,FALSE,Anemia,7,127851628,0.000182149,484598,0.88,Iron deficiency anemia || id:ebi-a-GCST90038659,Iron deficiency anemia,Iron deficiency anemia ||  || ,TRUE,igd,NA,NA,NA,NA,NA,NA,NA,7,127851628,0.0082,4.22E-12,490089,Diabetes,Type 2 diabetes || id:ebi-a-GCST90018926,TRUE,reported,igd,2,1,TRUE
163,rs78470967,A,T,A,T,-0.1272,-7.53E-05,0.042318,0.041279,FALSE,TRUE,FALSE,Anemia,12,4521511,0.000407325,484598,0.85,Iron deficiency anemia || id:ebi-a-GCST90038659,Iron deficiency anemia,Iron deficiency anemia ||  || ,TRUE,igd,NA,NA,NA,NA,NA,NA,NA,12,4521511,0.0217,4.70E-09,490089,Diabetes,Type 2 diabetes || id:ebi-a-GCST90018926,TRUE,reported,igd,2,1,TRUE
164,rs8043085,T,G,T,G,0.0457,0.000219301,0.301228,0.235448,FALSE,FALSE,FALSE,Anemia,15,38828140,0.000187048,484598,0.24,Iron deficiency anemia || id:ebi-a-GCST90038659,Iron deficiency anemia,Iron deficiency anemia ||  || ,TRUE,igd,NA,NA,NA,NA,NA,NA,NA,15,38828140,0.0068,1.84E-11,490089,Diabetes,Type 2 diabetes || id:ebi-a-GCST90018926,TRUE,reported,igd,2,1,TRUE
165,rs8100204,A,G,A,G,0.0552,-0.000120112,0.169058,0.150503,FALSE,FALSE,FALSE,Anemia,19,19393714,0.000227097,484598,0.6,Iron deficiency anemia || id:ebi-a-GCST90038659,Iron deficiency anemia,Iron deficiency anemia ||  || ,TRUE,igd,NA,NA,NA,NA,NA,NA,NA,19,19393714,0.0082,2.08E-11,490089,Diabetes,Type 2 diabetes || id:ebi-a-GCST90018926,TRUE,reported,igd,2,1,TRUE
166,rs8100562,T,C,T,C,0.0559,0.000124409,0.170998,0.200232,FALSE,FALSE,FALSE,Anemia,19,7241501,0.000199661,484598,0.53,Iron deficiency anemia || id:ebi-a-GCST90038659,Iron deficiency anemia,Iron deficiency anemia ||  || ,TRUE,igd,NA,NA,NA,NA,NA,NA,NA,19,7241501,0.0088,1.89E-10,490089,Diabetes,Type 2 diabetes || id:ebi-a-GCST90018926,TRUE,reported,igd,2,1,TRUE
167,rs860262,A,C,A,C,-0.0668,6.86E-05,0.420673,0.490839,FALSE,FALSE,FALSE,Anemia,7,28194397,0.000158941,484598,0.67,Iron deficiency anemia || id:ebi-a-GCST90038659,Iron deficiency anemia,Iron deficiency anemia ||  || ,TRUE,igd,NA,NA,NA,NA,NA,NA,NA,7,28194397,0.0068,9.18E-23,490089,Diabetes,Type 2 diabetes || id:ebi-a-GCST90018926,TRUE,reported,igd,2,1,TRUE
168,rs9265433,C,T,C,T,0.0625,0.000150718,0.445483,0.478606,FALSE,FALSE,FALSE,Anemia,6,31296247,0.000163188,484598,0.36,Iron deficiency anemia || id:ebi-a-GCST90038659,Iron deficiency anemia,Iron deficiency anemia ||  || ,TRUE,igd,NA,NA,NA,NA,NA,NA,NA,6,31296247,0.0067,6.28E-21,490089,Diabetes,Type 2 diabetes || id:ebi-a-GCST90018926,TRUE,reported,igd,2,1,TRUE
169,rs9304665,A,T,A,T,0.0545,0.000254996,0.752917,0.753304,FALSE,TRUE,FALSE,Anemia,19,47602577,0.000185221,484598,0.17,Iron deficiency anemia || id:ebi-a-GCST90038659,Iron deficiency anemia,Iron deficiency anemia ||  || ,TRUE,igd,NA,NA,NA,NA,NA,NA,NA,19,47602577,0.0098,2.63E-08,490089,Diabetes,Type 2 diabetes || id:ebi-a-GCST90018926,TRUE,reported,igd,2,1,TRUE
170,rs9368222,A,C,A,C,0.1551,0.000334361,0.318552,0.26142,FALSE,FALSE,FALSE,Anemia,6,20686996,0.000180073,484598,0.0629999,Iron deficiency anemia || id:ebi-a-GCST90038659,Iron deficiency anemia,Iron deficiency anemia ||  || ,TRUE,igd,NA,NA,NA,NA,NA,NA,NA,6,20686996,0.0066,2.04E-122,490089,Diabetes,Type 2 diabetes || id:ebi-a-GCST90018926,TRUE,reported,igd,2,1,TRUE
171,rs9379084,A,G,A,G,-0.0816,-7.50E-05,0.156857,0.113709,FALSE,FALSE,FALSE,Anemia,6,7231843,0.000257235,484598,0.77,Iron deficiency anemia || id:ebi-a-GCST90038659,Iron deficiency anemia,Iron deficiency anemia ||  || ,TRUE,igd,NA,NA,NA,NA,NA,NA,NA,6,7231843,0.0085,1.04E-21,490089,Diabetes,Type 2 diabetes || id:ebi-a-GCST90018926,TRUE,reported,igd,2,1,TRUE
172,rs9562987,A,G,A,G,-0.0413,0.000146294,0.41532,0.332092,FALSE,FALSE,FALSE,Anemia,13,51095908,0.000168497,484598,0.39,Iron deficiency anemia || id:ebi-a-GCST90038659,Iron deficiency anemia,Iron deficiency anemia ||  || ,TRUE,igd,NA,NA,NA,NA,NA,NA,NA,13,51095908,0.0069,2.31E-09,490089,Diabetes,Type 2 diabetes || id:ebi-a-GCST90018926,TRUE,reported,igd,2,1,TRUE
173,rs972119,G,A,G,A,-0.0465,-0.000380022,0.215533,0.187678,FALSE,FALSE,FALSE,Anemia,6,143170972,0.00020283,484598,0.061,Iron deficiency anemia || id:ebi-a-GCST90038659,Iron deficiency anemia,Iron deficiency anemia ||  || ,TRUE,igd,NA,NA,NA,NA,NA,NA,NA,6,143170972,0.0074,4.38E-10,490089,Diabetes,Type 2 diabetes || id:ebi-a-GCST90018926,TRUE,reported,igd,2,1,TRUE
174,rs9844972,C,G,C,G,0.1036,8.78E-05,0.0666559,0.068617,FALSE,TRUE,FALSE,Anemia,3,150097635,0.00031904,484598,0.780001,Iron deficiency anemia || id:ebi-a-GCST90038659,Iron deficiency anemia,Iron deficiency anemia ||  || ,TRUE,igd,NA,NA,NA,NA,NA,NA,NA,3,150097635,0.0176,4.26E-09,490089,Diabetes,Type 2 diabetes || id:ebi-a-GCST90018926,TRUE,reported,igd,2,1,TRUE
175,rs9873519,T,C,T,C,0.0373,-0.000107453,0.487086,0.521364,FALSE,FALSE,FALSE,Anemia,3,124921457,0.000159483,484598,0.5,Iron deficiency anemia || id:ebi-a-GCST90038659,Iron deficiency anemia,Iron deficiency anemia ||  || ,TRUE,igd,NA,NA,NA,NA,NA,NA,NA,3,124921457,0.0065,7.63E-09,490089,Diabetes,Type 2 diabetes || id:ebi-a-GCST90018926,TRUE,reported,igd,2,1,TRUE
