,SNP,effect_allele.exposure,other_allele.exposure,effect_allele.outcome,other_allele.outcome,beta.exposure,beta.outcome,eaf.exposure,eaf.outcome,remove,palindromic,ambiguous,id.outcome,chr,pos,se.outcome,samplesize.outcome,pval.outcome,outcome,originalname.outcome,outcome.deprecated,mr_keep.outcome,data_source.outcome,chr.exposure,pos.exposure,se.exposure,pval.exposure,samplesize.exposure,id.exposure,exposure,mr_keep.exposure,pval_origin.exposure,data_source.exposure,action,SNP_index,mr_keep
1,rs1002389,G,C,G,C,-0.0511,-0.0241,0.392781,0.392989,FALSE,TRUE,FALSE,CKD,7,156968323,0.0147,482858,0.101,Chronic renal failure || id:ebi-a-GCST90018822,Chronic renal failure,Chronic renal failure ||  || ,TRUE,igd,7,156968323,0.0064,2.20E-15,490089,Diabetes,Type 2 diabetes || id:ebi-a-GCST90018926,TRUE,reported,igd,2,1,TRUE
2,rs10062657,A,C,A,C,-0.0417,-0.0261,0.799903,0.798872,FALSE,FALSE,FALSE,CKD,5,95867908,0.0194,482858,0.1787,Chronic renal failure || id:ebi-a-GCST90018822,Chronic renal failure,Chronic renal failure ||  || ,TRUE,igd,5,95867908,0.0075,2.59E-08,490089,Diabetes,Type 2 diabetes || id:ebi-a-GCST90018926,TRUE,reported,igd,2,1,TRUE
3,rs10169613,T,C,T,C,-0.0386,-0.0214,0.446602,0.446169,FALSE,FALSE,FALSE,CKD,2,111934977,0.0142,482858,0.1312,Chronic renal failure || id:ebi-a-GCST90018822,Chronic renal failure,Chronic renal failure ||  || ,TRUE,igd,2,111934977,0.0063,1.16E-09,490089,Diabetes,Type 2 diabetes || id:ebi-a-GCST90018926,TRUE,reported,igd,2,1,TRUE
4,rs10173251,G,C,G,C,-0.1062,0.0185,0.11235,0.111996,FALSE,TRUE,FALSE,CKD,2,43529508,0.0248,482858,0.4558,Chronic renal failure || id:ebi-a-GCST90018822,Chronic renal failure,Chronic renal failure ||  || ,TRUE,igd,2,43529508,0.0141,5.86E-14,490089,Diabetes,Type 2 diabetes || id:ebi-a-GCST90018926,TRUE,reported,igd,2,1,TRUE
5,rs10201401,A,G,A,G,0.0421,0.0314,0.787528,0.786768,FALSE,FALSE,FALSE,CKD,2,44810480,0.0188,482858,0.0958606,Chronic renal failure || id:ebi-a-GCST90018822,Chronic renal failure,Chronic renal failure ||  || ,TRUE,igd,2,44810480,0.0075,1.76E-08,490089,Diabetes,Type 2 diabetes || id:ebi-a-GCST90018926,TRUE,reported,igd,2,1,TRUE
6,rs10268294,A,C,A,C,0.0454,0.0225,0.796446,0.796272,FALSE,FALSE,FALSE,CKD,7,1873406,0.0175,482858,0.1985,Chronic renal failure || id:ebi-a-GCST90018822,Chronic renal failure,Chronic renal failure ||  || ,TRUE,igd,7,1873406,0.0081,2.54E-08,490089,Diabetes,Type 2 diabetes || id:ebi-a-GCST90018926,TRUE,reported,igd,2,1,TRUE
7,rs10408179,C,T,C,T,-0.0675,0.0137,0.38792,0.387579,FALSE,FALSE,FALSE,CKD,19,46157004,0.0146,482858,0.3479,Chronic renal failure || id:ebi-a-GCST90018822,Chronic renal failure,Chronic renal failure ||  || ,TRUE,igd,19,46157004,0.0067,1.33E-23,490089,Diabetes,Type 2 diabetes || id:ebi-a-GCST90018926,TRUE,reported,igd,2,1,TRUE
8,rs1046316,G,A,G,A,0.0999,0.0226,0.745203,0.745435,FALSE,FALSE,FALSE,CKD,4,6304087,0.0165,482858,0.1727,Chronic renal failure || id:ebi-a-GCST90018822,Chronic renal failure,Chronic renal failure ||  || ,TRUE,igd,4,6304087,0.0087,1.63E-30,490089,Diabetes,Type 2 diabetes || id:ebi-a-GCST90018926,TRUE,reported,igd,2,1,TRUE
9,rs10830963,G,C,G,C,0.0504,0.0099,0.330035,0.330577,FALSE,TRUE,FALSE,CKD,11,92708710,0.0152,482858,0.5154,Chronic renal failure || id:ebi-a-GCST90018822,Chronic renal failure,Chronic renal failure ||  || ,TRUE,igd,11,92708710,0.0065,1.20E-14,490089,Diabetes,Type 2 diabetes || id:ebi-a-GCST90018926,TRUE,reported,igd,2,1,TRUE
10,rs10900325,C,T,C,T,-0.0557,-0.026,0.841826,0.841553,FALSE,FALSE,FALSE,CKD,1,146692174,0.0197,482858,0.1868,Chronic renal failure || id:ebi-a-GCST90018822,Chronic renal failure,Chronic renal failure ||  || ,TRUE,igd,1,146692174,0.0082,8.75E-12,490089,Diabetes,Type 2 diabetes || id:ebi-a-GCST90018926,TRUE,reported,igd,2,1,TRUE
11,rs10938398,A,G,A,G,0.0491,0.0449,0.406542,0.406454,FALSE,FALSE,FALSE,CKD,4,45186139,0.0144,482858,0.00187802,Chronic renal failure || id:ebi-a-GCST90018822,Chronic renal failure,Chronic renal failure ||  || ,TRUE,igd,4,45186139,0.0065,5.39E-14,490089,Diabetes,Type 2 diabetes || id:ebi-a-GCST90018926,TRUE,reported,igd,2,1,TRUE
12,rs10950494,A,G,A,G,0.0361,-0.0283,0.450764,0.450936,FALSE,FALSE,FALSE,CKD,7,13892902,0.0142,482858,0.0468997,Chronic renal failure || id:ebi-a-GCST90018822,Chronic renal failure,Chronic renal failure ||  || ,TRUE,igd,7,13892902,0.0063,1.08E-08,490089,Diabetes,Type 2 diabetes || id:ebi-a-GCST90018926,TRUE,reported,igd,2,1,TRUE
13,rs10965250,A,G,A,G,-0.1644,-0.0296,0.235558,0.235851,FALSE,FALSE,FALSE,CKD,9,22133284,0.0176,482858,0.09244,Chronic renal failure || id:ebi-a-GCST90018822,Chronic renal failure,Chronic renal failure ||  || ,TRUE,igd,9,22133284,0.0073,7.73E-114,490089,Diabetes,Type 2 diabetes || id:ebi-a-GCST90018926,TRUE,reported,igd,2,1,TRUE
14,rs1117610,T,A,T,A,0.0418,0.0352,0.312695,0.313169,FALSE,TRUE,FALSE,CKD,7,150541189,0.0163,482858,0.03112,Chronic renal failure || id:ebi-a-GCST90018822,Chronic renal failure,Chronic renal failure ||  || ,TRUE,igd,7,150541189,0.0069,1.66E-09,490089,Diabetes,Type 2 diabetes || id:ebi-a-GCST90018926,TRUE,reported,igd,2,1,TRUE
15,rs112108223,A,G,A,G,-0.2373,-0.0866,0.0147015,0.0147708,FALSE,FALSE,FALSE,CKD,12,4271088,0.0674,482858,0.1986,Chronic renal failure || id:ebi-a-GCST90018822,Chronic renal failure,Chronic renal failure ||  || ,TRUE,igd,12,4271088,0.0344,5.52E-12,490089,Diabetes,Type 2 diabetes || id:ebi-a-GCST90018926,TRUE,reported,igd,2,1,TRUE
16,rs11257655,T,C,T,C,0.1084,0.0093,0.281992,0.2826,FALSE,FALSE,FALSE,CKD,10,12307894,0.0164,482858,0.5689,Chronic renal failure || id:ebi-a-GCST90018822,Chronic renal failure,Chronic renal failure ||  || ,TRUE,igd,10,12307894,0.0069,2.36E-55,490089,Diabetes,Type 2 diabetes || id:ebi-a-GCST90018926,TRUE,reported,igd,2,1,TRUE
17,rs1127215,T,C,T,C,-0.042,-0.0061,0.368543,0.367912,FALSE,FALSE,FALSE,CKD,1,117532790,0.0146,482858,0.6781,Chronic renal failure || id:ebi-a-GCST90018822,Chronic renal failure,Chronic renal failure ||  || ,TRUE,igd,1,117532790,0.0066,2.54E-10,490089,Diabetes,Type 2 diabetes || id:ebi-a-GCST90018926,TRUE,reported,igd,2,1,TRUE
18,rs1128249,T,G,T,G,-0.0786,-0.0343,0.300292,0.299661,FALSE,FALSE,FALSE,CKD,2,165528624,0.0156,482858,0.0282599,Chronic renal failure || id:ebi-a-GCST90018822,Chronic renal failure,Chronic renal failure ||  || ,TRUE,igd,2,165528624,0.0078,9.30E-24,490089,Diabetes,Type 2 diabetes || id:ebi-a-GCST90018926,TRUE,reported,igd,2,1,TRUE
19,rs113082607,C,A,C,A,0.0895,-0.0506,0.0312395,0.0315673,FALSE,FALSE,FALSE,CKD,10,12403619,0.0538,482858,0.3464,Chronic renal failure || id:ebi-a-GCST90018822,Chronic renal failure,Chronic renal failure ||  || ,TRUE,igd,10,12403619,0.0162,3.03E-08,490089,Diabetes,Type 2 diabetes || id:ebi-a-GCST90018926,TRUE,reported,igd,2,1,TRUE
20,rs114322470,G,T,G,T,-0.2281,0.0092,0.0204657,0.0205095,FALSE,FALSE,FALSE,CKD,10,114736670,0.0563,482858,0.8708,Chronic renal failure || id:ebi-a-GCST90018822,Chronic renal failure,Chronic renal failure ||  || ,TRUE,igd,10,114736670,0.0301,3.23E-14,490089,Diabetes,Type 2 diabetes || id:ebi-a-GCST90018926,TRUE,reported,igd,2,1,TRUE
21,rs11471522,TTTTG,T,TTTTG,T,-0.0819,-0.0311,0.285059,0.285146,FALSE,FALSE,FALSE,CKD,20,45598190,0.0201,482858,0.1219,Chronic renal failure || id:ebi-a-GCST90018822,Chronic renal failure,Chronic renal failure ||  || ,TRUE,igd,20,45598190,0.0125,6.41E-11,490089,Diabetes,Type 2 diabetes || id:ebi-a-GCST90018926,TRUE,reported,igd,2,1,TRUE
22,rs115018313,C,T,C,T,0.284,0.1244,0.0309476,0.0317815,FALSE,FALSE,FALSE,CKD,6,32710407,0.0464,482858,0.007347,Chronic renal failure || id:ebi-a-GCST90018822,Chronic renal failure,Chronic renal failure ||  || ,TRUE,igd,6,32710407,0.0238,7.30E-33,490089,Diabetes,Type 2 diabetes || id:ebi-a-GCST90018926,TRUE,reported,igd,2,1,TRUE
23,rs11514706,C,A,C,A,0.0601,0.0204,0.500501,0.500081,FALSE,FALSE,FALSE,CKD,7,15059272,0.0141,482858,0.1492,Chronic renal failure || id:ebi-a-GCST90018822,Chronic renal failure,Chronic renal failure ||  || ,TRUE,igd,7,15059272,0.0063,8.55E-22,490089,Diabetes,Type 2 diabetes || id:ebi-a-GCST90018926,TRUE,reported,igd,2,1,TRUE
24,rs11607147,C,T,C,T,-0.0411,0.0197,0.684232,0.684564,FALSE,FALSE,FALSE,CKD,11,65346178,0.0154,482858,0.1995,Chronic renal failure || id:ebi-a-GCST90018822,Chronic renal failure,Chronic renal failure ||  || ,TRUE,igd,11,65346178,0.0068,1.76E-09,490089,Diabetes,Type 2 diabetes || id:ebi-a-GCST90018926,TRUE,reported,igd,2,1,TRUE
25,rs11651052,G,A,G,A,-0.091,-0.0178,0.589657,0.590438,FALSE,FALSE,FALSE,CKD,17,36102381,0.0145,482858,0.2183,Chronic renal failure || id:ebi-a-GCST90018822,Chronic renal failure,Chronic renal failure ||  || ,TRUE,igd,17,36102381,0.0065,5.35E-44,490089,Diabetes,Type 2 diabetes || id:ebi-a-GCST90018926,TRUE,reported,igd,2,1,TRUE
26,rs11680058,A,G,A,G,0.0633,-0.004,0.879274,0.879364,FALSE,FALSE,FALSE,CKD,2,16574669,0.0234,482858,0.863,Chronic renal failure || id:ebi-a-GCST90018822,Chronic renal failure,Chronic renal failure ||  || ,TRUE,igd,2,16574669,0.0108,4.38E-09,490089,Diabetes,Type 2 diabetes || id:ebi-a-GCST90018926,TRUE,reported,igd,2,1,TRUE
27,rs116947250,A,T,A,T,0.0849,-5.00E-04,0.031514,0.0316261,FALSE,TRUE,FALSE,CKD,5,49673818,0.0456,482858,0.9919,Chronic renal failure || id:ebi-a-GCST90018822,Chronic renal failure,Chronic renal failure ||  || ,TRUE,igd,5,49673818,0.0155,3.93E-08,490089,Diabetes,Type 2 diabetes || id:ebi-a-GCST90018926,TRUE,reported,igd,2,1,TRUE
28,rs117430555,T,G,T,G,0.1366,0.0906,0.0336968,0.0337239,FALSE,FALSE,FALSE,CKD,15,57610146,0.0442,482858,0.0403097,Chronic renal failure || id:ebi-a-GCST90018822,Chronic renal failure,Chronic renal failure ||  || ,TRUE,igd,15,57610146,0.0235,5.96E-09,490089,Diabetes,Type 2 diabetes || id:ebi-a-GCST90018926,TRUE,reported,igd,2,1,TRUE
29,rs11802899,A,C,A,C,-0.0497,0.01,0.817422,0.816972,FALSE,FALSE,FALSE,CKD,1,22112174,0.0193,482858,0.6042,Chronic renal failure || id:ebi-a-GCST90018822,Chronic renal failure,Chronic renal failure ||  || ,TRUE,igd,1,22112174,0.0077,1.09E-10,490089,Diabetes,Type 2 diabetes || id:ebi-a-GCST90018926,TRUE,reported,igd,2,1,TRUE
30,rs11819995,T,C,T,C,0.0493,0.0034,0.213049,0.21269,FALSE,FALSE,FALSE,CKD,11,128389391,0.0172,482858,0.8443,Chronic renal failure || id:ebi-a-GCST90018822,Chronic renal failure,Chronic renal failure ||  || ,TRUE,igd,11,128389391,0.0077,1.27E-10,490089,Diabetes,Type 2 diabetes || id:ebi-a-GCST90018926,TRUE,reported,igd,2,1,TRUE
31,rs11846158,G,A,G,A,0.037,0.0201,0.283548,0.284049,FALSE,FALSE,FALSE,CKD,14,103292959,0.0161,482858,0.2124,Chronic renal failure || id:ebi-a-GCST90018822,Chronic renal failure,Chronic renal failure ||  || ,TRUE,igd,14,103292959,0.0068,4.89E-08,490089,Diabetes,Type 2 diabetes || id:ebi-a-GCST90018926,TRUE,reported,igd,2,1,TRUE
32,rs12001437,C,T,C,T,0.0367,0.0072,0.413559,0.413859,FALSE,FALSE,FALSE,CKD,9,34074476,0.0145,482858,0.6192,Chronic renal failure || id:ebi-a-GCST90018822,Chronic renal failure,Chronic renal failure ||  || ,TRUE,igd,9,34074476,0.0064,1.02E-08,490089,Diabetes,Type 2 diabetes || id:ebi-a-GCST90018926,TRUE,reported,igd,2,1,TRUE
33,rs12108088,A,G,A,G,-0.0365,0.0055,0.439211,0.439164,FALSE,FALSE,FALSE,CKD,3,64722045,0.0146,482858,0.7052,Chronic renal failure || id:ebi-a-GCST90018822,Chronic renal failure,Chronic renal failure ||  || ,TRUE,igd,3,64722045,0.0065,2.21E-08,490089,Diabetes,Type 2 diabetes || id:ebi-a-GCST90018926,TRUE,reported,igd,2,1,TRUE
34,rs1215468,G,A,G,A,-0.0749,-0.0043,0.287639,0.287617,FALSE,FALSE,FALSE,CKD,13,80707429,0.0156,482858,0.7842,Chronic renal failure || id:ebi-a-GCST90018822,Chronic renal failure,Chronic renal failure ||  || ,TRUE,igd,13,80707429,0.0069,3.91E-27,490089,Diabetes,Type 2 diabetes || id:ebi-a-GCST90018926,TRUE,reported,igd,2,1,TRUE
35,rs12441261,A,C,A,C,-0.0435,-0.0277,0.248102,0.248889,FALSE,FALSE,FALSE,CKD,15,93834743,0.0186,482858,0.1365,Chronic renal failure || id:ebi-a-GCST90018822,Chronic renal failure,Chronic renal failure ||  || ,TRUE,igd,15,93834743,0.0074,4.50E-09,490089,Diabetes,Type 2 diabetes || id:ebi-a-GCST90018926,TRUE,reported,igd,2,1,TRUE
36,rs12453376,G,A,G,A,0.0581,0.0131,0.2041,0.204293,FALSE,FALSE,FALSE,CKD,17,4032785,0.0179,482858,0.4618,Chronic renal failure || id:ebi-a-GCST90018822,Chronic renal failure,Chronic renal failure ||  || ,TRUE,igd,17,4032785,0.0076,2.33E-14,490089,Diabetes,Type 2 diabetes || id:ebi-a-GCST90018926,TRUE,reported,igd,2,1,TRUE
37,rs12546365,C,T,C,T,-0.0381,0.0062,0.55818,0.558607,FALSE,FALSE,FALSE,CKD,8,95911477,0.0143,482858,0.6664,Chronic renal failure || id:ebi-a-GCST90018822,Chronic renal failure,Chronic renal failure ||  || ,TRUE,igd,8,95911477,0.0065,4.66E-09,490089,Diabetes,Type 2 diabetes || id:ebi-a-GCST90018926,TRUE,reported,igd,2,1,TRUE
38,rs12578595,T,C,T,C,-0.0715,-0.0357,0.222896,0.222957,FALSE,FALSE,FALSE,CKD,12,27964996,0.0172,482858,0.0376903,Chronic renal failure || id:ebi-a-GCST90018822,Chronic renal failure,Chronic renal failure ||  || ,TRUE,igd,12,27964996,0.0073,1.73E-22,490089,Diabetes,Type 2 diabetes || id:ebi-a-GCST90018926,TRUE,reported,igd,2,1,TRUE
39,rs1260326,C,T,C,T,0.071,0.0193,0.571429,0.571195,FALSE,FALSE,FALSE,CKD,2,27730940,0.0144,482858,0.1797,Chronic renal failure || id:ebi-a-GCST90018822,Chronic renal failure,Chronic renal failure ||  || ,TRUE,igd,2,27730940,0.0064,6.44E-29,490089,Diabetes,Type 2 diabetes || id:ebi-a-GCST90018926,TRUE,reported,igd,2,1,TRUE
40,rs12625671,C,T,C,T,0.0565,0.0167,0.203237,0.20402,FALSE,FALSE,FALSE,CKD,20,42994812,0.0196,482858,0.3932,Chronic renal failure || id:ebi-a-GCST90018822,Chronic renal failure,Chronic renal failure ||  || ,TRUE,igd,20,42994812,0.0076,1.05E-13,490089,Diabetes,Type 2 diabetes || id:ebi-a-GCST90018926,TRUE,reported,igd,2,1,TRUE
41,rs12692723,G,C,G,C,0.0436,0.0249,0.311541,0.311847,FALSE,TRUE,FALSE,CKD,2,165437736,0.0158,482858,0.1152,Chronic renal failure || id:ebi-a-GCST90018822,Chronic renal failure,Chronic renal failure ||  || ,TRUE,igd,2,165437736,0.0068,1.80E-10,490089,Diabetes,Type 2 diabetes || id:ebi-a-GCST90018926,TRUE,reported,igd,2,1,TRUE
42,rs12698897,A,T,A,T,0.0586,0.0273,0.256189,0.256274,FALSE,TRUE,FALSE,CKD,7,69783013,0.0162,482858,0.0913692,Chronic renal failure || id:ebi-a-GCST90018822,Chronic renal failure,Chronic renal failure ||  || ,TRUE,igd,7,69783013,0.0071,1.23E-16,490089,Diabetes,Type 2 diabetes || id:ebi-a-GCST90018926,TRUE,reported,igd,2,1,TRUE
43,rs12763565,G,T,G,T,0.0624,0.0079,0.134488,0.134343,FALSE,FALSE,FALSE,CKD,10,94520143,0.0203,482858,0.698601,Chronic renal failure || id:ebi-a-GCST90018822,Chronic renal failure,Chronic renal failure ||  || ,TRUE,igd,10,94520143,0.01,4.50E-10,490089,Diabetes,Type 2 diabetes || id:ebi-a-GCST90018926,TRUE,reported,igd,2,1,TRUE
44,rs12910361,G,A,G,A,0.0696,-0.0147,0.62609,0.625365,FALSE,FALSE,FALSE,CKD,15,77782335,0.0152,482858,0.3313,Chronic renal failure || id:ebi-a-GCST90018822,Chronic renal failure,Chronic renal failure ||  || ,TRUE,igd,15,77782335,0.0066,3.88E-26,490089,Diabetes,Type 2 diabetes || id:ebi-a-GCST90018926,TRUE,reported,igd,2,1,TRUE
45,rs13073970,T,G,T,G,-0.0499,0.0152,0.193647,0.193431,FALSE,FALSE,FALSE,CKD,3,170630520,0.0177,482858,0.3898,Chronic renal failure || id:ebi-a-GCST90018822,Chronic renal failure,Chronic renal failure ||  || ,TRUE,igd,3,170630520,0.008,4.99E-10,490089,Diabetes,Type 2 diabetes || id:ebi-a-GCST90018926,TRUE,reported,igd,2,1,TRUE
46,rs13086642,A,G,A,G,-0.0599,0.0046,0.092455,0.0926079,FALSE,FALSE,FALSE,CKD,3,187705040,0.025,482858,0.8532,Chronic renal failure || id:ebi-a-GCST90018822,Chronic renal failure,Chronic renal failure ||  || ,TRUE,igd,3,187705040,0.0101,3.54E-09,490089,Diabetes,Type 2 diabetes || id:ebi-a-GCST90018926,TRUE,reported,igd,2,1,TRUE
47,rs13162708,T,C,T,C,0.0546,0.0437,0.208377,0.208806,FALSE,FALSE,FALSE,CKD,5,87943345,0.0189,482858,0.0210601,Chronic renal failure || id:ebi-a-GCST90018822,Chronic renal failure,Chronic renal failure ||  || ,TRUE,igd,5,87943345,0.0075,4.28E-13,490089,Diabetes,Type 2 diabetes || id:ebi-a-GCST90018926,TRUE,reported,igd,2,1,TRUE
48,rs13266634,T,C,T,C,-0.1053,-0.0195,0.348803,0.34909,FALSE,FALSE,FALSE,CKD,8,118184783,0.0149,482858,0.1883,Chronic renal failure || id:ebi-a-GCST90018822,Chronic renal failure,Chronic renal failure ||  || ,TRUE,igd,8,118184783,0.0065,1.97E-59,490089,Diabetes,Type 2 diabetes || id:ebi-a-GCST90018926,TRUE,reported,igd,2,1,TRUE
49,rs13292347,C,T,C,T,-0.0727,-0.0099,0.0708271,0.071038,FALSE,FALSE,FALSE,CKD,9,81908202,0.0276,482858,0.7206,Chronic renal failure || id:ebi-a-GCST90018822,Chronic renal failure,Chronic renal failure ||  || ,TRUE,igd,9,81908202,0.0122,2.57E-09,490089,Diabetes,Type 2 diabetes || id:ebi-a-GCST90018926,TRUE,reported,igd,2,1,TRUE
50,rs1362891,A,G,A,G,-0.0821,-0.0545,0.0714984,0.0718148,FALSE,FALSE,FALSE,CKD,8,41666299,0.0297,482858,0.0664997,Chronic renal failure || id:ebi-a-GCST90018822,Chronic renal failure,Chronic renal failure ||  || ,TRUE,igd,8,41666299,0.0117,2.08E-12,490089,Diabetes,Type 2 diabetes || id:ebi-a-GCST90018926,TRUE,reported,igd,2,1,TRUE
51,rs139722172,G,C,G,C,-0.0786,0.0061,0.186009,0.185951,FALSE,TRUE,FALSE,CKD,7,102410477,0.0208,482858,0.767701,Chronic renal failure || id:ebi-a-GCST90018822,Chronic renal failure,Chronic renal failure ||  || ,TRUE,igd,7,102410477,0.0111,1.82E-12,490089,Diabetes,Type 2 diabetes || id:ebi-a-GCST90018926,TRUE,reported,igd,2,1,TRUE
52,rs140896965,T,C,T,C,-0.2313,-0.0278,0.0187073,0.0189697,FALSE,FALSE,FALSE,CKD,20,57648366,0.0639,482858,0.663399,Chronic renal failure || id:ebi-a-GCST90018822,Chronic renal failure,Chronic renal failure ||  || ,TRUE,igd,20,57648366,0.0279,1.25E-16,490089,Diabetes,Type 2 diabetes || id:ebi-a-GCST90018926,TRUE,reported,igd,2,1,TRUE
53,rs141330165,T,C,T,C,-0.1202,-0.0027,0.0560573,0.0561346,FALSE,FALSE,FALSE,CKD,4,85299808,0.0491,482858,0.9563,Chronic renal failure || id:ebi-a-GCST90018822,Chronic renal failure,Chronic renal failure ||  || ,TRUE,igd,4,85299808,0.0168,8.51E-13,490089,Diabetes,Type 2 diabetes || id:ebi-a-GCST90018926,TRUE,reported,igd,2,1,TRUE
54,rs142682088,A,G,A,G,-0.1263,-0.038,0.0401343,0.0401777,FALSE,FALSE,FALSE,CKD,22,30170655,0.0404,482858,0.3466,Chronic renal failure || id:ebi-a-GCST90018822,Chronic renal failure,Chronic renal failure ||  || ,TRUE,igd,22,30170655,0.0217,6.02E-09,490089,Diabetes,Type 2 diabetes || id:ebi-a-GCST90018926,TRUE,reported,igd,2,1,TRUE
55,rs143708136,T,C,T,C,0.2321,0.0502,0.0116967,0.0116626,FALSE,FALSE,FALSE,CKD,16,12185129,0.0737,482858,0.496,Chronic renal failure || id:ebi-a-GCST90018822,Chronic renal failure,Chronic renal failure ||  || ,TRUE,igd,16,12185129,0.042,3.20E-08,490089,Diabetes,Type 2 diabetes || id:ebi-a-GCST90018926,TRUE,reported,igd,2,1,TRUE
56,rs146733600,T,C,T,C,0.1974,0.0148,0.0153401,0.0154809,FALSE,FALSE,FALSE,CKD,6,32573760,0.0641,482858,0.8173,Chronic renal failure || id:ebi-a-GCST90018822,Chronic renal failure,Chronic renal failure ||  || ,TRUE,igd,6,32573760,0.036,4.13E-08,490089,Diabetes,Type 2 diabetes || id:ebi-a-GCST90018926,TRUE,reported,igd,2,1,TRUE
57,rs149336329,T,G,T,G,-0.1063,-0.0077,0.0459427,0.0459059,FALSE,FALSE,FALSE,CKD,15,52587740,0.0341,482858,0.8209,Chronic renal failure || id:ebi-a-GCST90018822,Chronic renal failure,Chronic renal failure ||  || ,TRUE,igd,15,52587740,0.0148,7.97E-13,490089,Diabetes,Type 2 diabetes || id:ebi-a-GCST90018926,TRUE,reported,igd,2,1,TRUE
58,rs1515104,A,T,A,T,0.0754,0.0224,0.719318,0.719741,FALSE,TRUE,FALSE,CKD,2,227092405,0.0158,482858,0.1579,Chronic renal failure || id:ebi-a-GCST90018822,Chronic renal failure,Chronic renal failure ||  || ,TRUE,igd,2,227092405,0.0078,6.57E-22,490089,Diabetes,Type 2 diabetes || id:ebi-a-GCST90018926,TRUE,reported,igd,2,1,TRUE
59,rs1567353,G,C,G,C,0.0403,-0.0189,0.340343,0.340616,FALSE,TRUE,FALSE,CKD,9,1033773,0.015,482858,0.2087,Chronic renal failure || id:ebi-a-GCST90018822,Chronic renal failure,Chronic renal failure ||  || ,TRUE,igd,9,1033773,0.0065,7.25E-10,490089,Diabetes,Type 2 diabetes || id:ebi-a-GCST90018926,TRUE,reported,igd,2,1,TRUE
60,rs1574285,T,G,T,G,-0.065,-0.0088,0.583008,0.582665,FALSE,FALSE,FALSE,CKD,9,4283137,0.0143,482858,0.5371,Chronic renal failure || id:ebi-a-GCST90018822,Chronic renal failure,Chronic renal failure ||  || ,TRUE,igd,9,4283137,0.0063,1.17E-24,490089,Diabetes,Type 2 diabetes || id:ebi-a-GCST90018926,TRUE,reported,igd,2,1,TRUE
61,rs16858462,C,G,C,G,0.0738,-0.002,0.0525964,0.0530908,FALSE,TRUE,FALSE,CKD,2,218783532,0.0401,482858,0.9604,Chronic renal failure || id:ebi-a-GCST90018822,Chronic renal failure,Chronic renal failure ||  || ,TRUE,igd,2,218783532,0.0134,3.58E-08,490089,Diabetes,Type 2 diabetes || id:ebi-a-GCST90018926,TRUE,reported,igd,2,1,TRUE
62,rs17036160,T,C,T,C,-0.1092,-0.027,0.105331,0.105373,FALSE,FALSE,FALSE,CKD,3,12329783,0.0227,482858,0.2346,Chronic renal failure || id:ebi-a-GCST90018822,Chronic renal failure,Chronic renal failure ||  || ,TRUE,igd,3,12329783,0.0112,1.73E-22,490089,Diabetes,Type 2 diabetes || id:ebi-a-GCST90018926,TRUE,reported,igd,2,1,TRUE
63,rs1707498,A,C,A,C,-0.0499,-0.0199,0.449132,0.449233,FALSE,FALSE,FALSE,CKD,12,71478626,0.0142,482858,0.16,Chronic renal failure || id:ebi-a-GCST90018822,Chronic renal failure,Chronic renal failure ||  || ,TRUE,igd,12,71478626,0.0063,1.47E-15,490089,Diabetes,Type 2 diabetes || id:ebi-a-GCST90018926,TRUE,reported,igd,2,1,TRUE
64,rs17101591,T,C,T,C,-0.0683,-0.0052,0.0577437,0.0581039,FALSE,FALSE,FALSE,CKD,10,122947203,0.0346,482858,0.8808,Chronic renal failure || id:ebi-a-GCST90018822,Chronic renal failure,Chronic renal failure ||  || ,TRUE,igd,10,122947203,0.0114,2.41E-09,490089,Diabetes,Type 2 diabetes || id:ebi-a-GCST90018926,TRUE,reported,igd,2,1,TRUE
65,rs17168486,T,C,T,C,0.0626,0.0281,0.238504,0.239068,FALSE,FALSE,FALSE,CKD,7,14898282,0.0173,482858,0.105,Chronic renal failure || id:ebi-a-GCST90018822,Chronic renal failure,Chronic renal failure ||  || ,TRUE,igd,7,14898282,0.0071,1.57E-18,490089,Diabetes,Type 2 diabetes || id:ebi-a-GCST90018926,TRUE,reported,igd,2,1,TRUE
66,rs17496664,T,C,T,C,-0.0468,-0.0117,0.277089,0.276107,FALSE,FALSE,FALSE,CKD,6,76199697,0.0162,482858,0.468,Chronic renal failure || id:ebi-a-GCST90018822,Chronic renal failure,Chronic renal failure ||  || ,TRUE,igd,6,76199697,0.0085,3.66E-08,490089,Diabetes,Type 2 diabetes || id:ebi-a-GCST90018926,TRUE,reported,igd,2,1,TRUE
67,rs1776899,A,G,A,G,0.0899,0.001,0.943992,0.943914,FALSE,FALSE,FALSE,CKD,6,34193230,0.033,482858,0.9756,Chronic renal failure || id:ebi-a-GCST90018822,Chronic renal failure,Chronic renal failure ||  || ,TRUE,igd,6,34193230,0.012,7.64E-14,490089,Diabetes,Type 2 diabetes || id:ebi-a-GCST90018926,TRUE,reported,igd,2,1,TRUE
68,rs1794138,G,T,G,T,-0.0449,0.009,0.516893,0.516911,FALSE,FALSE,FALSE,CKD,11,49910841,0.0197,482858,0.649,Chronic renal failure || id:ebi-a-GCST90018822,Chronic renal failure,Chronic renal failure ||  || ,TRUE,igd,11,49910841,0.0078,6.93E-09,490089,Diabetes,Type 2 diabetes || id:ebi-a-GCST90018926,TRUE,reported,igd,2,1,TRUE
69,rs1861410,T,C,T,C,-0.0372,-0.023,0.573342,0.573573,FALSE,FALSE,FALSE,CKD,2,58933591,0.0143,482858,0.1074,Chronic renal failure || id:ebi-a-GCST90018822,Chronic renal failure,Chronic renal failure ||  || ,TRUE,igd,2,58933591,0.0064,4.67E-09,490089,Diabetes,Type 2 diabetes || id:ebi-a-GCST90018926,TRUE,reported,igd,2,1,TRUE
70,rs192749,A,T,A,T,0.0497,0.0234,0.163087,0.162808,FALSE,TRUE,FALSE,CKD,13,26783757,0.0189,482858,0.2159,Chronic renal failure || id:ebi-a-GCST90018822,Chronic renal failure,Chronic renal failure ||  || ,TRUE,igd,13,26783757,0.0087,1.37E-08,490089,Diabetes,Type 2 diabetes || id:ebi-a-GCST90018926,TRUE,reported,igd,2,1,TRUE
71,rs1966265,A,G,A,G,-0.0465,0.0028,0.322278,0.322809,FALSE,FALSE,FALSE,CKD,5,176516631,0.0159,482858,0.8583,Chronic renal failure || id:ebi-a-GCST90018822,Chronic renal failure,Chronic renal failure ||  || ,TRUE,igd,5,176516631,0.0068,6.92E-12,490089,Diabetes,Type 2 diabetes || id:ebi-a-GCST90018926,TRUE,reported,igd,2,1,TRUE
72,rs1977832,T,G,T,G,-0.1118,-0.0134,0.502983,0.503625,FALSE,FALSE,FALSE,CKD,10,94463779,0.0145,482858,0.3535,Chronic renal failure || id:ebi-a-GCST90018822,Chronic renal failure,Chronic renal failure ||  || ,TRUE,igd,10,94463779,0.0065,2.73E-65,490089,Diabetes,Type 2 diabetes || id:ebi-a-GCST90018926,TRUE,reported,igd,2,1,TRUE
73,rs2010825,C,T,C,T,0.0411,0.0208,0.519789,0.52012,FALSE,FALSE,FALSE,CKD,7,44188220,0.0142,482858,0.1446,Chronic renal failure || id:ebi-a-GCST90018822,Chronic renal failure,Chronic renal failure ||  || ,TRUE,igd,7,44188220,0.0063,8.62E-11,490089,Diabetes,Type 2 diabetes || id:ebi-a-GCST90018926,TRUE,reported,igd,2,1,TRUE
74,rs2034761,G,T,G,T,-0.0375,-0.014,0.429369,0.42946,FALSE,FALSE,FALSE,CKD,2,234364426,0.0143,482858,0.3281,Chronic renal failure || id:ebi-a-GCST90018822,Chronic renal failure,Chronic renal failure ||  || ,TRUE,igd,2,234364426,0.0063,3.29E-09,490089,Diabetes,Type 2 diabetes || id:ebi-a-GCST90018926,TRUE,reported,igd,2,1,TRUE
75,rs2115107,A,G,A,G,0.0451,0.0132,0.372125,0.372032,FALSE,FALSE,FALSE,CKD,19,7968168,0.0146,482858,0.3642,Chronic renal failure || id:ebi-a-GCST90018822,Chronic renal failure,Chronic renal failure ||  || ,TRUE,igd,19,7968168,0.0065,4.70E-12,490089,Diabetes,Type 2 diabetes || id:ebi-a-GCST90018926,TRUE,reported,igd,2,1,TRUE
76,rs2237897,T,C,T,C,-0.2678,-0.103,0.249812,0.248774,FALSE,FALSE,FALSE,CKD,11,2858546,0.0286,482858,0.0003094,Chronic renal failure || id:ebi-a-GCST90018822,Chronic renal failure,Chronic renal failure ||  || ,TRUE,igd,11,2858546,0.009,1.24E-196,490089,Diabetes,Type 2 diabetes || id:ebi-a-GCST90018926,TRUE,reported,igd,2,1,TRUE
77,rs2270162,G,C,G,C,0.0683,0.0188,0.0724056,0.0726837,FALSE,TRUE,FALSE,CKD,7,69061966,0.0293,482858,0.521601,Chronic renal failure || id:ebi-a-GCST90018822,Chronic renal failure,Chronic renal failure ||  || ,TRUE,igd,7,69061966,0.0107,2.10E-10,490089,Diabetes,Type 2 diabetes || id:ebi-a-GCST90018926,TRUE,reported,igd,2,1,TRUE
78,rs2382249,G,A,G,A,-0.0465,-0.0191,0.217601,0.218726,FALSE,FALSE,FALSE,CKD,2,149515723,0.0206,482858,0.3529,Chronic renal failure || id:ebi-a-GCST90018822,Chronic renal failure,Chronic renal failure ||  || ,TRUE,igd,2,149515723,0.0082,1.28E-08,490089,Diabetes,Type 2 diabetes || id:ebi-a-GCST90018926,TRUE,reported,igd,2,1,TRUE
79,rs2578011,T,C,T,C,-0.0693,0.0085,0.204526,0.205166,FALSE,FALSE,FALSE,CKD,3,64004819,0.0182,482858,0.643,Chronic renal failure || id:ebi-a-GCST90018822,Chronic renal failure,Chronic renal failure ||  || ,TRUE,igd,3,64004819,0.0074,1.06E-20,490089,Diabetes,Type 2 diabetes || id:ebi-a-GCST90018926,TRUE,reported,igd,2,1,TRUE
80,rs2583938,A,T,A,T,0.0692,0.0475,0.185271,0.185641,FALSE,TRUE,FALSE,CKD,12,66215214,0.0191,482858,0.0130701,Chronic renal failure || id:ebi-a-GCST90018822,Chronic renal failure,Chronic renal failure ||  || ,TRUE,igd,12,66215214,0.0077,2.96E-19,490089,Diabetes,Type 2 diabetes || id:ebi-a-GCST90018926,TRUE,reported,igd,2,1,TRUE
81,rs2648731,A,G,A,G,0.0647,-0.0103,0.240353,0.240476,FALSE,FALSE,FALSE,CKD,5,52072194,0.0167,482858,0.5366,Chronic renal failure || id:ebi-a-GCST90018822,Chronic renal failure,Chronic renal failure ||  || ,TRUE,igd,5,52072194,0.0072,3.47E-19,490089,Diabetes,Type 2 diabetes || id:ebi-a-GCST90018926,TRUE,reported,igd,2,1,TRUE
82,rs2706710,T,C,T,C,0.0495,-0.0248,0.161364,0.16122,FALSE,FALSE,FALSE,CKD,17,65641651,0.0191,482858,0.1944,Chronic renal failure || id:ebi-a-GCST90018822,Chronic renal failure,Chronic renal failure ||  || ,TRUE,igd,17,65641651,0.0088,1.96E-08,490089,Diabetes,Type 2 diabetes || id:ebi-a-GCST90018926,TRUE,reported,igd,2,1,TRUE
83,rs2796441,A,G,A,G,-0.0679,0.0155,0.472771,0.473171,FALSE,FALSE,FALSE,CKD,9,84308948,0.0143,482858,0.2761,Chronic renal failure || id:ebi-a-GCST90018822,Chronic renal failure,Chronic renal failure ||  || ,TRUE,igd,9,84308948,0.0063,1.11E-26,490089,Diabetes,Type 2 diabetes || id:ebi-a-GCST90018926,TRUE,reported,igd,2,1,TRUE
84,rs2815625,A,C,A,C,0.0348,0.0017,0.453483,0.453832,FALSE,FALSE,FALSE,CKD,10,12598322,0.0143,482858,0.9078,Chronic renal failure || id:ebi-a-GCST90018822,Chronic renal failure,Chronic renal failure ||  || ,TRUE,igd,10,12598322,0.0063,3.50E-08,490089,Diabetes,Type 2 diabetes || id:ebi-a-GCST90018926,TRUE,reported,igd,2,1,TRUE
85,rs28375915,A,G,A,G,-0.0498,-0.0126,0.476839,0.476501,FALSE,FALSE,FALSE,CKD,22,50354255,0.0167,482858,0.4518,Chronic renal failure || id:ebi-a-GCST90018822,Chronic renal failure,Chronic renal failure ||  || ,TRUE,igd,22,50354255,0.0077,1.21E-10,490089,Diabetes,Type 2 diabetes || id:ebi-a-GCST90018926,TRUE,reported,igd,2,1,TRUE
86,rs28637955,G,A,G,A,-0.067,-0.022,0.373478,0.373485,FALSE,FALSE,FALSE,CKD,20,62447327,0.0189,482858,0.2446,Chronic renal failure || id:ebi-a-GCST90018822,Chronic renal failure,Chronic renal failure ||  || ,TRUE,igd,20,62447327,0.0118,1.31E-08,490089,Diabetes,Type 2 diabetes || id:ebi-a-GCST90018926,TRUE,reported,igd,2,1,TRUE
87,rs28642213,G,A,G,A,0.1006,0.0072,0.773252,0.773309,FALSE,FALSE,FALSE,CKD,9,139248082,0.0168,482858,0.6698,Chronic renal failure || id:ebi-a-GCST90018822,Chronic renal failure,Chronic renal failure ||  || ,TRUE,igd,9,139248082,0.0079,3.80E-37,490089,Diabetes,Type 2 diabetes || id:ebi-a-GCST90018926,TRUE,reported,igd,2,1,TRUE
88,rs3110641,G,A,G,A,0.0598,0.0121,0.76149,0.761359,FALSE,FALSE,FALSE,CKD,17,36047417,0.0168,482858,0.4715,Chronic renal failure || id:ebi-a-GCST90018822,Chronic renal failure,Chronic renal failure ||  || ,TRUE,igd,17,36047417,0.0072,1.34E-16,490089,Diabetes,Type 2 diabetes || id:ebi-a-GCST90018926,TRUE,reported,igd,2,1,TRUE
89,rs340874,C,T,C,T,0.0535,0.0324,0.493303,0.492412,FALSE,FALSE,FALSE,CKD,1,214159256,0.0142,482858,0.0230898,Chronic renal failure || id:ebi-a-GCST90018822,Chronic renal failure,Chronic renal failure ||  || ,TRUE,igd,1,214159256,0.0063,3.51E-17,490089,Diabetes,Type 2 diabetes || id:ebi-a-GCST90018926,TRUE,reported,igd,2,1,TRUE
90,rs348330,A,G,A,G,-0.0539,-0.0254,0.543403,0.542833,FALSE,FALSE,FALSE,CKD,1,229672955,0.015,482858,0.0908992,Chronic renal failure || id:ebi-a-GCST90018822,Chronic renal failure,Chronic renal failure ||  || ,TRUE,igd,1,229672955,0.0068,3.36E-15,490089,Diabetes,Type 2 diabetes || id:ebi-a-GCST90018926,TRUE,reported,igd,2,1,TRUE
91,rs34872471,C,T,C,T,0.2972,0.0273,0.207525,0.206705,FALSE,FALSE,FALSE,CKD,10,114754071,0.0174,482858,0.1155,Chronic renal failure || id:ebi-a-GCST90018822,Chronic renal failure,Chronic renal failure ||  || ,TRUE,igd,10,114754071,0.0091,1.00E-200,490089,Diabetes,Type 2 diabetes || id:ebi-a-GCST90018926,TRUE,reported,igd,2,1,TRUE
92,rs35352848,C,T,C,T,-0.0881,-0.0196,0.213447,0.213761,FALSE,FALSE,FALSE,CKD,3,23455582,0.0172,482858,0.2552,Chronic renal failure || id:ebi-a-GCST90018822,Chronic renal failure,Chronic renal failure ||  || ,TRUE,igd,3,23455582,0.0078,1.36E-29,490089,Diabetes,Type 2 diabetes || id:ebi-a-GCST90018926,TRUE,reported,igd,2,1,TRUE
93,rs35385487,G,A,G,A,-0.076,0.0073,0.11622,0.116936,FALSE,FALSE,FALSE,CKD,4,1286339,0.0267,482858,0.783401,Chronic renal failure || id:ebi-a-GCST90018822,Chronic renal failure,Chronic renal failure ||  || ,TRUE,igd,4,1286339,0.0089,1.47E-17,490089,Diabetes,Type 2 diabetes || id:ebi-a-GCST90018926,TRUE,reported,igd,2,1,TRUE
94,rs35473599,A,G,A,G,0.0553,0.0261,0.182945,0.182275,FALSE,FALSE,FALSE,CKD,7,74088893,0.0181,482858,0.1498,Chronic renal failure || id:ebi-a-GCST90018822,Chronic renal failure,Chronic renal failure ||  || ,TRUE,igd,7,74088893,0.0093,2.67E-09,490089,Diabetes,Type 2 diabetes || id:ebi-a-GCST90018926,TRUE,reported,igd,2,1,TRUE
95,rs35895680,A,C,A,C,-0.0584,-0.033,0.24391,0.243363,FALSE,FALSE,FALSE,CKD,17,47060322,0.0167,482858,0.0481205,Chronic renal failure || id:ebi-a-GCST90018822,Chronic renal failure,Chronic renal failure ||  || ,TRUE,igd,17,47060322,0.0087,2.44E-11,490089,Diabetes,Type 2 diabetes || id:ebi-a-GCST90018926,TRUE,reported,igd,2,1,TRUE
96,rs35917376,A,T,A,T,0.0428,0.001,0.717917,0.717798,FALSE,TRUE,FALSE,CKD,15,75595357,0.0165,482858,0.9502,Chronic renal failure || id:ebi-a-GCST90018822,Chronic renal failure,Chronic renal failure ||  || ,TRUE,igd,15,75595357,0.0072,2.86E-09,490089,Diabetes,Type 2 diabetes || id:ebi-a-GCST90018926,TRUE,reported,igd,2,1,TRUE
97,rs3743140,A,G,A,G,0.0623,0.0034,0.152268,0.152686,FALSE,FALSE,FALSE,CKD,15,40616742,0.0206,482858,0.869,Chronic renal failure || id:ebi-a-GCST90018822,Chronic renal failure,Chronic renal failure ||  || ,TRUE,igd,15,40616742,0.0082,3.84E-14,490089,Diabetes,Type 2 diabetes || id:ebi-a-GCST90018926,TRUE,reported,igd,2,1,TRUE
98,rs3751297,A,G,A,G,0.052,-0.0143,0.241048,0.240775,FALSE,FALSE,FALSE,CKD,12,133088165,0.0167,482858,0.3929,Chronic renal failure || id:ebi-a-GCST90018822,Chronic renal failure,Chronic renal failure ||  || ,TRUE,igd,12,133088165,0.0081,1.17E-10,490089,Diabetes,Type 2 diabetes || id:ebi-a-GCST90018926,TRUE,reported,igd,2,1,TRUE
99,rs3764002,T,C,T,C,-0.0475,-0.0261,0.337603,0.338283,FALSE,FALSE,FALSE,CKD,12,108618630,0.0153,482858,0.0880197,Chronic renal failure || id:ebi-a-GCST90018822,Chronic renal failure,Chronic renal failure ||  || ,TRUE,igd,12,108618630,0.0065,3.89E-13,490089,Diabetes,Type 2 diabetes || id:ebi-a-GCST90018926,TRUE,reported,igd,2,1,TRUE
100,rs3837333,CT,C,CT,C,0.0631,-0.0062,0.123884,0.124387,FALSE,FALSE,FALSE,CKD,10,94253183,0.025,482858,0.8053,Chronic renal failure || id:ebi-a-GCST90018822,Chronic renal failure,Chronic renal failure ||  || ,TRUE,igd,10,94253183,0.0099,2.06E-10,490089,Diabetes,Type 2 diabetes || id:ebi-a-GCST90018926,TRUE,reported,igd,2,1,TRUE
101,rs3837848,AT,A,AT,A,-0.0446,0.0038,0.459309,0.458637,FALSE,FALSE,FALSE,CKD,17,29647358,0.0162,482858,0.8131,Chronic renal failure || id:ebi-a-GCST90018822,Chronic renal failure,Chronic renal failure ||  || ,TRUE,igd,17,29647358,0.0076,3.63E-09,490089,Diabetes,Type 2 diabetes || id:ebi-a-GCST90018926,TRUE,reported,igd,2,1,TRUE
102,rs3887925,T,C,T,C,0.053,-0.0229,0.49964,0.499103,FALSE,FALSE,FALSE,CKD,3,186665645,0.0142,482858,0.1065,Chronic renal failure || id:ebi-a-GCST90018822,Chronic renal failure,Chronic renal failure ||  || ,TRUE,igd,3,186665645,0.0063,3.30E-17,490089,Diabetes,Type 2 diabetes || id:ebi-a-GCST90018926,TRUE,reported,igd,2,1,TRUE
103,rs3918296,G,C,G,C,-0.1776,-0.0626,0.0192566,0.0191459,FALSE,TRUE,FALSE,CKD,11,69459036,0.0512,482858,0.2215,Chronic renal failure || id:ebi-a-GCST90018822,Chronic renal failure,Chronic renal failure ||  || ,TRUE,igd,11,69459036,0.0252,1.74E-12,490089,Diabetes,Type 2 diabetes || id:ebi-a-GCST90018926,TRUE,reported,igd,2,1,TRUE
104,rs39254,T,G,T,G,0.0401,-0.0084,0.46123,0.460912,FALSE,FALSE,FALSE,CKD,7,89765708,0.0146,482858,0.5648,Chronic renal failure || id:ebi-a-GCST90018822,Chronic renal failure,Chronic renal failure ||  || ,TRUE,igd,7,89765708,0.0067,2.58E-09,490089,Diabetes,Type 2 diabetes || id:ebi-a-GCST90018926,TRUE,reported,igd,2,1,TRUE
105,rs392794,T,C,T,C,0.06,0.0148,0.659966,0.65912,FALSE,FALSE,FALSE,CKD,5,55808342,0.0154,482858,0.337,Chronic renal failure || id:ebi-a-GCST90018822,Chronic renal failure,Chronic renal failure ||  || ,TRUE,igd,5,55808342,0.0066,9.51E-20,490089,Diabetes,Type 2 diabetes || id:ebi-a-GCST90018926,TRUE,reported,igd,2,1,TRUE
106,rs406767,C,T,C,T,0.0824,0.0233,0.109092,0.109344,FALSE,FALSE,FALSE,CKD,1,120554048,0.0265,482858,0.3794,Chronic renal failure || id:ebi-a-GCST90018822,Chronic renal failure,Chronic renal failure ||  || ,TRUE,igd,1,120554048,0.0137,1.87E-09,490089,Diabetes,Type 2 diabetes || id:ebi-a-GCST90018926,TRUE,reported,igd,2,1,TRUE
107,rs4273712,G,A,G,A,0.0577,0.0028,0.320615,0.321018,FALSE,FALSE,FALSE,CKD,6,126964510,0.0155,482858,0.8557,Chronic renal failure || id:ebi-a-GCST90018822,Chronic renal failure,Chronic renal failure ||  || ,TRUE,igd,6,126964510,0.0066,2.98E-18,490089,Diabetes,Type 2 diabetes || id:ebi-a-GCST90018926,TRUE,reported,igd,2,1,TRUE
108,rs429358,C,T,C,T,-0.0739,-0.0143,0.14701,0.147031,FALSE,FALSE,FALSE,CKD,19,45411941,0.0199,482858,0.4743,Chronic renal failure || id:ebi-a-GCST90018822,Chronic renal failure,Chronic renal failure ||  || ,TRUE,igd,19,45411941,0.0092,1.02E-15,490089,Diabetes,Type 2 diabetes || id:ebi-a-GCST90018926,TRUE,reported,igd,2,1,TRUE
109,rs4517619,G,T,G,T,0.0395,0.0117,0.384609,0.385556,FALSE,FALSE,FALSE,CKD,12,24090004,0.016,482858,0.463,Chronic renal failure || id:ebi-a-GCST90018822,Chronic renal failure,Chronic renal failure ||  || ,TRUE,igd,12,24090004,0.007,2.05E-08,490089,Diabetes,Type 2 diabetes || id:ebi-a-GCST90018926,TRUE,reported,igd,2,1,TRUE
110,rs4632135,C,T,C,T,0.0832,0.0555,0.0339896,0.0340762,FALSE,FALSE,FALSE,CKD,16,20337884,0.041,482858,0.1753,Chronic renal failure || id:ebi-a-GCST90018822,Chronic renal failure,Chronic renal failure ||  || ,TRUE,igd,16,20337884,0.0152,4.76E-08,490089,Diabetes,Type 2 diabetes || id:ebi-a-GCST90018926,TRUE,reported,igd,2,1,TRUE
111,rs4731701,T,C,T,C,-0.0484,-0.0272,0.43764,0.437117,FALSE,FALSE,FALSE,CKD,7,130430930,0.0144,482858,0.0585194,Chronic renal failure || id:ebi-a-GCST90018822,Chronic renal failure,Chronic renal failure ||  || ,TRUE,igd,7,130430930,0.0065,1.31E-13,490089,Diabetes,Type 2 diabetes || id:ebi-a-GCST90018926,TRUE,reported,igd,2,1,TRUE
112,rs4854343,A,G,A,G,0.0688,0.0037,0.849205,0.849351,FALSE,FALSE,FALSE,CKD,2,638107,0.0194,482858,0.848,Chronic renal failure || id:ebi-a-GCST90018822,Chronic renal failure,Chronic renal failure ||  || ,TRUE,igd,2,638107,0.0091,5.22E-14,490089,Diabetes,Type 2 diabetes || id:ebi-a-GCST90018926,TRUE,reported,igd,2,1,TRUE
113,rs4901812,A,G,A,G,-0.0408,-0.008,0.333674,0.334197,FALSE,FALSE,FALSE,CKD,14,38800704,0.0157,482858,0.611899,Chronic renal failure || id:ebi-a-GCST90018822,Chronic renal failure,Chronic renal failure ||  || ,TRUE,igd,14,38800704,0.0067,1.09E-09,490089,Diabetes,Type 2 diabetes || id:ebi-a-GCST90018926,TRUE,reported,igd,2,1,TRUE
114,rs4930045,C,T,C,T,-0.0706,-0.012,0.705243,0.706177,FALSE,FALSE,FALSE,CKD,11,2196424,0.0157,482858,0.4449,Chronic renal failure || id:ebi-a-GCST90018822,Chronic renal failure,Chronic renal failure ||  || ,TRUE,igd,11,2196424,0.0079,2.76E-19,490089,Diabetes,Type 2 diabetes || id:ebi-a-GCST90018926,TRUE,reported,igd,2,1,TRUE
115,rs5215,T,C,T,C,-0.0623,-0.0073,0.616015,0.615457,FALSE,FALSE,FALSE,CKD,11,17408630,0.0145,482858,0.617,Chronic renal failure || id:ebi-a-GCST90018822,Chronic renal failure,Chronic renal failure ||  || ,TRUE,igd,11,17408630,0.0064,2.41E-22,490089,Diabetes,Type 2 diabetes || id:ebi-a-GCST90018926,TRUE,reported,igd,2,1,TRUE
116,rs543159,A,C,A,C,-0.0364,0.0026,0.427571,0.427338,FALSE,FALSE,FALSE,CKD,6,160776017,0.0144,482858,0.8544,Chronic renal failure || id:ebi-a-GCST90018822,Chronic renal failure,Chronic renal failure ||  || ,TRUE,igd,6,160776017,0.0065,2.39E-08,490089,Diabetes,Type 2 diabetes || id:ebi-a-GCST90018926,TRUE,reported,igd,2,1,TRUE
117,rs554833,T,C,T,C,0.0443,-0.0137,0.376316,0.377066,FALSE,FALSE,FALSE,CKD,9,136147160,0.0147,482858,0.3503,Chronic renal failure || id:ebi-a-GCST90018822,Chronic renal failure,Chronic renal failure ||  || ,TRUE,igd,9,136147160,0.0064,4.19E-12,490089,Diabetes,Type 2 diabetes || id:ebi-a-GCST90018926,TRUE,reported,igd,2,1,TRUE
118,rs56094641,G,A,G,A,0.1166,0.0607,0.352899,0.352615,FALSE,FALSE,FALSE,CKD,16,53806453,0.0148,482858,4.28E-05,Chronic renal failure || id:ebi-a-GCST90018822,Chronic renal failure,Chronic renal failure ||  || ,TRUE,igd,16,53806453,0.0069,2.23E-64,490089,Diabetes,Type 2 diabetes || id:ebi-a-GCST90018926,TRUE,reported,igd,2,1,TRUE
119,rs56218782,C,T,C,T,-0.039,-0.0272,0.312633,0.31262,FALSE,FALSE,FALSE,CKD,4,140893287,0.0152,482858,0.0731998,Chronic renal failure || id:ebi-a-GCST90018822,Chronic renal failure,Chronic renal failure ||  || ,TRUE,igd,4,140893287,0.0068,1.11E-08,490089,Diabetes,Type 2 diabetes || id:ebi-a-GCST90018926,TRUE,reported,igd,2,1,TRUE
120,rs56348580,C,G,C,G,-0.0631,-0.0164,0.301336,0.301247,FALSE,TRUE,FALSE,CKD,12,121432117,0.0172,482858,0.3393,Chronic renal failure || id:ebi-a-GCST90018822,Chronic renal failure,Chronic renal failure ||  || ,TRUE,igd,12,121432117,0.0093,1.41E-11,490089,Diabetes,Type 2 diabetes || id:ebi-a-GCST90018926,TRUE,reported,igd,2,1,TRUE
121,rs576674,A,G,A,G,-0.0802,0.0102,0.856359,0.856761,FALSE,FALSE,FALSE,CKD,13,33554302,0.0199,482858,0.6086,Chronic renal failure || id:ebi-a-GCST90018822,Chronic renal failure,Chronic renal failure ||  || ,TRUE,igd,13,33554302,0.0091,1.72E-18,490089,Diabetes,Type 2 diabetes || id:ebi-a-GCST90018926,TRUE,reported,igd,2,1,TRUE
122,rs58090211,A,C,A,C,-0.0807,-0.0186,0.0766814,0.0763968,FALSE,FALSE,FALSE,CKD,11,35433712,0.0445,482858,0.676,Chronic renal failure || id:ebi-a-GCST90018822,Chronic renal failure,Chronic renal failure ||  || ,TRUE,igd,11,35433712,0.0136,2.61E-09,490089,Diabetes,Type 2 diabetes || id:ebi-a-GCST90018926,TRUE,reported,igd,2,1,TRUE
123,rs5855072,TA,T,TA,T,0.126,0.0384,0.318578,0.318551,FALSE,FALSE,FALSE,CKD,3,185497552,0.0152,482858,0.0114301,Chronic renal failure || id:ebi-a-GCST90018822,Chronic renal failure,Chronic renal failure ||  || ,TRUE,igd,3,185497552,0.0067,3.08E-79,490089,Diabetes,Type 2 diabetes || id:ebi-a-GCST90018926,TRUE,reported,igd,2,1,TRUE
124,rs62262091,T,C,T,C,0.0876,0.0466,0.0970158,0.0969596,FALSE,FALSE,FALSE,CKD,3,47693664,0.028,482858,0.095801,Chronic renal failure || id:ebi-a-GCST90018822,Chronic renal failure,Chronic renal failure ||  || ,TRUE,igd,3,47693664,0.0148,2.95E-09,490089,Diabetes,Type 2 diabetes || id:ebi-a-GCST90018926,TRUE,reported,igd,2,1,TRUE
125,rs62319060,C,T,C,T,0.0371,0.0369,0.470491,0.471315,FALSE,FALSE,FALSE,CKD,4,96145415,0.0147,482858,0.0120401,Chronic renal failure || id:ebi-a-GCST90018822,Chronic renal failure,Chronic renal failure ||  || ,TRUE,igd,4,96145415,0.0066,1.95E-08,490089,Diabetes,Type 2 diabetes || id:ebi-a-GCST90018926,TRUE,reported,igd,2,1,TRUE
126,rs62405419,T,G,T,G,0.0565,0.0262,0.156975,0.157215,FALSE,FALSE,FALSE,CKD,6,50787459,0.0203,482858,0.1973,Chronic renal failure || id:ebi-a-GCST90018822,Chronic renal failure,Chronic renal failure ||  || ,TRUE,igd,6,50787459,0.0082,4.60E-12,490089,Diabetes,Type 2 diabetes || id:ebi-a-GCST90018926,TRUE,reported,igd,2,1,TRUE
127,rs62508166,A,G,A,G,-0.1018,0.0045,0.178231,0.178037,FALSE,FALSE,FALSE,CKD,8,41537318,0.0186,482858,0.8093,Chronic renal failure || id:ebi-a-GCST90018822,Chronic renal failure,Chronic renal failure ||  || ,TRUE,igd,8,41537318,0.0085,1.01E-32,490089,Diabetes,Type 2 diabetes || id:ebi-a-GCST90018926,TRUE,reported,igd,2,1,TRUE
128,rs633715,C,T,C,T,0.0491,0.0609,0.218583,0.218557,FALSE,FALSE,FALSE,CKD,1,177852580,0.017,482858,0.000344398,Chronic renal failure || id:ebi-a-GCST90018822,Chronic renal failure,Chronic renal failure ||  || ,TRUE,igd,1,177852580,0.0075,5.66E-11,490089,Diabetes,Type 2 diabetes || id:ebi-a-GCST90018926,TRUE,reported,igd,2,1,TRUE
129,rs6438138,T,A,T,A,0.041,0.0446,0.306114,0.307135,FALSE,TRUE,FALSE,CKD,3,113026691,0.016,482858,0.00525303,Chronic renal failure || id:ebi-a-GCST90018822,Chronic renal failure,Chronic renal failure ||  || ,TRUE,igd,3,113026691,0.0067,9.51E-10,490089,Diabetes,Type 2 diabetes || id:ebi-a-GCST90018926,TRUE,reported,igd,2,1,TRUE
130,rs6453133,G,A,G,A,-0.0438,-0.0288,0.357642,0.358224,FALSE,FALSE,FALSE,CKD,5,74692776,0.0151,482858,0.05582,Chronic renal failure || id:ebi-a-GCST90018822,Chronic renal failure,Chronic renal failure ||  || ,TRUE,igd,5,74692776,0.0065,1.56E-11,490089,Diabetes,Type 2 diabetes || id:ebi-a-GCST90018926,TRUE,reported,igd,2,1,TRUE
131,rs6496742,T,C,T,C,0.0582,0.0041,0.303172,0.303697,FALSE,FALSE,FALSE,CKD,15,91523036,0.0159,482858,0.7959,Chronic renal failure || id:ebi-a-GCST90018822,Chronic renal failure,Chronic renal failure ||  || ,TRUE,igd,15,91523036,0.0067,5.76E-18,490089,Diabetes,Type 2 diabetes || id:ebi-a-GCST90018926,TRUE,reported,igd,2,1,TRUE
132,rs6554060,G,A,G,A,0.0366,0.004,0.376916,0.377523,FALSE,FALSE,FALSE,CKD,4,52776901,0.0153,482858,0.7956,Chronic renal failure || id:ebi-a-GCST90018822,Chronic renal failure,Chronic renal failure ||  || ,TRUE,igd,4,52776901,0.0066,3.59E-08,490089,Diabetes,Type 2 diabetes || id:ebi-a-GCST90018926,TRUE,reported,igd,2,1,TRUE
133,rs6567160,C,T,C,T,0.0785,0.033,0.218731,0.218588,FALSE,FALSE,FALSE,CKD,18,57829135,0.017,482858,0.0516297,Chronic renal failure || id:ebi-a-GCST90018822,Chronic renal failure,Chronic renal failure ||  || ,TRUE,igd,18,57829135,0.0076,4.88E-25,490089,Diabetes,Type 2 diabetes || id:ebi-a-GCST90018926,TRUE,reported,igd,2,1,TRUE
134,rs6813195,T,C,T,C,-0.062,-0.0258,0.353285,0.353972,FALSE,FALSE,FALSE,CKD,4,153520475,0.0154,482858,0.0932911,Chronic renal failure || id:ebi-a-GCST90018822,Chronic renal failure,Chronic renal failure ||  || ,TRUE,igd,4,153520475,0.0066,4.38E-21,490089,Diabetes,Type 2 diabetes || id:ebi-a-GCST90018926,TRUE,reported,igd,2,1,TRUE
135,rs6853272,T,C,T,C,-0.0718,-0.0392,0.923642,0.923302,FALSE,FALSE,FALSE,CKD,4,71735967,0.0299,482858,0.1894,Chronic renal failure || id:ebi-a-GCST90018822,Chronic renal failure,Chronic renal failure ||  || ,TRUE,igd,4,71735967,0.0103,3.84E-12,490089,Diabetes,Type 2 diabetes || id:ebi-a-GCST90018926,TRUE,reported,igd,2,1,TRUE
136,rs6878122,A,G,A,G,-0.0547,0.0153,0.778957,0.779804,FALSE,FALSE,FALSE,CKD,5,76427311,0.0171,482858,0.371,Chronic renal failure || id:ebi-a-GCST90018822,Chronic renal failure,Chronic renal failure ||  || ,TRUE,igd,5,76427311,0.0092,2.46E-09,490089,Diabetes,Type 2 diabetes || id:ebi-a-GCST90018926,TRUE,reported,igd,2,1,TRUE
137,rs6885132,G,C,G,C,-0.0449,-0.0143,0.195176,0.19582,FALSE,TRUE,FALSE,CKD,5,14768092,0.0201,482858,0.4762,Chronic renal failure || id:ebi-a-GCST90018822,Chronic renal failure,Chronic renal failure ||  || ,TRUE,igd,5,14768092,0.0077,5.18E-09,490089,Diabetes,Type 2 diabetes || id:ebi-a-GCST90018926,TRUE,reported,igd,2,1,TRUE
138,rs6919504,G,A,G,A,0.0625,-0.0299,0.0677522,0.0679711,FALSE,FALSE,FALSE,CKD,6,156976650,0.0306,482858,0.3286,Chronic renal failure || id:ebi-a-GCST90018822,Chronic renal failure,Chronic renal failure ||  || ,TRUE,igd,6,156976650,0.0111,1.68E-08,490089,Diabetes,Type 2 diabetes || id:ebi-a-GCST90018926,TRUE,reported,igd,2,1,TRUE
139,rs6985028,A,G,A,G,-0.0408,-0.0439,0.656712,0.657604,FALSE,FALSE,FALSE,CKD,8,30822094,0.0151,482858,0.003697,Chronic renal failure || id:ebi-a-GCST90018822,Chronic renal failure,Chronic renal failure ||  || ,TRUE,igd,8,30822094,0.0073,2.82E-08,490089,Diabetes,Type 2 diabetes || id:ebi-a-GCST90018926,TRUE,reported,igd,2,1,TRUE
140,rs7030811,A,T,A,T,-0.0944,0.0392,0.0395381,0.0395435,FALSE,TRUE,FALSE,CKD,9,22288140,0.0371,482858,0.2915,Chronic renal failure || id:ebi-a-GCST90018822,Chronic renal failure,Chronic renal failure ||  || ,TRUE,igd,9,22288140,0.0151,4.09E-10,490089,Diabetes,Type 2 diabetes || id:ebi-a-GCST90018926,TRUE,reported,igd,2,1,TRUE
141,rs7132351,A,G,A,G,0.063,-0.0062,0.17439,0.174824,FALSE,FALSE,FALSE,CKD,12,118414926,0.0191,482858,0.7456,Chronic renal failure || id:ebi-a-GCST90018822,Chronic renal failure,Chronic renal failure ||  || ,TRUE,igd,12,118414926,0.0079,1.78E-15,490089,Diabetes,Type 2 diabetes || id:ebi-a-GCST90018926,TRUE,reported,igd,2,1,TRUE
142,rs7132908,A,G,A,G,0.0394,0.0068,0.358104,0.357897,FALSE,FALSE,FALSE,CKD,12,50263148,0.0147,482858,0.6418,Chronic renal failure || id:ebi-a-GCST90018822,Chronic renal failure,Chronic renal failure ||  || ,TRUE,igd,12,50263148,0.0066,2.63E-09,490089,Diabetes,Type 2 diabetes || id:ebi-a-GCST90018926,TRUE,reported,igd,2,1,TRUE
143,rs7141,A,G,A,G,-0.0357,-0.0224,0.6394,0.639204,FALSE,FALSE,FALSE,CKD,17,7614601,0.0149,482858,0.1315,Chronic renal failure || id:ebi-a-GCST90018822,Chronic renal failure,Chronic renal failure ||  || ,TRUE,igd,17,7614601,0.0065,3.75E-08,490089,Diabetes,Type 2 diabetes || id:ebi-a-GCST90018926,TRUE,reported,igd,2,1,TRUE
144,rs71424153,C,G,C,G,-0.0429,-0.0206,0.259162,0.259255,FALSE,TRUE,FALSE,CKD,2,65280894,0.0162,482858,0.2017,Chronic renal failure || id:ebi-a-GCST90018822,Chronic renal failure,Chronic renal failure ||  || ,TRUE,igd,2,65280894,0.007,9.23E-10,490089,Diabetes,Type 2 diabetes || id:ebi-a-GCST90018926,TRUE,reported,igd,2,1,TRUE
145,rs7172432,G,A,G,A,-0.0604,-0.0287,0.452818,0.45329,FALSE,FALSE,FALSE,CKD,15,62396389,0.0142,482858,0.0431599,Chronic renal failure || id:ebi-a-GCST90018822,Chronic renal failure,Chronic renal failure ||  || ,TRUE,igd,15,62396389,0.0063,8.28E-22,490089,Diabetes,Type 2 diabetes || id:ebi-a-GCST90018926,TRUE,reported,igd,2,1,TRUE
146,rs7250869,C,T,C,T,-0.0488,-0.018,0.628785,0.628311,FALSE,FALSE,FALSE,CKD,19,33887405,0.0149,482858,0.2279,Chronic renal failure || id:ebi-a-GCST90018822,Chronic renal failure,Chronic renal failure ||  || ,TRUE,igd,19,33887405,0.0065,5.17E-14,490089,Diabetes,Type 2 diabetes || id:ebi-a-GCST90018926,TRUE,reported,igd,2,1,TRUE
147,rs72640313,A,G,A,G,-0.0615,0.0093,0.116012,0.116,FALSE,FALSE,FALSE,CKD,13,91950181,0.0225,482858,0.6804,Chronic renal failure || id:ebi-a-GCST90018822,Chronic renal failure,Chronic renal failure ||  || ,TRUE,igd,13,91950181,0.0094,6.62E-11,490089,Diabetes,Type 2 diabetes || id:ebi-a-GCST90018926,TRUE,reported,igd,2,1,TRUE
148,rs72802365,C,G,C,G,-0.1168,-6.00E-04,0.0619909,0.0619558,FALSE,TRUE,FALSE,CKD,16,75246035,0.0286,482858,0.983,Chronic renal failure || id:ebi-a-GCST90018822,Chronic renal failure,Chronic renal failure ||  || ,TRUE,igd,16,75246035,0.0146,1.21E-15,490089,Diabetes,Type 2 diabetes || id:ebi-a-GCST90018926,TRUE,reported,igd,2,1,TRUE
149,rs72830608,T,G,T,G,0.0482,-0.0043,0.305978,0.306977,FALSE,FALSE,FALSE,CKD,6,20519120,0.0181,482858,0.8108,Chronic renal failure || id:ebi-a-GCST90018822,Chronic renal failure,Chronic renal failure ||  || ,TRUE,igd,6,20519120,0.0077,3.27E-10,490089,Diabetes,Type 2 diabetes || id:ebi-a-GCST90018926,TRUE,reported,igd,2,1,TRUE
150,rs72906810,G,A,G,A,-0.0876,-0.0163,0.0894907,0.0894354,FALSE,FALSE,FALSE,CKD,1,51457200,0.0275,482858,0.5518,Chronic renal failure || id:ebi-a-GCST90018822,Chronic renal failure,Chronic renal failure ||  || ,TRUE,igd,1,51457200,0.0124,1.97E-12,490089,Diabetes,Type 2 diabetes || id:ebi-a-GCST90018926,TRUE,reported,igd,2,1,TRUE
151,rs72951548,T,C,T,C,-0.0627,-0.0281,0.188488,0.188837,FALSE,FALSE,FALSE,CKD,6,118050841,0.0185,482858,0.1277,Chronic renal failure || id:ebi-a-GCST90018822,Chronic renal failure,Chronic renal failure ||  || ,TRUE,igd,6,118050841,0.0078,1.24E-15,490089,Diabetes,Type 2 diabetes || id:ebi-a-GCST90018926,TRUE,reported,igd,2,1,TRUE
152,rs72964564,C,A,C,A,-0.1004,-0.018,0.231426,0.230943,FALSE,FALSE,FALSE,CKD,3,123054770,0.0187,482858,0.3371,Chronic renal failure || id:ebi-a-GCST90018822,Chronic renal failure,Chronic renal failure ||  || ,TRUE,igd,3,123054770,0.0104,3.96E-22,490089,Diabetes,Type 2 diabetes || id:ebi-a-GCST90018926,TRUE,reported,igd,2,1,TRUE
153,rs73221113,A,G,A,G,0.0933,-0.01,0.039939,0.0400067,FALSE,FALSE,FALSE,CKD,4,718868,0.0361,482858,0.780601,Chronic renal failure || id:ebi-a-GCST90018822,Chronic renal failure,Chronic renal failure ||  || ,TRUE,igd,4,718868,0.016,6.13E-09,490089,Diabetes,Type 2 diabetes || id:ebi-a-GCST90018926,TRUE,reported,igd,2,1,TRUE
154,rs73347525,G,A,G,A,-0.0536,-0.0193,0.201505,0.201749,FALSE,FALSE,FALSE,CKD,14,101255172,0.0183,482858,0.2899,Chronic renal failure || id:ebi-a-GCST90018822,Chronic renal failure,Chronic renal failure ||  || ,TRUE,igd,14,101255172,0.008,2.48E-11,490089,Diabetes,Type 2 diabetes || id:ebi-a-GCST90018926,TRUE,reported,igd,2,1,TRUE
155,rs73410774,T,G,T,G,0.2125,0.0856,0.0374096,0.0381866,FALSE,FALSE,FALSE,CKD,6,32789739,0.0421,482858,0.04189,Chronic renal failure || id:ebi-a-GCST90018822,Chronic renal failure,Chronic renal failure ||  || ,TRUE,igd,6,32789739,0.0219,3.20E-22,490089,Diabetes,Type 2 diabetes || id:ebi-a-GCST90018926,TRUE,reported,igd,2,1,TRUE
156,rs74862545,T,C,T,C,-0.2052,-0.0375,0.0223105,0.0222897,FALSE,FALSE,FALSE,CKD,12,4365572,0.0541,482858,0.4885,Chronic renal failure || id:ebi-a-GCST90018822,Chronic renal failure,Chronic renal failure ||  || ,TRUE,igd,12,4365572,0.0301,9.97E-12,490089,Diabetes,Type 2 diabetes || id:ebi-a-GCST90018926,TRUE,reported,igd,2,1,TRUE
157,rs75418188,T,C,T,C,0.1337,-0.0078,0.0276409,0.0278338,FALSE,FALSE,FALSE,CKD,17,6945483,0.0478,482858,0.8709,Chronic renal failure || id:ebi-a-GCST90018822,Chronic renal failure,Chronic renal failure ||  || ,TRUE,igd,17,6945483,0.0157,1.66E-17,490089,Diabetes,Type 2 diabetes || id:ebi-a-GCST90018926,TRUE,reported,igd,2,1,TRUE
158,rs755249,T,C,T,C,0.0617,0.0328,0.217225,0.217126,FALSE,FALSE,FALSE,CKD,1,39995074,0.0171,482858,0.0549794,Chronic renal failure || id:ebi-a-GCST90018822,Chronic renal failure,Chronic renal failure ||  || ,TRUE,igd,1,39995074,0.0077,1.45E-15,490089,Diabetes,Type 2 diabetes || id:ebi-a-GCST90018926,TRUE,reported,igd,2,1,TRUE
159,rs75872811,G,A,G,A,-0.0727,0.016,0.0871287,0.0875446,FALSE,FALSE,FALSE,CKD,10,63732315,0.0261,482858,0.5392,Chronic renal failure || id:ebi-a-GCST90018822,Chronic renal failure,Chronic renal failure ||  || ,TRUE,igd,10,63732315,0.0102,1.03E-12,490089,Diabetes,Type 2 diabetes || id:ebi-a-GCST90018926,TRUE,reported,igd,2,1,TRUE
160,rs76177300,A,G,A,G,0.1309,0.0535,0.0551313,0.0551543,FALSE,FALSE,FALSE,CKD,5,102143311,0.0348,482858,0.1245,Chronic renal failure || id:ebi-a-GCST90018822,Chronic renal failure,Chronic renal failure ||  || ,TRUE,igd,5,102143311,0.0187,2.59E-12,490089,Diabetes,Type 2 diabetes || id:ebi-a-GCST90018926,TRUE,reported,igd,2,1,TRUE
161,rs76895963,G,T,G,T,-0.4582,-0.1758,0.023748,0.0238258,FALSE,FALSE,FALSE,CKD,12,4384844,0.0564,482858,0.00181401,Chronic renal failure || id:ebi-a-GCST90018822,Chronic renal failure,Chronic renal failure ||  || ,TRUE,igd,12,4384844,0.0303,8.22E-52,490089,Diabetes,Type 2 diabetes || id:ebi-a-GCST90018926,TRUE,reported,igd,2,1,TRUE
162,rs7741521,A,G,A,G,-0.0618,-0.0393,0.0717495,0.0719877,FALSE,FALSE,FALSE,CKD,6,31442748,0.0297,482858,0.1857,Chronic renal failure || id:ebi-a-GCST90018822,Chronic renal failure,Chronic renal failure ||  || ,TRUE,igd,6,31442748,0.011,2.11E-08,490089,Diabetes,Type 2 diabetes || id:ebi-a-GCST90018926,TRUE,reported,igd,2,1,TRUE
163,rs77464186,C,A,C,A,-0.1028,0.0138,0.141673,0.141682,FALSE,FALSE,FALSE,CKD,11,72460398,0.0202,482858,0.4957,Chronic renal failure || id:ebi-a-GCST90018822,Chronic renal failure,Chronic renal failure ||  || ,TRUE,igd,11,72460398,0.01,5.67E-25,490089,Diabetes,Type 2 diabetes || id:ebi-a-GCST90018926,TRUE,reported,igd,2,1,TRUE
164,rs7778167,A,G,A,G,0.0571,4.00E-04,0.216676,0.216284,FALSE,FALSE,FALSE,CKD,7,127851628,0.0172,482858,0.9802,Chronic renal failure || id:ebi-a-GCST90018822,Chronic renal failure,Chronic renal failure ||  || ,TRUE,igd,7,127851628,0.0082,4.22E-12,490089,Diabetes,Type 2 diabetes || id:ebi-a-GCST90018926,TRUE,reported,igd,2,1,TRUE
165,rs78470967,A,T,A,T,-0.1272,-0.0824,0.042318,0.0423167,FALSE,TRUE,FALSE,CKD,12,4521511,0.0397,482858,0.03819,Chronic renal failure || id:ebi-a-GCST90018822,Chronic renal failure,Chronic renal failure ||  || ,TRUE,igd,12,4521511,0.0217,4.70E-09,490089,Diabetes,Type 2 diabetes || id:ebi-a-GCST90018926,TRUE,reported,igd,2,1,TRUE
166,rs8043085,T,G,T,G,0.0457,-0.0042,0.301228,0.301694,FALSE,FALSE,FALSE,CKD,15,38828140,0.0161,482858,0.7953,Chronic renal failure || id:ebi-a-GCST90018822,Chronic renal failure,Chronic renal failure ||  || ,TRUE,igd,15,38828140,0.0068,1.84E-11,490089,Diabetes,Type 2 diabetes || id:ebi-a-GCST90018926,TRUE,reported,igd,2,1,TRUE
167,rs8100204,A,G,A,G,0.0552,0.0174,0.169058,0.169329,FALSE,FALSE,FALSE,CKD,19,19393714,0.0194,482858,0.3704,Chronic renal failure || id:ebi-a-GCST90018822,Chronic renal failure,Chronic renal failure ||  || ,TRUE,igd,19,19393714,0.0082,2.08E-11,490089,Diabetes,Type 2 diabetes || id:ebi-a-GCST90018926,TRUE,reported,igd,2,1,TRUE
168,rs8100562,T,C,T,C,0.0559,0.0447,0.170998,0.170713,FALSE,FALSE,FALSE,CKD,19,7241501,0.0187,482858,0.0167799,Chronic renal failure || id:ebi-a-GCST90018822,Chronic renal failure,Chronic renal failure ||  || ,TRUE,igd,19,7241501,0.0088,1.89E-10,490089,Diabetes,Type 2 diabetes || id:ebi-a-GCST90018926,TRUE,reported,igd,2,1,TRUE
169,rs860262,A,C,A,C,-0.0668,-0.0175,0.420673,0.420038,FALSE,FALSE,FALSE,CKD,7,28194397,0.0146,482858,0.2293,Chronic renal failure || id:ebi-a-GCST90018822,Chronic renal failure,Chronic renal failure ||  || ,TRUE,igd,7,28194397,0.0068,9.18E-23,490089,Diabetes,Type 2 diabetes || id:ebi-a-GCST90018926,TRUE,reported,igd,2,1,TRUE
170,rs9265433,C,T,C,T,0.0625,0.036,0.445483,0.445783,FALSE,FALSE,FALSE,CKD,6,31296247,0.0147,482858,0.0145801,Chronic renal failure || id:ebi-a-GCST90018822,Chronic renal failure,Chronic renal failure ||  || ,TRUE,igd,6,31296247,0.0067,6.28E-21,490089,Diabetes,Type 2 diabetes || id:ebi-a-GCST90018926,TRUE,reported,igd,2,1,TRUE
171,rs9304665,A,T,A,T,0.0545,-2.00E-04,0.752917,0.752514,FALSE,TRUE,FALSE,CKD,19,47602577,0.0184,482858,0.9921,Chronic renal failure || id:ebi-a-GCST90018822,Chronic renal failure,Chronic renal failure ||  || ,TRUE,igd,19,47602577,0.0098,2.63E-08,490089,Diabetes,Type 2 diabetes || id:ebi-a-GCST90018926,TRUE,reported,igd,2,1,TRUE
172,rs9368222,A,C,A,C,0.1551,0.0421,0.318552,0.319135,FALSE,FALSE,FALSE,CKD,6,20686996,0.0154,482858,0.006188,Chronic renal failure || id:ebi-a-GCST90018822,Chronic renal failure,Chronic renal failure ||  || ,TRUE,igd,6,20686996,0.0066,2.04E-122,490089,Diabetes,Type 2 diabetes || id:ebi-a-GCST90018926,TRUE,reported,igd,2,1,TRUE
173,rs9379084,A,G,A,G,-0.0816,-0.0223,0.156857,0.15711,FALSE,FALSE,FALSE,CKD,6,7231843,0.0209,482858,0.2866,Chronic renal failure || id:ebi-a-GCST90018822,Chronic renal failure,Chronic renal failure ||  || ,TRUE,igd,6,7231843,0.0085,1.04E-21,490089,Diabetes,Type 2 diabetes || id:ebi-a-GCST90018926,TRUE,reported,igd,2,1,TRUE
174,rs9562987,A,G,A,G,-0.0413,-0.0192,0.41532,0.415746,FALSE,FALSE,FALSE,CKD,13,51095908,0.0154,482858,0.2122,Chronic renal failure || id:ebi-a-GCST90018822,Chronic renal failure,Chronic renal failure ||  || ,TRUE,igd,13,51095908,0.0069,2.31E-09,490089,Diabetes,Type 2 diabetes || id:ebi-a-GCST90018926,TRUE,reported,igd,2,1,TRUE
175,rs972119,G,A,G,A,-0.0465,-0.065,0.215533,0.215782,FALSE,FALSE,FALSE,CKD,6,143170972,0.0173,482858,0.0001689,Chronic renal failure || id:ebi-a-GCST90018822,Chronic renal failure,Chronic renal failure ||  || ,TRUE,igd,6,143170972,0.0074,4.38E-10,490089,Diabetes,Type 2 diabetes || id:ebi-a-GCST90018926,TRUE,reported,igd,2,1,TRUE
176,rs9844972,C,G,C,G,0.1036,0.0248,0.0666559,0.0665275,FALSE,TRUE,FALSE,CKD,3,150097635,0.0321,482858,0.4396,Chronic renal failure || id:ebi-a-GCST90018822,Chronic renal failure,Chronic renal failure ||  || ,TRUE,igd,3,150097635,0.0176,4.26E-09,490089,Diabetes,Type 2 diabetes || id:ebi-a-GCST90018926,TRUE,reported,igd,2,1,TRUE
177,rs9873519,T,C,T,C,0.0373,0.0059,0.487086,0.486932,FALSE,FALSE,FALSE,CKD,3,124921457,0.0143,482858,0.6814,Chronic renal failure || id:ebi-a-GCST90018822,Chronic renal failure,Chronic renal failure ||  || ,TRUE,igd,3,124921457,0.0065,7.63E-09,490089,Diabetes,Type 2 diabetes || id:ebi-a-GCST90018926,TRUE,reported,igd,2,1,TRUE
