,SNP,effect_allele.exposure,other_allele.exposure,effect_allele.outcome,other_allele.outcome,beta.exposure,beta.outcome,eaf.exposure,eaf.outcome,remove,palindromic,ambiguous,id.outcome,chr,pos,se.outcome,samplesize.outcome,pval.outcome,outcome,originalname.outcome,outcome.deprecated,mr_keep.outcome,data_source.outcome,proxy.outcome,target_snp.outcome,proxy_snp.outcome,target_a1.outcome,target_a2.outcome,proxy_a1.outcome,proxy_a2.outcome,chr.exposure,pos.exposure,se.exposure,pval.exposure,samplesize.exposure,id.exposure,exposure,mr_keep.exposure,pval_origin.exposure,data_source.exposure,action,SNP_index,mr_keep
1,rs1002389,G,C,G,C,-0.0511,-2.08E-05,0.392781,0.349204,FALSE,TRUE,FALSE,COPD,7,156968323,0.000128036,462933,0.87,"Non-cancer illness code, self-reported: chronic obstructive airways disease/copd || id:ukb-b-13447","Non-cancer illness code, self-reported: chronic obstructive airways disease/copd","Non-cancer illness code, self-reported: chronic obstructive airways disease/copd ||  || ",TRUE,igd,NA,NA,NA,NA,NA,NA,NA,7,156968323,0.0064,2.20E-15,490089,Diabetes,Type 2 diabetes || id:ebi-a-GCST90018926,TRUE,reported,igd,2,1,TRUE
2,rs10169613,T,C,T,C,-0.0386,-3.34E-05,0.446602,0.472817,FALSE,FALSE,FALSE,COPD,2,111934977,0.000122453,462933,0.780001,"Non-cancer illness code, self-reported: chronic obstructive airways disease/copd || id:ukb-b-13447","Non-cancer illness code, self-reported: chronic obstructive airways disease/copd","Non-cancer illness code, self-reported: chronic obstructive airways disease/copd ||  || ",TRUE,igd,NA,NA,NA,NA,NA,NA,NA,2,111934977,0.0063,1.16E-09,490089,Diabetes,Type 2 diabetes || id:ebi-a-GCST90018926,TRUE,reported,igd,2,1,TRUE
3,rs10268294,A,C,A,C,0.0454,1.79E-05,0.796446,0.7709,FALSE,FALSE,FALSE,COPD,7,1886805,0.000145342,462933,0.9,"Non-cancer illness code, self-reported: chronic obstructive airways disease/copd || id:ukb-b-13447","Non-cancer illness code, self-reported: chronic obstructive airways disease/copd","Non-cancer illness code, self-reported: chronic obstructive airways disease/copd ||  || ",TRUE,igd,TRUE,rs10268294,rs11762803,C,A,G,A,7,1873406,0.0081,2.54E-08,490089,Diabetes,Type 2 diabetes || id:ebi-a-GCST90018926,TRUE,reported,igd,2,1,TRUE
4,rs10408179,C,T,C,T,-0.0675,4.44E-06,0.38792,0.439786,FALSE,FALSE,FALSE,COPD,19,46157004,0.000122769,462933,0.97,"Non-cancer illness code, self-reported: chronic obstructive airways disease/copd || id:ukb-b-13447","Non-cancer illness code, self-reported: chronic obstructive airways disease/copd","Non-cancer illness code, self-reported: chronic obstructive airways disease/copd ||  || ",TRUE,igd,NA,NA,NA,NA,NA,NA,NA,19,46157004,0.0067,1.33E-23,490089,Diabetes,Type 2 diabetes || id:ebi-a-GCST90018926,TRUE,reported,igd,2,1,TRUE
5,rs1046316,G,A,G,A,0.0999,0.000111088,0.745203,0.679215,FALSE,FALSE,FALSE,COPD,4,6304087,0.00013103,462933,0.4,"Non-cancer illness code, self-reported: chronic obstructive airways disease/copd || id:ukb-b-13447","Non-cancer illness code, self-reported: chronic obstructive airways disease/copd","Non-cancer illness code, self-reported: chronic obstructive airways disease/copd ||  || ",TRUE,igd,NA,NA,NA,NA,NA,NA,NA,4,6304087,0.0087,1.63E-30,490089,Diabetes,Type 2 diabetes || id:ebi-a-GCST90018926,TRUE,reported,igd,2,1,TRUE
6,rs10830963,G,C,G,C,0.0504,1.10E-06,0.330035,0.274974,FALSE,TRUE,FALSE,COPD,11,92708710,0.000136647,462933,0.99,"Non-cancer illness code, self-reported: chronic obstructive airways disease/copd || id:ukb-b-13447","Non-cancer illness code, self-reported: chronic obstructive airways disease/copd","Non-cancer illness code, self-reported: chronic obstructive airways disease/copd ||  || ",TRUE,igd,NA,NA,NA,NA,NA,NA,NA,11,92708710,0.0065,1.20E-14,490089,Diabetes,Type 2 diabetes || id:ebi-a-GCST90018926,TRUE,reported,igd,2,1,TRUE
7,rs10938398,A,G,A,G,0.0491,-7.15E-06,0.406542,0.433559,FALSE,FALSE,FALSE,COPD,4,45186139,0.00012362,462933,0.95,"Non-cancer illness code, self-reported: chronic obstructive airways disease/copd || id:ukb-b-13447","Non-cancer illness code, self-reported: chronic obstructive airways disease/copd","Non-cancer illness code, self-reported: chronic obstructive airways disease/copd ||  || ",TRUE,igd,NA,NA,NA,NA,NA,NA,NA,4,45186139,0.0065,5.39E-14,490089,Diabetes,Type 2 diabetes || id:ebi-a-GCST90018926,TRUE,reported,igd,2,1,TRUE
8,rs10950494,A,G,A,G,0.0361,-0.00010449,0.450764,0.433734,FALSE,FALSE,FALSE,COPD,7,13892902,0.000123972,462933,0.4,"Non-cancer illness code, self-reported: chronic obstructive airways disease/copd || id:ukb-b-13447","Non-cancer illness code, self-reported: chronic obstructive airways disease/copd","Non-cancer illness code, self-reported: chronic obstructive airways disease/copd ||  || ",TRUE,igd,NA,NA,NA,NA,NA,NA,NA,7,13892902,0.0063,1.08E-08,490089,Diabetes,Type 2 diabetes || id:ebi-a-GCST90018926,TRUE,reported,igd,2,1,TRUE
9,rs1117610,T,A,T,A,0.0418,-9.28E-05,0.312695,0.229322,FALSE,TRUE,FALSE,COPD,7,150541189,0.000146362,462933,0.53,"Non-cancer illness code, self-reported: chronic obstructive airways disease/copd || id:ukb-b-13447","Non-cancer illness code, self-reported: chronic obstructive airways disease/copd","Non-cancer illness code, self-reported: chronic obstructive airways disease/copd ||  || ",TRUE,igd,NA,NA,NA,NA,NA,NA,NA,7,150541189,0.0069,1.66E-09,490089,Diabetes,Type 2 diabetes || id:ebi-a-GCST90018926,TRUE,reported,igd,2,1,TRUE
10,rs1127215,T,C,T,C,-0.042,6.46E-05,0.368543,0.42013,FALSE,FALSE,FALSE,COPD,1,117532790,0.000123741,462933,0.6,"Non-cancer illness code, self-reported: chronic obstructive airways disease/copd || id:ukb-b-13447","Non-cancer illness code, self-reported: chronic obstructive airways disease/copd","Non-cancer illness code, self-reported: chronic obstructive airways disease/copd ||  || ",TRUE,igd,NA,NA,NA,NA,NA,NA,NA,1,117532790,0.0066,2.54E-10,490089,Diabetes,Type 2 diabetes || id:ebi-a-GCST90018926,TRUE,reported,igd,2,1,TRUE
11,rs1128249,T,G,T,G,-0.0786,1.12E-05,0.300292,0.39189,FALSE,FALSE,FALSE,COPD,2,165528624,0.000125073,462933,0.93,"Non-cancer illness code, self-reported: chronic obstructive airways disease/copd || id:ukb-b-13447","Non-cancer illness code, self-reported: chronic obstructive airways disease/copd","Non-cancer illness code, self-reported: chronic obstructive airways disease/copd ||  || ",TRUE,igd,NA,NA,NA,NA,NA,NA,NA,2,165528624,0.0078,9.30E-24,490089,Diabetes,Type 2 diabetes || id:ebi-a-GCST90018926,TRUE,reported,igd,2,1,TRUE
12,rs11514706,C,A,C,A,0.0601,0.00010796,0.500501,0.52331,FALSE,FALSE,FALSE,COPD,7,15059272,0.000122568,462933,0.38,"Non-cancer illness code, self-reported: chronic obstructive airways disease/copd || id:ukb-b-13447","Non-cancer illness code, self-reported: chronic obstructive airways disease/copd","Non-cancer illness code, self-reported: chronic obstructive airways disease/copd ||  || ",TRUE,igd,NA,NA,NA,NA,NA,NA,NA,7,15059272,0.0063,8.55E-22,490089,Diabetes,Type 2 diabetes || id:ebi-a-GCST90018926,TRUE,reported,igd,2,1,TRUE
13,rs11607147,C,T,C,T,-0.0411,1.08E-05,0.684232,0.672703,FALSE,FALSE,FALSE,COPD,11,65346178,0.000131335,462933,0.93,"Non-cancer illness code, self-reported: chronic obstructive airways disease/copd || id:ukb-b-13447","Non-cancer illness code, self-reported: chronic obstructive airways disease/copd","Non-cancer illness code, self-reported: chronic obstructive airways disease/copd ||  || ",TRUE,igd,NA,NA,NA,NA,NA,NA,NA,11,65346178,0.0068,1.76E-09,490089,Diabetes,Type 2 diabetes || id:ebi-a-GCST90018926,TRUE,reported,igd,2,1,TRUE
14,rs11651052,G,A,G,A,-0.091,-4.21E-05,0.589657,0.523046,FALSE,FALSE,FALSE,COPD,17,36102381,0.000122741,462933,0.73,"Non-cancer illness code, self-reported: chronic obstructive airways disease/copd || id:ukb-b-13447","Non-cancer illness code, self-reported: chronic obstructive airways disease/copd","Non-cancer illness code, self-reported: chronic obstructive airways disease/copd ||  || ",TRUE,igd,NA,NA,NA,NA,NA,NA,NA,17,36102381,0.0065,5.35E-44,490089,Diabetes,Type 2 diabetes || id:ebi-a-GCST90018926,TRUE,reported,igd,2,1,TRUE
15,rs11819995,T,C,T,C,0.0493,2.22E-05,0.213049,0.229839,FALSE,FALSE,FALSE,COPD,11,128389391,0.000145488,462933,0.88,"Non-cancer illness code, self-reported: chronic obstructive airways disease/copd || id:ukb-b-13447","Non-cancer illness code, self-reported: chronic obstructive airways disease/copd","Non-cancer illness code, self-reported: chronic obstructive airways disease/copd ||  || ",TRUE,igd,NA,NA,NA,NA,NA,NA,NA,11,128389391,0.0077,1.27E-10,490089,Diabetes,Type 2 diabetes || id:ebi-a-GCST90018926,TRUE,reported,igd,2,1,TRUE
16,rs11846158,G,A,G,A,0.037,-4.12E-05,0.283548,0.220927,FALSE,FALSE,FALSE,COPD,14,103292959,0.000147382,462933,0.780001,"Non-cancer illness code, self-reported: chronic obstructive airways disease/copd || id:ukb-b-13447","Non-cancer illness code, self-reported: chronic obstructive airways disease/copd","Non-cancer illness code, self-reported: chronic obstructive airways disease/copd ||  || ",TRUE,igd,NA,NA,NA,NA,NA,NA,NA,14,103292959,0.0068,4.89E-08,490089,Diabetes,Type 2 diabetes || id:ebi-a-GCST90018926,TRUE,reported,igd,2,1,TRUE
17,rs12001437,C,T,C,T,0.0367,-3.94E-05,0.413559,0.367698,FALSE,FALSE,FALSE,COPD,9,34074476,0.000126672,462933,0.760001,"Non-cancer illness code, self-reported: chronic obstructive airways disease/copd || id:ukb-b-13447","Non-cancer illness code, self-reported: chronic obstructive airways disease/copd","Non-cancer illness code, self-reported: chronic obstructive airways disease/copd ||  || ",TRUE,igd,NA,NA,NA,NA,NA,NA,NA,9,34074476,0.0064,1.02E-08,490089,Diabetes,Type 2 diabetes || id:ebi-a-GCST90018926,TRUE,reported,igd,2,1,TRUE
18,rs12108088,A,G,A,G,-0.0365,-3.11E-05,0.439211,0.405937,FALSE,FALSE,FALSE,COPD,3,64722045,0.000124487,462933,0.8,"Non-cancer illness code, self-reported: chronic obstructive airways disease/copd || id:ukb-b-13447","Non-cancer illness code, self-reported: chronic obstructive airways disease/copd","Non-cancer illness code, self-reported: chronic obstructive airways disease/copd ||  || ",TRUE,igd,NA,NA,NA,NA,NA,NA,NA,3,64722045,0.0065,2.21E-08,490089,Diabetes,Type 2 diabetes || id:ebi-a-GCST90018926,TRUE,reported,igd,2,1,TRUE
19,rs1215468,G,A,G,A,-0.0749,1.21E-05,0.287639,0.291405,FALSE,FALSE,FALSE,COPD,13,80707429,0.000135126,462933,0.93,"Non-cancer illness code, self-reported: chronic obstructive airways disease/copd || id:ukb-b-13447","Non-cancer illness code, self-reported: chronic obstructive airways disease/copd","Non-cancer illness code, self-reported: chronic obstructive airways disease/copd ||  || ",TRUE,igd,NA,NA,NA,NA,NA,NA,NA,13,80707429,0.0069,3.91E-27,490089,Diabetes,Type 2 diabetes || id:ebi-a-GCST90018926,TRUE,reported,igd,2,1,TRUE
20,rs12546365,C,T,C,T,-0.0381,0.000200488,0.55818,0.496871,FALSE,FALSE,FALSE,COPD,8,95911477,0.000122335,462933,0.1,"Non-cancer illness code, self-reported: chronic obstructive airways disease/copd || id:ukb-b-13447","Non-cancer illness code, self-reported: chronic obstructive airways disease/copd","Non-cancer illness code, self-reported: chronic obstructive airways disease/copd ||  || ",TRUE,igd,NA,NA,NA,NA,NA,NA,NA,8,95911477,0.0065,4.66E-09,490089,Diabetes,Type 2 diabetes || id:ebi-a-GCST90018926,TRUE,reported,igd,2,1,TRUE
21,rs1260326,C,T,C,T,0.071,0.000134757,0.571429,0.604288,FALSE,FALSE,FALSE,COPD,2,27730940,0.000124789,462933,0.28,"Non-cancer illness code, self-reported: chronic obstructive airways disease/copd || id:ukb-b-13447","Non-cancer illness code, self-reported: chronic obstructive airways disease/copd","Non-cancer illness code, self-reported: chronic obstructive airways disease/copd ||  || ",TRUE,igd,NA,NA,NA,NA,NA,NA,NA,2,27730940,0.0064,6.44E-29,490089,Diabetes,Type 2 diabetes || id:ebi-a-GCST90018926,TRUE,reported,igd,2,1,TRUE
22,rs12692723,G,C,G,C,0.0436,-0.00022058,0.311541,0.273776,FALSE,TRUE,FALSE,COPD,2,165437736,0.000140871,462933,0.12,"Non-cancer illness code, self-reported: chronic obstructive airways disease/copd || id:ukb-b-13447","Non-cancer illness code, self-reported: chronic obstructive airways disease/copd","Non-cancer illness code, self-reported: chronic obstructive airways disease/copd ||  || ",TRUE,igd,NA,NA,NA,NA,NA,NA,NA,2,165437736,0.0068,1.80E-10,490089,Diabetes,Type 2 diabetes || id:ebi-a-GCST90018926,TRUE,reported,igd,2,1,TRUE
23,rs12698897,A,T,A,T,0.0586,-0.000132596,0.256189,0.247983,FALSE,TRUE,FALSE,COPD,7,69783013,0.000141657,462933,0.35,"Non-cancer illness code, self-reported: chronic obstructive airways disease/copd || id:ukb-b-13447","Non-cancer illness code, self-reported: chronic obstructive airways disease/copd","Non-cancer illness code, self-reported: chronic obstructive airways disease/copd ||  || ",TRUE,igd,NA,NA,NA,NA,NA,NA,NA,7,69783013,0.0071,1.23E-16,490089,Diabetes,Type 2 diabetes || id:ebi-a-GCST90018926,TRUE,reported,igd,2,1,TRUE
24,rs12910361,G,A,G,A,0.0696,9.93E-05,0.62609,0.712517,FALSE,FALSE,FALSE,COPD,15,77782335,0.000134866,462933,0.46,"Non-cancer illness code, self-reported: chronic obstructive airways disease/copd || id:ukb-b-13447","Non-cancer illness code, self-reported: chronic obstructive airways disease/copd","Non-cancer illness code, self-reported: chronic obstructive airways disease/copd ||  || ",TRUE,igd,NA,NA,NA,NA,NA,NA,NA,15,77782335,0.0066,3.88E-26,490089,Diabetes,Type 2 diabetes || id:ebi-a-GCST90018926,TRUE,reported,igd,2,1,TRUE
25,rs13266634,T,C,T,C,-0.1053,-5.11E-05,0.348803,0.309592,FALSE,FALSE,FALSE,COPD,8,118184783,0.000132228,462933,0.7,"Non-cancer illness code, self-reported: chronic obstructive airways disease/copd || id:ukb-b-13447","Non-cancer illness code, self-reported: chronic obstructive airways disease/copd","Non-cancer illness code, self-reported: chronic obstructive airways disease/copd ||  || ",TRUE,igd,NA,NA,NA,NA,NA,NA,NA,8,118184783,0.0065,1.97E-59,490089,Diabetes,Type 2 diabetes || id:ebi-a-GCST90018926,TRUE,reported,igd,2,1,TRUE
26,rs1515104,A,T,A,T,0.0754,-0.000114238,0.719318,0.653049,FALSE,TRUE,FALSE,COPD,2,227092405,0.000128261,462933,0.37,"Non-cancer illness code, self-reported: chronic obstructive airways disease/copd || id:ukb-b-13447","Non-cancer illness code, self-reported: chronic obstructive airways disease/copd","Non-cancer illness code, self-reported: chronic obstructive airways disease/copd ||  || ",TRUE,igd,NA,NA,NA,NA,NA,NA,NA,2,227092405,0.0078,6.57E-22,490089,Diabetes,Type 2 diabetes || id:ebi-a-GCST90018926,TRUE,reported,igd,2,1,TRUE
27,rs1567353,G,C,G,C,0.0403,-3.86E-05,0.340343,0.307735,FALSE,TRUE,FALSE,COPD,9,1033773,0.000132855,462933,0.77,"Non-cancer illness code, self-reported: chronic obstructive airways disease/copd || id:ukb-b-13447","Non-cancer illness code, self-reported: chronic obstructive airways disease/copd","Non-cancer illness code, self-reported: chronic obstructive airways disease/copd ||  || ",TRUE,igd,NA,NA,NA,NA,NA,NA,NA,9,1033773,0.0065,7.25E-10,490089,Diabetes,Type 2 diabetes || id:ebi-a-GCST90018926,TRUE,reported,igd,2,1,TRUE
28,rs1574285,T,G,T,G,-0.065,0.000199993,0.583008,0.59883,FALSE,FALSE,FALSE,COPD,9,4283137,0.000124861,462933,0.11,"Non-cancer illness code, self-reported: chronic obstructive airways disease/copd || id:ukb-b-13447","Non-cancer illness code, self-reported: chronic obstructive airways disease/copd","Non-cancer illness code, self-reported: chronic obstructive airways disease/copd ||  || ",TRUE,igd,NA,NA,NA,NA,NA,NA,NA,9,4283137,0.0063,1.17E-24,490089,Diabetes,Type 2 diabetes || id:ebi-a-GCST90018926,TRUE,reported,igd,2,1,TRUE
29,rs1707498,A,C,A,C,-0.0499,-8.14E-06,0.449132,0.433641,FALSE,FALSE,FALSE,COPD,12,71478626,0.000123359,462933,0.95,"Non-cancer illness code, self-reported: chronic obstructive airways disease/copd || id:ukb-b-13447","Non-cancer illness code, self-reported: chronic obstructive airways disease/copd","Non-cancer illness code, self-reported: chronic obstructive airways disease/copd ||  || ",TRUE,igd,NA,NA,NA,NA,NA,NA,NA,12,71478626,0.0063,1.47E-15,490089,Diabetes,Type 2 diabetes || id:ebi-a-GCST90018926,TRUE,reported,igd,2,1,TRUE
30,rs17496664,T,C,T,C,-0.0468,2.26E-05,0.277089,0.390535,FALSE,FALSE,FALSE,COPD,6,76199697,0.000125517,462933,0.86,"Non-cancer illness code, self-reported: chronic obstructive airways disease/copd || id:ukb-b-13447","Non-cancer illness code, self-reported: chronic obstructive airways disease/copd","Non-cancer illness code, self-reported: chronic obstructive airways disease/copd ||  || ",TRUE,igd,NA,NA,NA,NA,NA,NA,NA,6,76199697,0.0085,3.66E-08,490089,Diabetes,Type 2 diabetes || id:ebi-a-GCST90018926,TRUE,reported,igd,2,1,TRUE
31,rs1794138,G,T,G,T,-0.0449,-0.000315679,0.516893,0.519441,FALSE,FALSE,FALSE,COPD,11,49932670,0.000122111,462933,0.00969996,"Non-cancer illness code, self-reported: chronic obstructive airways disease/copd || id:ukb-b-13447","Non-cancer illness code, self-reported: chronic obstructive airways disease/copd","Non-cancer illness code, self-reported: chronic obstructive airways disease/copd ||  || ",TRUE,igd,TRUE,rs1794138,rs9787774,T,G,G,A,11,49910841,0.0078,6.93E-09,490089,Diabetes,Type 2 diabetes || id:ebi-a-GCST90018926,TRUE,reported,igd,2,1,TRUE
32,rs1861410,T,C,T,C,-0.0372,0.0001609,0.573342,0.555455,FALSE,FALSE,FALSE,COPD,2,58933591,0.000123362,462933,0.19,"Non-cancer illness code, self-reported: chronic obstructive airways disease/copd || id:ukb-b-13447","Non-cancer illness code, self-reported: chronic obstructive airways disease/copd","Non-cancer illness code, self-reported: chronic obstructive airways disease/copd ||  || ",TRUE,igd,NA,NA,NA,NA,NA,NA,NA,2,58933591,0.0064,4.67E-09,490089,Diabetes,Type 2 diabetes || id:ebi-a-GCST90018926,TRUE,reported,igd,2,1,TRUE
33,rs1966265,A,G,A,G,-0.0465,-0.000238667,0.322278,0.245299,FALSE,FALSE,FALSE,COPD,5,176516631,0.000141858,462933,0.0920005,"Non-cancer illness code, self-reported: chronic obstructive airways disease/copd || id:ukb-b-13447","Non-cancer illness code, self-reported: chronic obstructive airways disease/copd","Non-cancer illness code, self-reported: chronic obstructive airways disease/copd ||  || ",TRUE,igd,NA,NA,NA,NA,NA,NA,NA,5,176516631,0.0068,6.92E-12,490089,Diabetes,Type 2 diabetes || id:ebi-a-GCST90018926,TRUE,reported,igd,2,1,TRUE
34,rs1977832,T,G,T,G,-0.1118,-1.80E-05,0.502983,0.408303,FALSE,FALSE,FALSE,COPD,10,94463779,0.000124292,462933,0.88,"Non-cancer illness code, self-reported: chronic obstructive airways disease/copd || id:ukb-b-13447","Non-cancer illness code, self-reported: chronic obstructive airways disease/copd","Non-cancer illness code, self-reported: chronic obstructive airways disease/copd ||  || ",TRUE,igd,NA,NA,NA,NA,NA,NA,NA,10,94463779,0.0065,2.73E-65,490089,Diabetes,Type 2 diabetes || id:ebi-a-GCST90018926,TRUE,reported,igd,2,1,TRUE
35,rs2010825,C,T,C,T,0.0411,-9.45E-07,0.519789,0.484138,FALSE,FALSE,FALSE,COPD,7,44188220,0.000123447,462933,0.99,"Non-cancer illness code, self-reported: chronic obstructive airways disease/copd || id:ukb-b-13447","Non-cancer illness code, self-reported: chronic obstructive airways disease/copd","Non-cancer illness code, self-reported: chronic obstructive airways disease/copd ||  || ",TRUE,igd,NA,NA,NA,NA,NA,NA,NA,7,44188220,0.0063,8.62E-11,490089,Diabetes,Type 2 diabetes || id:ebi-a-GCST90018926,TRUE,reported,igd,2,1,TRUE
36,rs2034761,G,T,G,T,-0.0375,4.56E-05,0.429369,0.401572,FALSE,FALSE,FALSE,COPD,2,234364426,0.000124686,462933,0.709999,"Non-cancer illness code, self-reported: chronic obstructive airways disease/copd || id:ukb-b-13447","Non-cancer illness code, self-reported: chronic obstructive airways disease/copd","Non-cancer illness code, self-reported: chronic obstructive airways disease/copd ||  || ",TRUE,igd,NA,NA,NA,NA,NA,NA,NA,2,234364426,0.0063,3.29E-09,490089,Diabetes,Type 2 diabetes || id:ebi-a-GCST90018926,TRUE,reported,igd,2,1,TRUE
37,rs2115107,A,G,A,G,0.0451,9.16E-05,0.372125,0.383684,FALSE,FALSE,FALSE,COPD,19,7968168,0.000125479,462933,0.47,"Non-cancer illness code, self-reported: chronic obstructive airways disease/copd || id:ukb-b-13447","Non-cancer illness code, self-reported: chronic obstructive airways disease/copd","Non-cancer illness code, self-reported: chronic obstructive airways disease/copd ||  || ",TRUE,igd,NA,NA,NA,NA,NA,NA,NA,19,7968168,0.0065,4.70E-12,490089,Diabetes,Type 2 diabetes || id:ebi-a-GCST90018926,TRUE,reported,igd,2,1,TRUE
38,rs2648731,A,G,A,G,0.0647,-0.000127891,0.240353,0.225661,FALSE,FALSE,FALSE,COPD,5,52072194,0.000146756,462933,0.38,"Non-cancer illness code, self-reported: chronic obstructive airways disease/copd || id:ukb-b-13447","Non-cancer illness code, self-reported: chronic obstructive airways disease/copd","Non-cancer illness code, self-reported: chronic obstructive airways disease/copd ||  || ",TRUE,igd,NA,NA,NA,NA,NA,NA,NA,5,52072194,0.0072,3.47E-19,490089,Diabetes,Type 2 diabetes || id:ebi-a-GCST90018926,TRUE,reported,igd,2,1,TRUE
39,rs2796441,A,G,A,G,-0.0679,6.81E-06,0.472771,0.418465,FALSE,FALSE,FALSE,COPD,9,84308948,0.00012361,462933,0.96,"Non-cancer illness code, self-reported: chronic obstructive airways disease/copd || id:ukb-b-13447","Non-cancer illness code, self-reported: chronic obstructive airways disease/copd","Non-cancer illness code, self-reported: chronic obstructive airways disease/copd ||  || ",TRUE,igd,NA,NA,NA,NA,NA,NA,NA,9,84308948,0.0063,1.11E-26,490089,Diabetes,Type 2 diabetes || id:ebi-a-GCST90018926,TRUE,reported,igd,2,1,TRUE
40,rs2815625,A,C,A,C,0.0348,8.32E-05,0.453483,0.417174,FALSE,FALSE,FALSE,COPD,10,12598322,0.000124817,462933,0.51,"Non-cancer illness code, self-reported: chronic obstructive airways disease/copd || id:ukb-b-13447","Non-cancer illness code, self-reported: chronic obstructive airways disease/copd","Non-cancer illness code, self-reported: chronic obstructive airways disease/copd ||  || ",TRUE,igd,NA,NA,NA,NA,NA,NA,NA,10,12598322,0.0063,3.50E-08,490089,Diabetes,Type 2 diabetes || id:ebi-a-GCST90018926,TRUE,reported,igd,2,1,TRUE
41,rs28375915,A,G,A,G,-0.0498,7.40E-05,0.476839,0.49627,FALSE,FALSE,FALSE,COPD,22,50354272,0.000126482,462933,0.56,"Non-cancer illness code, self-reported: chronic obstructive airways disease/copd || id:ukb-b-13447","Non-cancer illness code, self-reported: chronic obstructive airways disease/copd","Non-cancer illness code, self-reported: chronic obstructive airways disease/copd ||  || ",TRUE,igd,TRUE,rs28375915,rs111752560,A,G,C,A,22,50354255,0.0077,1.21E-10,490089,Diabetes,Type 2 diabetes || id:ebi-a-GCST90018926,TRUE,reported,igd,2,1,TRUE
42,rs28637955,G,A,G,A,-0.067,-0.000155865,0.373478,0.373938,FALSE,FALSE,FALSE,COPD,20,62459171,0.000126322,462933,0.22,"Non-cancer illness code, self-reported: chronic obstructive airways disease/copd || id:ukb-b-13447","Non-cancer illness code, self-reported: chronic obstructive airways disease/copd","Non-cancer illness code, self-reported: chronic obstructive airways disease/copd ||  || ",TRUE,igd,TRUE,rs28637955,rs6062546,G,A,T,C,20,62447327,0.0118,1.31E-08,490089,Diabetes,Type 2 diabetes || id:ebi-a-GCST90018926,TRUE,reported,igd,2,1,TRUE
43,rs28642213,G,A,G,A,0.1006,-5.23E-05,0.773252,0.751012,FALSE,FALSE,FALSE,COPD,9,139248082,0.000141263,462933,0.709999,"Non-cancer illness code, self-reported: chronic obstructive airways disease/copd || id:ukb-b-13447","Non-cancer illness code, self-reported: chronic obstructive airways disease/copd","Non-cancer illness code, self-reported: chronic obstructive airways disease/copd ||  || ",TRUE,igd,NA,NA,NA,NA,NA,NA,NA,9,139248082,0.0079,3.80E-37,490089,Diabetes,Type 2 diabetes || id:ebi-a-GCST90018926,TRUE,reported,igd,2,1,TRUE
44,rs3110641,G,A,G,A,0.0598,2.18E-05,0.76149,0.78176,FALSE,FALSE,FALSE,COPD,17,36047417,0.000148634,462933,0.88,"Non-cancer illness code, self-reported: chronic obstructive airways disease/copd || id:ukb-b-13447","Non-cancer illness code, self-reported: chronic obstructive airways disease/copd","Non-cancer illness code, self-reported: chronic obstructive airways disease/copd ||  || ",TRUE,igd,NA,NA,NA,NA,NA,NA,NA,17,36047417,0.0072,1.34E-16,490089,Diabetes,Type 2 diabetes || id:ebi-a-GCST90018926,TRUE,reported,igd,2,1,TRUE
45,rs340874,C,T,C,T,0.0535,2.87E-05,0.493303,0.567973,FALSE,FALSE,FALSE,COPD,1,214159256,0.000123103,462933,0.82,"Non-cancer illness code, self-reported: chronic obstructive airways disease/copd || id:ukb-b-13447","Non-cancer illness code, self-reported: chronic obstructive airways disease/copd","Non-cancer illness code, self-reported: chronic obstructive airways disease/copd ||  || ",TRUE,igd,NA,NA,NA,NA,NA,NA,NA,1,214159256,0.0063,3.51E-17,490089,Diabetes,Type 2 diabetes || id:ebi-a-GCST90018926,TRUE,reported,igd,2,1,TRUE
46,rs348330,A,G,A,G,-0.0539,-1.83E-05,0.543403,0.632173,FALSE,FALSE,FALSE,COPD,1,229672955,0.000127157,462933,0.89,"Non-cancer illness code, self-reported: chronic obstructive airways disease/copd || id:ukb-b-13447","Non-cancer illness code, self-reported: chronic obstructive airways disease/copd","Non-cancer illness code, self-reported: chronic obstructive airways disease/copd ||  || ",TRUE,igd,NA,NA,NA,NA,NA,NA,NA,1,229672955,0.0068,3.36E-15,490089,Diabetes,Type 2 diabetes || id:ebi-a-GCST90018926,TRUE,reported,igd,2,1,TRUE
47,rs34872471,C,T,C,T,0.2972,4.09E-05,0.207525,0.291831,FALSE,FALSE,FALSE,COPD,10,114754071,0.000134537,462933,0.760001,"Non-cancer illness code, self-reported: chronic obstructive airways disease/copd || id:ukb-b-13447","Non-cancer illness code, self-reported: chronic obstructive airways disease/copd","Non-cancer illness code, self-reported: chronic obstructive airways disease/copd ||  || ",TRUE,igd,NA,NA,NA,NA,NA,NA,NA,10,114754071,0.0091,1.00E-200,490089,Diabetes,Type 2 diabetes || id:ebi-a-GCST90018926,TRUE,reported,igd,2,1,TRUE
48,rs35352848,C,T,C,T,-0.0881,-2.18E-05,0.213447,0.232033,FALSE,FALSE,FALSE,COPD,3,23456161,0.000144603,462933,0.88,"Non-cancer illness code, self-reported: chronic obstructive airways disease/copd || id:ukb-b-13447","Non-cancer illness code, self-reported: chronic obstructive airways disease/copd","Non-cancer illness code, self-reported: chronic obstructive airways disease/copd ||  || ",TRUE,igd,TRUE,rs35352848,rs35381236,C,T,C,T,3,23455582,0.0078,1.36E-29,490089,Diabetes,Type 2 diabetes || id:ebi-a-GCST90018926,TRUE,reported,igd,2,1,TRUE
49,rs35473599,A,G,A,G,0.0553,-0.000115377,0.182945,0.243059,FALSE,FALSE,FALSE,COPD,7,74088893,0.00014229,462933,0.42,"Non-cancer illness code, self-reported: chronic obstructive airways disease/copd || id:ukb-b-13447","Non-cancer illness code, self-reported: chronic obstructive airways disease/copd","Non-cancer illness code, self-reported: chronic obstructive airways disease/copd ||  || ",TRUE,igd,NA,NA,NA,NA,NA,NA,NA,7,74088893,0.0093,2.67E-09,490089,Diabetes,Type 2 diabetes || id:ebi-a-GCST90018926,TRUE,reported,igd,2,1,TRUE
50,rs35895680,A,C,A,C,-0.0584,-0.000186191,0.24391,0.326664,FALSE,FALSE,FALSE,COPD,17,47060322,0.000131026,462933,0.16,"Non-cancer illness code, self-reported: chronic obstructive airways disease/copd || id:ukb-b-13447","Non-cancer illness code, self-reported: chronic obstructive airways disease/copd","Non-cancer illness code, self-reported: chronic obstructive airways disease/copd ||  || ",TRUE,igd,NA,NA,NA,NA,NA,NA,NA,17,47060322,0.0087,2.44E-11,490089,Diabetes,Type 2 diabetes || id:ebi-a-GCST90018926,TRUE,reported,igd,2,1,TRUE
51,rs35917376,A,T,A,T,0.0428,-3.42E-05,0.717917,0.742589,FALSE,TRUE,FALSE,COPD,15,75595357,0.000141536,462933,0.81,"Non-cancer illness code, self-reported: chronic obstructive airways disease/copd || id:ukb-b-13447","Non-cancer illness code, self-reported: chronic obstructive airways disease/copd","Non-cancer illness code, self-reported: chronic obstructive airways disease/copd ||  || ",TRUE,igd,NA,NA,NA,NA,NA,NA,NA,15,75595357,0.0072,2.86E-09,490089,Diabetes,Type 2 diabetes || id:ebi-a-GCST90018926,TRUE,reported,igd,2,1,TRUE
52,rs3751297,A,G,A,G,0.052,-3.47E-05,0.241048,0.286009,FALSE,FALSE,FALSE,COPD,12,133088165,0.000137131,462933,0.8,"Non-cancer illness code, self-reported: chronic obstructive airways disease/copd || id:ukb-b-13447","Non-cancer illness code, self-reported: chronic obstructive airways disease/copd","Non-cancer illness code, self-reported: chronic obstructive airways disease/copd ||  || ",TRUE,igd,NA,NA,NA,NA,NA,NA,NA,12,133088165,0.0081,1.17E-10,490089,Diabetes,Type 2 diabetes || id:ebi-a-GCST90018926,TRUE,reported,igd,2,1,TRUE
53,rs3764002,T,C,T,C,-0.0475,-0.000160018,0.337603,0.261531,FALSE,FALSE,FALSE,COPD,12,108618630,0.000138951,462933,0.25,"Non-cancer illness code, self-reported: chronic obstructive airways disease/copd || id:ukb-b-13447","Non-cancer illness code, self-reported: chronic obstructive airways disease/copd","Non-cancer illness code, self-reported: chronic obstructive airways disease/copd ||  || ",TRUE,igd,NA,NA,NA,NA,NA,NA,NA,12,108618630,0.0065,3.89E-13,490089,Diabetes,Type 2 diabetes || id:ebi-a-GCST90018926,TRUE,reported,igd,2,1,TRUE
54,rs3887925,T,C,T,C,0.053,0.000153625,0.49964,0.549312,FALSE,FALSE,FALSE,COPD,3,186665645,0.000123036,462933,0.21,"Non-cancer illness code, self-reported: chronic obstructive airways disease/copd || id:ukb-b-13447","Non-cancer illness code, self-reported: chronic obstructive airways disease/copd","Non-cancer illness code, self-reported: chronic obstructive airways disease/copd ||  || ",TRUE,igd,NA,NA,NA,NA,NA,NA,NA,3,186665645,0.0063,3.30E-17,490089,Diabetes,Type 2 diabetes || id:ebi-a-GCST90018926,TRUE,reported,igd,2,1,TRUE
55,rs39254,T,G,T,G,0.0401,-6.88E-06,0.46123,0.52928,FALSE,FALSE,FALSE,COPD,7,89765708,0.000122546,462933,0.96,"Non-cancer illness code, self-reported: chronic obstructive airways disease/copd || id:ukb-b-13447","Non-cancer illness code, self-reported: chronic obstructive airways disease/copd","Non-cancer illness code, self-reported: chronic obstructive airways disease/copd ||  || ",TRUE,igd,NA,NA,NA,NA,NA,NA,NA,7,89765708,0.0067,2.58E-09,490089,Diabetes,Type 2 diabetes || id:ebi-a-GCST90018926,TRUE,reported,igd,2,1,TRUE
56,rs392794,T,C,T,C,0.06,5.28E-05,0.659966,0.746526,FALSE,FALSE,FALSE,COPD,5,55808342,0.00014019,462933,0.709999,"Non-cancer illness code, self-reported: chronic obstructive airways disease/copd || id:ukb-b-13447","Non-cancer illness code, self-reported: chronic obstructive airways disease/copd","Non-cancer illness code, self-reported: chronic obstructive airways disease/copd ||  || ",TRUE,igd,NA,NA,NA,NA,NA,NA,NA,5,55808342,0.0066,9.51E-20,490089,Diabetes,Type 2 diabetes || id:ebi-a-GCST90018926,TRUE,reported,igd,2,1,TRUE
57,rs4273712,G,A,G,A,0.0577,-0.000347105,0.320615,0.266898,FALSE,FALSE,FALSE,COPD,6,126964510,0.000138063,462933,0.012,"Non-cancer illness code, self-reported: chronic obstructive airways disease/copd || id:ukb-b-13447","Non-cancer illness code, self-reported: chronic obstructive airways disease/copd","Non-cancer illness code, self-reported: chronic obstructive airways disease/copd ||  || ",TRUE,igd,NA,NA,NA,NA,NA,NA,NA,6,126964510,0.0066,2.98E-18,490089,Diabetes,Type 2 diabetes || id:ebi-a-GCST90018926,TRUE,reported,igd,2,1,TRUE
58,rs4517619,G,T,G,T,0.0395,0.000186502,0.384609,0.264482,FALSE,FALSE,FALSE,COPD,12,24090004,0.000139128,462933,0.18,"Non-cancer illness code, self-reported: chronic obstructive airways disease/copd || id:ukb-b-13447","Non-cancer illness code, self-reported: chronic obstructive airways disease/copd","Non-cancer illness code, self-reported: chronic obstructive airways disease/copd ||  || ",TRUE,igd,NA,NA,NA,NA,NA,NA,NA,12,24090004,0.007,2.05E-08,490089,Diabetes,Type 2 diabetes || id:ebi-a-GCST90018926,TRUE,reported,igd,2,1,TRUE
59,rs4731701,T,C,T,C,-0.0484,-4.62E-05,0.43764,0.492998,FALSE,FALSE,FALSE,COPD,7,130430930,0.000122402,462933,0.709999,"Non-cancer illness code, self-reported: chronic obstructive airways disease/copd || id:ukb-b-13447","Non-cancer illness code, self-reported: chronic obstructive airways disease/copd","Non-cancer illness code, self-reported: chronic obstructive airways disease/copd ||  || ",TRUE,igd,NA,NA,NA,NA,NA,NA,NA,7,130430930,0.0065,1.31E-13,490089,Diabetes,Type 2 diabetes || id:ebi-a-GCST90018926,TRUE,reported,igd,2,1,TRUE
60,rs4901812,A,G,A,G,-0.0408,9.51E-05,0.333674,0.2476,FALSE,FALSE,FALSE,COPD,14,38800704,0.000142156,462933,0.5,"Non-cancer illness code, self-reported: chronic obstructive airways disease/copd || id:ukb-b-13447","Non-cancer illness code, self-reported: chronic obstructive airways disease/copd","Non-cancer illness code, self-reported: chronic obstructive airways disease/copd ||  || ",TRUE,igd,NA,NA,NA,NA,NA,NA,NA,14,38800704,0.0067,1.09E-09,490089,Diabetes,Type 2 diabetes || id:ebi-a-GCST90018926,TRUE,reported,igd,2,1,TRUE
61,rs4930045,C,T,C,T,-0.0706,0.000168312,0.705243,0.622096,FALSE,FALSE,FALSE,COPD,11,2197112,0.000126207,462933,0.18,"Non-cancer illness code, self-reported: chronic obstructive airways disease/copd || id:ukb-b-13447","Non-cancer illness code, self-reported: chronic obstructive airways disease/copd","Non-cancer illness code, self-reported: chronic obstructive airways disease/copd ||  || ",TRUE,igd,TRUE,rs4930045,rs7482891,T,C,A,G,11,2196424,0.0079,2.76E-19,490089,Diabetes,Type 2 diabetes || id:ebi-a-GCST90018926,TRUE,reported,igd,2,1,TRUE
62,rs5215,T,C,T,C,-0.0623,6.78E-05,0.616015,0.642497,FALSE,FALSE,FALSE,COPD,11,17408630,0.00012746,462933,0.59,"Non-cancer illness code, self-reported: chronic obstructive airways disease/copd || id:ukb-b-13447","Non-cancer illness code, self-reported: chronic obstructive airways disease/copd","Non-cancer illness code, self-reported: chronic obstructive airways disease/copd ||  || ",TRUE,igd,NA,NA,NA,NA,NA,NA,NA,11,17408630,0.0064,2.41E-22,490089,Diabetes,Type 2 diabetes || id:ebi-a-GCST90018926,TRUE,reported,igd,2,1,TRUE
63,rs543159,A,C,A,C,-0.0364,5.03E-05,0.427571,0.4717,FALSE,FALSE,FALSE,COPD,6,160776017,0.000122667,462933,0.68,"Non-cancer illness code, self-reported: chronic obstructive airways disease/copd || id:ukb-b-13447","Non-cancer illness code, self-reported: chronic obstructive airways disease/copd","Non-cancer illness code, self-reported: chronic obstructive airways disease/copd ||  || ",TRUE,igd,NA,NA,NA,NA,NA,NA,NA,6,160776017,0.0065,2.39E-08,490089,Diabetes,Type 2 diabetes || id:ebi-a-GCST90018926,TRUE,reported,igd,2,1,TRUE
64,rs554833,T,C,T,C,0.0443,-6.30E-05,0.376316,0.319471,FALSE,FALSE,FALSE,COPD,9,136147160,0.000130829,462933,0.630001,"Non-cancer illness code, self-reported: chronic obstructive airways disease/copd || id:ukb-b-13447","Non-cancer illness code, self-reported: chronic obstructive airways disease/copd","Non-cancer illness code, self-reported: chronic obstructive airways disease/copd ||  || ",TRUE,igd,NA,NA,NA,NA,NA,NA,NA,9,136147160,0.0064,4.19E-12,490089,Diabetes,Type 2 diabetes || id:ebi-a-GCST90018926,TRUE,reported,igd,2,1,TRUE
65,rs56094641,G,A,G,A,0.1166,7.81E-05,0.352899,0.404633,FALSE,FALSE,FALSE,COPD,16,53806453,0.000124447,462933,0.53,"Non-cancer illness code, self-reported: chronic obstructive airways disease/copd || id:ukb-b-13447","Non-cancer illness code, self-reported: chronic obstructive airways disease/copd","Non-cancer illness code, self-reported: chronic obstructive airways disease/copd ||  || ",TRUE,igd,NA,NA,NA,NA,NA,NA,NA,16,53806453,0.0069,2.23E-64,490089,Diabetes,Type 2 diabetes || id:ebi-a-GCST90018926,TRUE,reported,igd,2,1,TRUE
66,rs56218782,C,T,C,T,-0.039,-0.00027152,0.312633,0.325078,FALSE,FALSE,FALSE,COPD,4,140893287,0.00013092,462933,0.0379997,"Non-cancer illness code, self-reported: chronic obstructive airways disease/copd || id:ukb-b-13447","Non-cancer illness code, self-reported: chronic obstructive airways disease/copd","Non-cancer illness code, self-reported: chronic obstructive airways disease/copd ||  || ",TRUE,igd,NA,NA,NA,NA,NA,NA,NA,4,140893287,0.0068,1.11E-08,490089,Diabetes,Type 2 diabetes || id:ebi-a-GCST90018926,TRUE,reported,igd,2,1,TRUE
67,rs56348580,C,G,C,G,-0.0631,-0.00018956,0.301336,0.307292,FALSE,TRUE,FALSE,COPD,12,121432117,0.000132705,462933,0.15,"Non-cancer illness code, self-reported: chronic obstructive airways disease/copd || id:ukb-b-13447","Non-cancer illness code, self-reported: chronic obstructive airways disease/copd","Non-cancer illness code, self-reported: chronic obstructive airways disease/copd ||  || ",TRUE,igd,NA,NA,NA,NA,NA,NA,NA,12,121432117,0.0093,1.41E-11,490089,Diabetes,Type 2 diabetes || id:ebi-a-GCST90018926,TRUE,reported,igd,2,1,TRUE
68,rs62319060,C,T,C,T,0.0371,0.000267856,0.470491,0.36077,FALSE,FALSE,FALSE,COPD,4,96145415,0.000127167,462933,0.0350002,"Non-cancer illness code, self-reported: chronic obstructive airways disease/copd || id:ukb-b-13447","Non-cancer illness code, self-reported: chronic obstructive airways disease/copd","Non-cancer illness code, self-reported: chronic obstructive airways disease/copd ||  || ",TRUE,igd,NA,NA,NA,NA,NA,NA,NA,4,96145415,0.0066,1.95E-08,490089,Diabetes,Type 2 diabetes || id:ebi-a-GCST90018926,TRUE,reported,igd,2,1,TRUE
69,rs6438138,T,A,T,A,0.041,-0.000186456,0.306114,0.246859,FALSE,TRUE,FALSE,COPD,3,113094122,0.000141813,462933,0.19,"Non-cancer illness code, self-reported: chronic obstructive airways disease/copd || id:ukb-b-13447","Non-cancer illness code, self-reported: chronic obstructive airways disease/copd","Non-cancer illness code, self-reported: chronic obstructive airways disease/copd ||  || ",TRUE,igd,TRUE,rs6438138,rs73235093,T,A,C,T,3,113026691,0.0067,9.51E-10,490089,Diabetes,Type 2 diabetes || id:ebi-a-GCST90018926,TRUE,reported,igd,2,1,TRUE
70,rs6453133,G,A,G,A,-0.0438,3.63E-05,0.357642,0.288443,FALSE,FALSE,FALSE,COPD,5,74692776,0.00013467,462933,0.79,"Non-cancer illness code, self-reported: chronic obstructive airways disease/copd || id:ukb-b-13447","Non-cancer illness code, self-reported: chronic obstructive airways disease/copd","Non-cancer illness code, self-reported: chronic obstructive airways disease/copd ||  || ",TRUE,igd,NA,NA,NA,NA,NA,NA,NA,5,74692776,0.0065,1.56E-11,490089,Diabetes,Type 2 diabetes || id:ebi-a-GCST90018926,TRUE,reported,igd,2,1,TRUE
71,rs6496742,T,C,T,C,0.0582,2.37E-05,0.303172,0.234269,FALSE,FALSE,FALSE,COPD,15,91523036,0.000144193,462933,0.87,"Non-cancer illness code, self-reported: chronic obstructive airways disease/copd || id:ukb-b-13447","Non-cancer illness code, self-reported: chronic obstructive airways disease/copd","Non-cancer illness code, self-reported: chronic obstructive airways disease/copd ||  || ",TRUE,igd,NA,NA,NA,NA,NA,NA,NA,15,91523036,0.0067,5.76E-18,490089,Diabetes,Type 2 diabetes || id:ebi-a-GCST90018926,TRUE,reported,igd,2,1,TRUE
72,rs6554060,G,A,G,A,0.0366,0.000247364,0.376916,0.292919,FALSE,FALSE,FALSE,COPD,4,52776901,0.000134213,462933,0.0649995,"Non-cancer illness code, self-reported: chronic obstructive airways disease/copd || id:ukb-b-13447","Non-cancer illness code, self-reported: chronic obstructive airways disease/copd","Non-cancer illness code, self-reported: chronic obstructive airways disease/copd ||  || ",TRUE,igd,NA,NA,NA,NA,NA,NA,NA,4,52776901,0.0066,3.59E-08,490089,Diabetes,Type 2 diabetes || id:ebi-a-GCST90018926,TRUE,reported,igd,2,1,TRUE
73,rs6567160,C,T,C,T,0.0785,0.000147143,0.218731,0.232723,FALSE,FALSE,FALSE,COPD,18,57829135,0.000144503,462933,0.31,"Non-cancer illness code, self-reported: chronic obstructive airways disease/copd || id:ukb-b-13447","Non-cancer illness code, self-reported: chronic obstructive airways disease/copd","Non-cancer illness code, self-reported: chronic obstructive airways disease/copd ||  || ",TRUE,igd,NA,NA,NA,NA,NA,NA,NA,18,57829135,0.0076,4.88E-25,490089,Diabetes,Type 2 diabetes || id:ebi-a-GCST90018926,TRUE,reported,igd,2,1,TRUE
74,rs6813195,T,C,T,C,-0.062,-6.84E-05,0.353285,0.278296,FALSE,FALSE,FALSE,COPD,4,153520475,0.000139503,462933,0.62,"Non-cancer illness code, self-reported: chronic obstructive airways disease/copd || id:ukb-b-13447","Non-cancer illness code, self-reported: chronic obstructive airways disease/copd","Non-cancer illness code, self-reported: chronic obstructive airways disease/copd ||  || ",TRUE,igd,NA,NA,NA,NA,NA,NA,NA,4,153520475,0.0066,4.38E-21,490089,Diabetes,Type 2 diabetes || id:ebi-a-GCST90018926,TRUE,reported,igd,2,1,TRUE
75,rs6878122,A,G,A,G,-0.0547,-8.35E-05,0.778957,0.68048,FALSE,FALSE,FALSE,COPD,5,76427311,0.000131081,462933,0.52,"Non-cancer illness code, self-reported: chronic obstructive airways disease/copd || id:ukb-b-13447","Non-cancer illness code, self-reported: chronic obstructive airways disease/copd","Non-cancer illness code, self-reported: chronic obstructive airways disease/copd ||  || ",TRUE,igd,NA,NA,NA,NA,NA,NA,NA,5,76427311,0.0092,2.46E-09,490089,Diabetes,Type 2 diabetes || id:ebi-a-GCST90018926,TRUE,reported,igd,2,1,TRUE
76,rs6985028,A,G,A,G,-0.0408,3.47E-05,0.656712,0.558361,FALSE,FALSE,FALSE,COPD,8,30822094,0.000122898,462933,0.780001,"Non-cancer illness code, self-reported: chronic obstructive airways disease/copd || id:ukb-b-13447","Non-cancer illness code, self-reported: chronic obstructive airways disease/copd","Non-cancer illness code, self-reported: chronic obstructive airways disease/copd ||  || ",TRUE,igd,NA,NA,NA,NA,NA,NA,NA,8,30822094,0.0073,2.82E-08,490089,Diabetes,Type 2 diabetes || id:ebi-a-GCST90018926,TRUE,reported,igd,2,1,TRUE
77,rs7132908,A,G,A,G,0.0394,-0.000133281,0.358104,0.38446,FALSE,FALSE,FALSE,COPD,12,50263148,0.000125631,462933,0.29,"Non-cancer illness code, self-reported: chronic obstructive airways disease/copd || id:ukb-b-13447","Non-cancer illness code, self-reported: chronic obstructive airways disease/copd","Non-cancer illness code, self-reported: chronic obstructive airways disease/copd ||  || ",TRUE,igd,NA,NA,NA,NA,NA,NA,NA,12,50263148,0.0066,2.63E-09,490089,Diabetes,Type 2 diabetes || id:ebi-a-GCST90018926,TRUE,reported,igd,2,1,TRUE
78,rs7141,A,G,A,G,-0.0357,0.000193589,0.6394,0.671617,FALSE,FALSE,FALSE,COPD,17,7614601,0.000131109,462933,0.14,"Non-cancer illness code, self-reported: chronic obstructive airways disease/copd || id:ukb-b-13447","Non-cancer illness code, self-reported: chronic obstructive airways disease/copd","Non-cancer illness code, self-reported: chronic obstructive airways disease/copd ||  || ",TRUE,igd,NA,NA,NA,NA,NA,NA,NA,17,7614601,0.0065,3.75E-08,490089,Diabetes,Type 2 diabetes || id:ebi-a-GCST90018926,TRUE,reported,igd,2,1,TRUE
79,rs71424153,C,G,C,G,-0.0429,-0.000119187,0.259162,0.241542,FALSE,TRUE,FALSE,COPD,2,65280894,0.000142556,462933,0.4,"Non-cancer illness code, self-reported: chronic obstructive airways disease/copd || id:ukb-b-13447","Non-cancer illness code, self-reported: chronic obstructive airways disease/copd","Non-cancer illness code, self-reported: chronic obstructive airways disease/copd ||  || ",TRUE,igd,NA,NA,NA,NA,NA,NA,NA,2,65280894,0.007,9.23E-10,490089,Diabetes,Type 2 diabetes || id:ebi-a-GCST90018926,TRUE,reported,igd,2,1,TRUE
80,rs7172432,G,A,G,A,-0.0604,2.15E-06,0.452818,0.428025,FALSE,FALSE,FALSE,COPD,15,62396389,0.000123436,462933,0.99,"Non-cancer illness code, self-reported: chronic obstructive airways disease/copd || id:ukb-b-13447","Non-cancer illness code, self-reported: chronic obstructive airways disease/copd","Non-cancer illness code, self-reported: chronic obstructive airways disease/copd ||  || ",TRUE,igd,NA,NA,NA,NA,NA,NA,NA,15,62396389,0.0063,8.28E-22,490089,Diabetes,Type 2 diabetes || id:ebi-a-GCST90018926,TRUE,reported,igd,2,1,TRUE
81,rs7250869,C,T,C,T,-0.0488,-4.92E-05,0.628785,0.688629,FALSE,FALSE,FALSE,COPD,19,33887405,0.000131993,462933,0.709999,"Non-cancer illness code, self-reported: chronic obstructive airways disease/copd || id:ukb-b-13447","Non-cancer illness code, self-reported: chronic obstructive airways disease/copd","Non-cancer illness code, self-reported: chronic obstructive airways disease/copd ||  || ",TRUE,igd,NA,NA,NA,NA,NA,NA,NA,19,33887405,0.0065,5.17E-14,490089,Diabetes,Type 2 diabetes || id:ebi-a-GCST90018926,TRUE,reported,igd,2,1,TRUE
82,rs72830608,T,G,T,G,0.0482,7.14E-05,0.305978,0.220681,FALSE,FALSE,FALSE,COPD,6,20519120,0.000148061,462933,0.630001,"Non-cancer illness code, self-reported: chronic obstructive airways disease/copd || id:ukb-b-13447","Non-cancer illness code, self-reported: chronic obstructive airways disease/copd","Non-cancer illness code, self-reported: chronic obstructive airways disease/copd ||  || ",TRUE,igd,NA,NA,NA,NA,NA,NA,NA,6,20519120,0.0077,3.27E-10,490089,Diabetes,Type 2 diabetes || id:ebi-a-GCST90018926,TRUE,reported,igd,2,1,TRUE
83,rs72964564,C,A,C,A,-0.1004,0.000108434,0.231426,0.250022,FALSE,FALSE,FALSE,COPD,3,123054770,0.000141603,462933,0.44,"Non-cancer illness code, self-reported: chronic obstructive airways disease/copd || id:ukb-b-13447","Non-cancer illness code, self-reported: chronic obstructive airways disease/copd","Non-cancer illness code, self-reported: chronic obstructive airways disease/copd ||  || ",TRUE,igd,NA,NA,NA,NA,NA,NA,NA,3,123054770,0.0104,3.96E-22,490089,Diabetes,Type 2 diabetes || id:ebi-a-GCST90018926,TRUE,reported,igd,2,1,TRUE
84,rs755249,T,C,T,C,0.0617,0.00037685,0.217225,0.232604,FALSE,FALSE,FALSE,COPD,1,39995074,0.000144706,462933,0.00920005,"Non-cancer illness code, self-reported: chronic obstructive airways disease/copd || id:ukb-b-13447","Non-cancer illness code, self-reported: chronic obstructive airways disease/copd","Non-cancer illness code, self-reported: chronic obstructive airways disease/copd ||  || ",TRUE,igd,NA,NA,NA,NA,NA,NA,NA,1,39995074,0.0077,1.45E-15,490089,Diabetes,Type 2 diabetes || id:ebi-a-GCST90018926,TRUE,reported,igd,2,1,TRUE
85,rs7778167,A,G,A,G,0.0571,-7.62E-05,0.216676,0.268794,FALSE,FALSE,FALSE,COPD,7,127851628,0.000139851,462933,0.59,"Non-cancer illness code, self-reported: chronic obstructive airways disease/copd || id:ukb-b-13447","Non-cancer illness code, self-reported: chronic obstructive airways disease/copd","Non-cancer illness code, self-reported: chronic obstructive airways disease/copd ||  || ",TRUE,igd,NA,NA,NA,NA,NA,NA,NA,7,127851628,0.0082,4.22E-12,490089,Diabetes,Type 2 diabetes || id:ebi-a-GCST90018926,TRUE,reported,igd,2,1,TRUE
86,rs8043085,T,G,T,G,0.0457,0.000166213,0.301228,0.233779,FALSE,FALSE,FALSE,COPD,15,38828140,0.000144693,462933,0.25,"Non-cancer illness code, self-reported: chronic obstructive airways disease/copd || id:ukb-b-13447","Non-cancer illness code, self-reported: chronic obstructive airways disease/copd","Non-cancer illness code, self-reported: chronic obstructive airways disease/copd ||  || ",TRUE,igd,NA,NA,NA,NA,NA,NA,NA,15,38828140,0.0068,1.84E-11,490089,Diabetes,Type 2 diabetes || id:ebi-a-GCST90018926,TRUE,reported,igd,2,1,TRUE
87,rs860262,A,C,A,C,-0.0668,-6.70E-07,0.420673,0.501613,FALSE,FALSE,FALSE,COPD,7,28194397,0.000122157,462933,1,"Non-cancer illness code, self-reported: chronic obstructive airways disease/copd || id:ukb-b-13447","Non-cancer illness code, self-reported: chronic obstructive airways disease/copd","Non-cancer illness code, self-reported: chronic obstructive airways disease/copd ||  || ",TRUE,igd,NA,NA,NA,NA,NA,NA,NA,7,28194397,0.0068,9.18E-23,490089,Diabetes,Type 2 diabetes || id:ebi-a-GCST90018926,TRUE,reported,igd,2,1,TRUE
88,rs9304665,A,T,A,T,0.0545,-0.00035559,0.752917,0.763509,FALSE,TRUE,FALSE,COPD,19,47602577,0.000144004,462933,0.0140001,"Non-cancer illness code, self-reported: chronic obstructive airways disease/copd || id:ukb-b-13447","Non-cancer illness code, self-reported: chronic obstructive airways disease/copd","Non-cancer illness code, self-reported: chronic obstructive airways disease/copd ||  || ",TRUE,igd,NA,NA,NA,NA,NA,NA,NA,19,47602577,0.0098,2.63E-08,490089,Diabetes,Type 2 diabetes || id:ebi-a-GCST90018926,TRUE,reported,igd,2,1,TRUE
89,rs9368222,A,C,A,C,0.1551,5.62E-05,0.318552,0.26245,FALSE,FALSE,FALSE,COPD,6,20686996,0.000138804,462933,0.69,"Non-cancer illness code, self-reported: chronic obstructive airways disease/copd || id:ukb-b-13447","Non-cancer illness code, self-reported: chronic obstructive airways disease/copd","Non-cancer illness code, self-reported: chronic obstructive airways disease/copd ||  || ",TRUE,igd,NA,NA,NA,NA,NA,NA,NA,6,20686996,0.0066,2.04E-122,490089,Diabetes,Type 2 diabetes || id:ebi-a-GCST90018926,TRUE,reported,igd,2,1,TRUE
90,rs9562987,A,G,A,G,-0.0413,-0.000155569,0.41532,0.326592,FALSE,FALSE,FALSE,COPD,13,51095908,0.000130282,462933,0.23,"Non-cancer illness code, self-reported: chronic obstructive airways disease/copd || id:ukb-b-13447","Non-cancer illness code, self-reported: chronic obstructive airways disease/copd","Non-cancer illness code, self-reported: chronic obstructive airways disease/copd ||  || ",TRUE,igd,NA,NA,NA,NA,NA,NA,NA,13,51095908,0.0069,2.31E-09,490089,Diabetes,Type 2 diabetes || id:ebi-a-GCST90018926,TRUE,reported,igd,2,1,TRUE
91,rs9873519,T,C,T,C,0.0373,-0.000101352,0.487086,0.531786,FALSE,FALSE,FALSE,COPD,3,124921457,0.000122614,462933,0.41,"Non-cancer illness code, self-reported: chronic obstructive airways disease/copd || id:ukb-b-13447","Non-cancer illness code, self-reported: chronic obstructive airways disease/copd","Non-cancer illness code, self-reported: chronic obstructive airways disease/copd ||  || ",TRUE,igd,NA,NA,NA,NA,NA,NA,NA,3,124921457,0.0065,7.63E-09,490089,Diabetes,Type 2 diabetes || id:ebi-a-GCST90018926,TRUE,reported,igd,2,1,TRUE
