,SNP,effect_allele.exposure,other_allele.exposure,effect_allele.outcome,other_allele.outcome,beta.exposure,beta.outcome,eaf.exposure,eaf.outcome,remove,palindromic,ambiguous,id.outcome,chr,pos,se.outcome,samplesize.outcome,pval.outcome,outcome,originalname.outcome,outcome.deprecated,mr_keep.outcome,data_source.outcome,proxy.outcome,target_snp.outcome,proxy_snp.outcome,target_a1.outcome,target_a2.outcome,proxy_a1.outcome,proxy_a2.outcome,chr.exposure,pos.exposure,se.exposure,pval.exposure,samplesize.exposure,id.exposure,exposure,mr_keep.exposure,pval_origin.exposure,data_source.exposure,action,SNP_index,mr_keep
1,rs1002389,G,C,G,C,-0.0511,-0.00336157,0.392781,0.347527,FALSE,TRUE,FALSE,Hyperlipidemia,7,156968323,0.00806565,349222,0.676843,Familial combined hyperlipidemia defined by Consensus criteria || id:ebi-a-GCST90104006,Familial combined hyperlipidemia defined by Consensus criteria,Familial combined hyperlipidemia defined by Consensus criteria ||  || ,TRUE,igd,NA,NA,NA,NA,NA,NA,NA,7,156968323,0.0064,2.20E-15,490089,Diabetes,Type 2 diabetes || id:ebi-a-GCST90018926,TRUE,reported,igd,2,1,TRUE
2,rs10062657,A,C,A,C,-0.0417,-0.00254823,0.799903,0.904327,FALSE,FALSE,FALSE,Hyperlipidemia,5,95867908,0.0132193,349222,0.847142,Familial combined hyperlipidemia defined by Consensus criteria || id:ebi-a-GCST90104006,Familial combined hyperlipidemia defined by Consensus criteria,Familial combined hyperlipidemia defined by Consensus criteria ||  || ,TRUE,igd,NA,NA,NA,NA,NA,NA,NA,5,95867908,0.0075,2.59E-08,490089,Diabetes,Type 2 diabetes || id:ebi-a-GCST90018926,TRUE,reported,igd,2,1,TRUE
3,rs10169613,T,C,T,C,-0.0386,-0.00225652,0.446602,0.476186,FALSE,FALSE,FALSE,Hyperlipidemia,2,111934977,0.00769956,349222,0.769467,Familial combined hyperlipidemia defined by Consensus criteria || id:ebi-a-GCST90104006,Familial combined hyperlipidemia defined by Consensus criteria,Familial combined hyperlipidemia defined by Consensus criteria ||  || ,TRUE,igd,NA,NA,NA,NA,NA,NA,NA,2,111934977,0.0063,1.16E-09,490089,Diabetes,Type 2 diabetes || id:ebi-a-GCST90018926,TRUE,reported,igd,2,1,TRUE
4,rs10173251,G,C,G,C,-0.1062,0.0107048,0.11235,0.129498,FALSE,TRUE,FALSE,Hyperlipidemia,2,43529508,0.011421,349222,0.348608,Familial combined hyperlipidemia defined by Consensus criteria || id:ebi-a-GCST90104006,Familial combined hyperlipidemia defined by Consensus criteria,Familial combined hyperlipidemia defined by Consensus criteria ||  || ,TRUE,igd,NA,NA,NA,NA,NA,NA,NA,2,43529508,0.0141,5.86E-14,490089,Diabetes,Type 2 diabetes || id:ebi-a-GCST90018926,TRUE,reported,igd,2,1,TRUE
5,rs10201401,A,G,A,G,0.0421,0.00365047,0.787528,0.878224,FALSE,FALSE,FALSE,Hyperlipidemia,2,44810480,0.0117556,349222,0.756157,Familial combined hyperlipidemia defined by Consensus criteria || id:ebi-a-GCST90104006,Familial combined hyperlipidemia defined by Consensus criteria,Familial combined hyperlipidemia defined by Consensus criteria ||  || ,TRUE,igd,NA,NA,NA,NA,NA,NA,NA,2,44810480,0.0075,1.76E-08,490089,Diabetes,Type 2 diabetes || id:ebi-a-GCST90018926,TRUE,reported,igd,2,1,TRUE
6,rs10268294,A,C,A,C,0.0454,0.0193818,0.796446,0.785432,FALSE,FALSE,FALSE,Hyperlipidemia,7,1873406,0.00939937,349222,0.039204,Familial combined hyperlipidemia defined by Consensus criteria || id:ebi-a-GCST90104006,Familial combined hyperlipidemia defined by Consensus criteria,Familial combined hyperlipidemia defined by Consensus criteria ||  || ,TRUE,igd,NA,NA,NA,NA,NA,NA,NA,7,1873406,0.0081,2.54E-08,490089,Diabetes,Type 2 diabetes || id:ebi-a-GCST90018926,TRUE,reported,igd,2,1,TRUE
7,rs10408179,C,T,C,T,-0.0675,-0.0198489,0.38792,0.440329,FALSE,FALSE,FALSE,Hyperlipidemia,19,46157004,0.00770047,349222,0.00994833,Familial combined hyperlipidemia defined by Consensus criteria || id:ebi-a-GCST90104006,Familial combined hyperlipidemia defined by Consensus criteria,Familial combined hyperlipidemia defined by Consensus criteria ||  || ,TRUE,igd,NA,NA,NA,NA,NA,NA,NA,19,46157004,0.0067,1.33E-23,490089,Diabetes,Type 2 diabetes || id:ebi-a-GCST90018926,TRUE,reported,igd,2,1,TRUE
8,rs1046316,G,A,G,A,0.0999,-0.00428287,0.745203,0.677041,FALSE,FALSE,FALSE,Hyperlipidemia,4,6304087,0.00824771,349222,0.603565,Familial combined hyperlipidemia defined by Consensus criteria || id:ebi-a-GCST90104006,Familial combined hyperlipidemia defined by Consensus criteria,Familial combined hyperlipidemia defined by Consensus criteria ||  || ,TRUE,igd,NA,NA,NA,NA,NA,NA,NA,4,6304087,0.0087,1.63E-30,490089,Diabetes,Type 2 diabetes || id:ebi-a-GCST90018926,TRUE,reported,igd,2,1,TRUE
9,rs10830963,G,C,G,C,0.0504,0.00227831,0.330035,0.275378,FALSE,TRUE,FALSE,Hyperlipidemia,11,92708710,0.00859977,349222,0.791067,Familial combined hyperlipidemia defined by Consensus criteria || id:ebi-a-GCST90104006,Familial combined hyperlipidemia defined by Consensus criteria,Familial combined hyperlipidemia defined by Consensus criteria ||  || ,TRUE,igd,NA,NA,NA,NA,NA,NA,NA,11,92708710,0.0065,1.20E-14,490089,Diabetes,Type 2 diabetes || id:ebi-a-GCST90018926,TRUE,reported,igd,2,1,TRUE
10,rs10900325,C,T,C,T,-0.0557,0.00831279,0.841826,0.874569,FALSE,FALSE,FALSE,Hyperlipidemia,1,146692174,0.0116093,349222,0.473964,Familial combined hyperlipidemia defined by Consensus criteria || id:ebi-a-GCST90104006,Familial combined hyperlipidemia defined by Consensus criteria,Familial combined hyperlipidemia defined by Consensus criteria ||  || ,TRUE,igd,NA,NA,NA,NA,NA,NA,NA,1,146692174,0.0082,8.75E-12,490089,Diabetes,Type 2 diabetes || id:ebi-a-GCST90018926,TRUE,reported,igd,2,1,TRUE
11,rs10938398,A,G,A,G,0.0491,0.0105224,0.406542,0.433609,FALSE,FALSE,FALSE,Hyperlipidemia,4,45186139,0.00777844,349222,0.176133,Familial combined hyperlipidemia defined by Consensus criteria || id:ebi-a-GCST90104006,Familial combined hyperlipidemia defined by Consensus criteria,Familial combined hyperlipidemia defined by Consensus criteria ||  || ,TRUE,igd,NA,NA,NA,NA,NA,NA,NA,4,45186139,0.0065,5.39E-14,490089,Diabetes,Type 2 diabetes || id:ebi-a-GCST90018926,TRUE,reported,igd,2,1,TRUE
12,rs10950494,A,G,A,G,0.0361,0.00958878,0.450764,0.433773,FALSE,FALSE,FALSE,Hyperlipidemia,7,13892902,0.0078072,349222,0.219373,Familial combined hyperlipidemia defined by Consensus criteria || id:ebi-a-GCST90104006,Familial combined hyperlipidemia defined by Consensus criteria,Familial combined hyperlipidemia defined by Consensus criteria ||  || ,TRUE,igd,NA,NA,NA,NA,NA,NA,NA,7,13892902,0.0063,1.08E-08,490089,Diabetes,Type 2 diabetes || id:ebi-a-GCST90018926,TRUE,reported,igd,2,1,TRUE
13,rs10965250,A,G,A,G,-0.1644,-0.0162857,0.235558,0.170761,FALSE,FALSE,FALSE,Hyperlipidemia,9,22133284,0.0102237,349222,0.111173,Familial combined hyperlipidemia defined by Consensus criteria || id:ebi-a-GCST90104006,Familial combined hyperlipidemia defined by Consensus criteria,Familial combined hyperlipidemia defined by Consensus criteria ||  || ,TRUE,igd,NA,NA,NA,NA,NA,NA,NA,9,22133284,0.0073,7.73E-114,490089,Diabetes,Type 2 diabetes || id:ebi-a-GCST90018926,TRUE,reported,igd,2,1,TRUE
14,rs1117610,T,A,T,A,0.0418,0.0122287,0.312695,0.227452,FALSE,TRUE,FALSE,Hyperlipidemia,7,150541189,0.0092498,349222,0.186151,Familial combined hyperlipidemia defined by Consensus criteria || id:ebi-a-GCST90104006,Familial combined hyperlipidemia defined by Consensus criteria,Familial combined hyperlipidemia defined by Consensus criteria ||  || ,TRUE,igd,NA,NA,NA,NA,NA,NA,NA,7,150541189,0.0069,1.66E-09,490089,Diabetes,Type 2 diabetes || id:ebi-a-GCST90018926,TRUE,reported,igd,2,1,TRUE
15,rs112108223,A,G,A,G,-0.2373,0.0543373,0.0147015,0.011831,FALSE,FALSE,FALSE,Hyperlipidemia,12,4271088,0.0365926,349222,0.137563,Familial combined hyperlipidemia defined by Consensus criteria || id:ebi-a-GCST90104006,Familial combined hyperlipidemia defined by Consensus criteria,Familial combined hyperlipidemia defined by Consensus criteria ||  || ,TRUE,igd,NA,NA,NA,NA,NA,NA,NA,12,4271088,0.0344,5.52E-12,490089,Diabetes,Type 2 diabetes || id:ebi-a-GCST90018926,TRUE,reported,igd,2,1,TRUE
16,rs11257655,T,C,T,C,0.1084,0.0195206,0.281992,0.2084,FALSE,FALSE,FALSE,Hyperlipidemia,10,12307894,0.0094766,349222,0.0394103,Familial combined hyperlipidemia defined by Consensus criteria || id:ebi-a-GCST90104006,Familial combined hyperlipidemia defined by Consensus criteria,Familial combined hyperlipidemia defined by Consensus criteria ||  || ,TRUE,igd,NA,NA,NA,NA,NA,NA,NA,10,12307894,0.0069,2.36E-55,490089,Diabetes,Type 2 diabetes || id:ebi-a-GCST90018926,TRUE,reported,igd,2,1,TRUE
17,rs1127215,T,C,T,C,-0.042,0.00381509,0.368543,0.420951,FALSE,FALSE,FALSE,Hyperlipidemia,1,117532790,0.00777479,349222,0.623639,Familial combined hyperlipidemia defined by Consensus criteria || id:ebi-a-GCST90104006,Familial combined hyperlipidemia defined by Consensus criteria,Familial combined hyperlipidemia defined by Consensus criteria ||  || ,TRUE,igd,NA,NA,NA,NA,NA,NA,NA,1,117532790,0.0066,2.54E-10,490089,Diabetes,Type 2 diabetes || id:ebi-a-GCST90018926,TRUE,reported,igd,2,1,TRUE
18,rs1128249,T,G,T,G,-0.0786,-0.0491488,0.300292,0.393115,FALSE,FALSE,FALSE,Hyperlipidemia,2,165528624,0.00788351,349222,4.33E-10,Familial combined hyperlipidemia defined by Consensus criteria || id:ebi-a-GCST90104006,Familial combined hyperlipidemia defined by Consensus criteria,Familial combined hyperlipidemia defined by Consensus criteria ||  || ,TRUE,igd,NA,NA,NA,NA,NA,NA,NA,2,165528624,0.0078,9.30E-24,490089,Diabetes,Type 2 diabetes || id:ebi-a-GCST90018926,TRUE,reported,igd,2,1,TRUE
19,rs113082607,C,A,C,A,0.0895,-0.100252,0.0312395,0.002401,FALSE,FALSE,FALSE,Hyperlipidemia,10,12403619,0.0840151,349222,0.232765,Familial combined hyperlipidemia defined by Consensus criteria || id:ebi-a-GCST90104006,Familial combined hyperlipidemia defined by Consensus criteria,Familial combined hyperlipidemia defined by Consensus criteria ||  || ,TRUE,igd,NA,NA,NA,NA,NA,NA,NA,10,12403619,0.0162,3.03E-08,490089,Diabetes,Type 2 diabetes || id:ebi-a-GCST90018926,TRUE,reported,igd,2,1,TRUE
20,rs114322470,G,T,G,T,-0.2281,-0.0104394,0.0204657,0.01948,FALSE,FALSE,FALSE,Hyperlipidemia,10,114736670,0.0282389,349222,0.711621,Familial combined hyperlipidemia defined by Consensus criteria || id:ebi-a-GCST90104006,Familial combined hyperlipidemia defined by Consensus criteria,Familial combined hyperlipidemia defined by Consensus criteria ||  || ,TRUE,igd,NA,NA,NA,NA,NA,NA,NA,10,114736670,0.0301,3.23E-14,490089,Diabetes,Type 2 diabetes || id:ebi-a-GCST90018926,TRUE,reported,igd,2,1,TRUE
21,rs11471522,TTTTG,T,TTTTG,T,-0.0819,-0.0211703,0.285059,0.285004,FALSE,FALSE,FALSE,Hyperlipidemia,20,45598190,0.00853864,349222,0.0131622,Familial combined hyperlipidemia defined by Consensus criteria || id:ebi-a-GCST90104006,Familial combined hyperlipidemia defined by Consensus criteria,Familial combined hyperlipidemia defined by Consensus criteria ||  || ,TRUE,igd,NA,NA,NA,NA,NA,NA,NA,20,45598190,0.0125,6.41E-11,490089,Diabetes,Type 2 diabetes || id:ebi-a-GCST90018926,TRUE,reported,igd,2,1,TRUE
22,rs115018313,C,T,C,T,0.284,0.00454277,0.0309476,0.023436,FALSE,FALSE,FALSE,Hyperlipidemia,6,32710407,0.0254433,349222,0.858295,Familial combined hyperlipidemia defined by Consensus criteria || id:ebi-a-GCST90104006,Familial combined hyperlipidemia defined by Consensus criteria,Familial combined hyperlipidemia defined by Consensus criteria ||  || ,TRUE,igd,NA,NA,NA,NA,NA,NA,NA,6,32710407,0.0238,7.30E-33,490089,Diabetes,Type 2 diabetes || id:ebi-a-GCST90018926,TRUE,reported,igd,2,1,TRUE
23,rs11514706,C,A,C,A,0.0601,0.00801013,0.500501,0.524279,FALSE,FALSE,FALSE,Hyperlipidemia,7,15059272,0.00771633,349222,0.299235,Familial combined hyperlipidemia defined by Consensus criteria || id:ebi-a-GCST90104006,Familial combined hyperlipidemia defined by Consensus criteria,Familial combined hyperlipidemia defined by Consensus criteria ||  || ,TRUE,igd,NA,NA,NA,NA,NA,NA,NA,7,15059272,0.0063,8.55E-22,490089,Diabetes,Type 2 diabetes || id:ebi-a-GCST90018926,TRUE,reported,igd,2,1,TRUE
24,rs11607147,C,T,C,T,-0.0411,-0.0103723,0.684232,0.673522,FALSE,FALSE,FALSE,Hyperlipidemia,11,65346178,0.00826473,349222,0.209477,Familial combined hyperlipidemia defined by Consensus criteria || id:ebi-a-GCST90104006,Familial combined hyperlipidemia defined by Consensus criteria,Familial combined hyperlipidemia defined by Consensus criteria ||  || ,TRUE,igd,NA,NA,NA,NA,NA,NA,NA,11,65346178,0.0068,1.76E-09,490089,Diabetes,Type 2 diabetes || id:ebi-a-GCST90018926,TRUE,reported,igd,2,1,TRUE
25,rs11651052,G,A,G,A,-0.091,-0.0108622,0.589657,0.524504,FALSE,FALSE,FALSE,Hyperlipidemia,17,36102381,0.00772874,349222,0.159892,Familial combined hyperlipidemia defined by Consensus criteria || id:ebi-a-GCST90104006,Familial combined hyperlipidemia defined by Consensus criteria,Familial combined hyperlipidemia defined by Consensus criteria ||  || ,TRUE,igd,NA,NA,NA,NA,NA,NA,NA,17,36102381,0.0065,5.35E-44,490089,Diabetes,Type 2 diabetes || id:ebi-a-GCST90018926,TRUE,reported,igd,2,1,TRUE
26,rs11680058,A,G,A,G,0.0633,0.00573802,0.879274,0.870349,FALSE,FALSE,FALSE,Hyperlipidemia,2,16574669,0.0123081,349222,0.641074,Familial combined hyperlipidemia defined by Consensus criteria || id:ebi-a-GCST90104006,Familial combined hyperlipidemia defined by Consensus criteria,Familial combined hyperlipidemia defined by Consensus criteria ||  || ,TRUE,igd,NA,NA,NA,NA,NA,NA,NA,2,16574669,0.0108,4.38E-09,490089,Diabetes,Type 2 diabetes || id:ebi-a-GCST90018926,TRUE,reported,igd,2,1,TRUE
27,rs116947250,A,T,A,T,0.0849,-0.0538767,0.031514,0.011029,FALSE,TRUE,FALSE,Hyperlipidemia,5,49673818,0.036753,349222,0.142671,Familial combined hyperlipidemia defined by Consensus criteria || id:ebi-a-GCST90104006,Familial combined hyperlipidemia defined by Consensus criteria,Familial combined hyperlipidemia defined by Consensus criteria ||  || ,TRUE,igd,NA,NA,NA,NA,NA,NA,NA,5,49673818,0.0155,3.93E-08,490089,Diabetes,Type 2 diabetes || id:ebi-a-GCST90018926,TRUE,reported,igd,2,1,TRUE
28,rs117430555,T,G,T,G,0.1366,0.0205805,0.0336968,0.032094,FALSE,FALSE,FALSE,Hyperlipidemia,15,57610146,0.0220057,349222,0.349667,Familial combined hyperlipidemia defined by Consensus criteria || id:ebi-a-GCST90104006,Familial combined hyperlipidemia defined by Consensus criteria,Familial combined hyperlipidemia defined by Consensus criteria ||  || ,TRUE,igd,NA,NA,NA,NA,NA,NA,NA,15,57610146,0.0235,5.96E-09,490089,Diabetes,Type 2 diabetes || id:ebi-a-GCST90018926,TRUE,reported,igd,2,1,TRUE
29,rs11802899,A,C,A,C,-0.0497,-0.019093,0.817422,0.881582,FALSE,FALSE,FALSE,Hyperlipidemia,1,22112174,0.0118855,349222,0.108184,Familial combined hyperlipidemia defined by Consensus criteria || id:ebi-a-GCST90104006,Familial combined hyperlipidemia defined by Consensus criteria,Familial combined hyperlipidemia defined by Consensus criteria ||  || ,TRUE,igd,NA,NA,NA,NA,NA,NA,NA,1,22112174,0.0077,1.09E-10,490089,Diabetes,Type 2 diabetes || id:ebi-a-GCST90018926,TRUE,reported,igd,2,1,TRUE
30,rs11819995,T,C,T,C,0.0493,0.000258701,0.213049,0.22857,FALSE,FALSE,FALSE,Hyperlipidemia,11,128389391,0.00916964,349222,0.977492,Familial combined hyperlipidemia defined by Consensus criteria || id:ebi-a-GCST90104006,Familial combined hyperlipidemia defined by Consensus criteria,Familial combined hyperlipidemia defined by Consensus criteria ||  || ,TRUE,igd,NA,NA,NA,NA,NA,NA,NA,11,128389391,0.0077,1.27E-10,490089,Diabetes,Type 2 diabetes || id:ebi-a-GCST90018926,TRUE,reported,igd,2,1,TRUE
31,rs11846158,G,A,G,A,0.037,0.0126118,0.283548,0.219474,FALSE,FALSE,FALSE,Hyperlipidemia,14,103292959,0.0093033,349222,0.175219,Familial combined hyperlipidemia defined by Consensus criteria || id:ebi-a-GCST90104006,Familial combined hyperlipidemia defined by Consensus criteria,Familial combined hyperlipidemia defined by Consensus criteria ||  || ,TRUE,igd,NA,NA,NA,NA,NA,NA,NA,14,103292959,0.0068,4.89E-08,490089,Diabetes,Type 2 diabetes || id:ebi-a-GCST90018926,TRUE,reported,igd,2,1,TRUE
32,rs12001437,C,T,C,T,0.0367,0.000346434,0.413559,0.366339,FALSE,FALSE,FALSE,Hyperlipidemia,9,34074476,0.00798367,349222,0.965388,Familial combined hyperlipidemia defined by Consensus criteria || id:ebi-a-GCST90104006,Familial combined hyperlipidemia defined by Consensus criteria,Familial combined hyperlipidemia defined by Consensus criteria ||  || ,TRUE,igd,NA,NA,NA,NA,NA,NA,NA,9,34074476,0.0064,1.02E-08,490089,Diabetes,Type 2 diabetes || id:ebi-a-GCST90018926,TRUE,reported,igd,2,1,TRUE
33,rs12108088,A,G,A,G,-0.0365,-0.00854961,0.439211,0.401014,FALSE,FALSE,FALSE,Hyperlipidemia,3,64722045,0.0078617,349222,0.276815,Familial combined hyperlipidemia defined by Consensus criteria || id:ebi-a-GCST90104006,Familial combined hyperlipidemia defined by Consensus criteria,Familial combined hyperlipidemia defined by Consensus criteria ||  || ,TRUE,igd,NA,NA,NA,NA,NA,NA,NA,3,64722045,0.0065,2.21E-08,490089,Diabetes,Type 2 diabetes || id:ebi-a-GCST90018926,TRUE,reported,igd,2,1,TRUE
34,rs1215468,G,A,G,A,-0.0749,-0.00540756,0.287639,0.292604,FALSE,FALSE,FALSE,Hyperlipidemia,13,80707429,0.00850643,349222,0.524971,Familial combined hyperlipidemia defined by Consensus criteria || id:ebi-a-GCST90104006,Familial combined hyperlipidemia defined by Consensus criteria,Familial combined hyperlipidemia defined by Consensus criteria ||  || ,TRUE,igd,NA,NA,NA,NA,NA,NA,NA,13,80707429,0.0069,3.91E-27,490089,Diabetes,Type 2 diabetes || id:ebi-a-GCST90018926,TRUE,reported,igd,2,1,TRUE
35,rs12441261,A,C,A,C,-0.0435,-0.0353239,0.248102,0.131361,FALSE,FALSE,FALSE,Hyperlipidemia,15,93834743,0.0114406,349222,0.00201781,Familial combined hyperlipidemia defined by Consensus criteria || id:ebi-a-GCST90104006,Familial combined hyperlipidemia defined by Consensus criteria,Familial combined hyperlipidemia defined by Consensus criteria ||  || ,TRUE,igd,NA,NA,NA,NA,NA,NA,NA,15,93834743,0.0074,4.50E-09,490089,Diabetes,Type 2 diabetes || id:ebi-a-GCST90018926,TRUE,reported,igd,2,1,TRUE
36,rs12453376,G,A,G,A,0.0581,-0.00806565,0.2041,0.173079,FALSE,FALSE,FALSE,Hyperlipidemia,17,4032785,0.0101719,349222,0.427814,Familial combined hyperlipidemia defined by Consensus criteria || id:ebi-a-GCST90104006,Familial combined hyperlipidemia defined by Consensus criteria,Familial combined hyperlipidemia defined by Consensus criteria ||  || ,TRUE,igd,NA,NA,NA,NA,NA,NA,NA,17,4032785,0.0076,2.33E-14,490089,Diabetes,Type 2 diabetes || id:ebi-a-GCST90018926,TRUE,reported,igd,2,1,TRUE
37,rs12546365,C,T,C,T,-0.0381,-0.0144233,0.55818,0.496111,FALSE,FALSE,FALSE,Hyperlipidemia,8,95911477,0.0076914,349222,0.0607589,Familial combined hyperlipidemia defined by Consensus criteria || id:ebi-a-GCST90104006,Familial combined hyperlipidemia defined by Consensus criteria,Familial combined hyperlipidemia defined by Consensus criteria ||  || ,TRUE,igd,NA,NA,NA,NA,NA,NA,NA,8,95911477,0.0065,4.66E-09,490089,Diabetes,Type 2 diabetes || id:ebi-a-GCST90018926,TRUE,reported,igd,2,1,TRUE
38,rs12578595,T,C,T,C,-0.0715,0.00980183,0.222896,0.197085,FALSE,FALSE,FALSE,Hyperlipidemia,12,27964996,0.0096604,349222,0.310277,Familial combined hyperlipidemia defined by Consensus criteria || id:ebi-a-GCST90104006,Familial combined hyperlipidemia defined by Consensus criteria,Familial combined hyperlipidemia defined by Consensus criteria ||  || ,TRUE,igd,NA,NA,NA,NA,NA,NA,NA,12,27964996,0.0073,1.73E-22,490089,Diabetes,Type 2 diabetes || id:ebi-a-GCST90018926,TRUE,reported,igd,2,1,TRUE
39,rs1260326,C,T,C,T,0.071,-0.155251,0.571429,0.606485,FALSE,FALSE,FALSE,Hyperlipidemia,2,27730940,0.00775182,349222,2.23E-88,Familial combined hyperlipidemia defined by Consensus criteria || id:ebi-a-GCST90104006,Familial combined hyperlipidemia defined by Consensus criteria,Familial combined hyperlipidemia defined by Consensus criteria ||  || ,TRUE,igd,NA,NA,NA,NA,NA,NA,NA,2,27730940,0.0064,6.44E-29,490089,Diabetes,Type 2 diabetes || id:ebi-a-GCST90018926,TRUE,reported,igd,2,1,TRUE
40,rs12625671,C,T,C,T,0.0565,-0.00782653,0.203237,0.105998,FALSE,FALSE,FALSE,Hyperlipidemia,20,42994812,0.0125284,349222,0.532165,Familial combined hyperlipidemia defined by Consensus criteria || id:ebi-a-GCST90104006,Familial combined hyperlipidemia defined by Consensus criteria,Familial combined hyperlipidemia defined by Consensus criteria ||  || ,TRUE,igd,NA,NA,NA,NA,NA,NA,NA,20,42994812,0.0076,1.05E-13,490089,Diabetes,Type 2 diabetes || id:ebi-a-GCST90018926,TRUE,reported,igd,2,1,TRUE
41,rs12692723,G,C,G,C,0.0436,-0.00903875,0.311541,0.27247,FALSE,TRUE,FALSE,Hyperlipidemia,2,165437736,0.00887264,349222,0.308335,Familial combined hyperlipidemia defined by Consensus criteria || id:ebi-a-GCST90104006,Familial combined hyperlipidemia defined by Consensus criteria,Familial combined hyperlipidemia defined by Consensus criteria ||  || ,TRUE,igd,NA,NA,NA,NA,NA,NA,NA,2,165437736,0.0068,1.80E-10,490089,Diabetes,Type 2 diabetes || id:ebi-a-GCST90018926,TRUE,reported,igd,2,1,TRUE
42,rs12698897,A,T,A,T,0.0586,0.0150554,0.256189,0.245777,FALSE,TRUE,FALSE,Hyperlipidemia,7,69783013,0.00894141,349222,0.0922232,Familial combined hyperlipidemia defined by Consensus criteria || id:ebi-a-GCST90104006,Familial combined hyperlipidemia defined by Consensus criteria,Familial combined hyperlipidemia defined by Consensus criteria ||  || ,TRUE,igd,NA,NA,NA,NA,NA,NA,NA,7,69783013,0.0071,1.23E-16,490089,Diabetes,Type 2 diabetes || id:ebi-a-GCST90018926,TRUE,reported,igd,2,1,TRUE
43,rs12763565,G,T,G,T,0.0624,0.0249774,0.134488,0.160051,FALSE,FALSE,FALSE,Hyperlipidemia,10,94520143,0.0105006,349222,0.0173756,Familial combined hyperlipidemia defined by Consensus criteria || id:ebi-a-GCST90104006,Familial combined hyperlipidemia defined by Consensus criteria,Familial combined hyperlipidemia defined by Consensus criteria ||  || ,TRUE,igd,NA,NA,NA,NA,NA,NA,NA,10,94520143,0.01,4.50E-10,490089,Diabetes,Type 2 diabetes || id:ebi-a-GCST90018926,TRUE,reported,igd,2,1,TRUE
44,rs12910361,G,A,G,A,0.0696,0.0234032,0.62609,0.713655,FALSE,FALSE,FALSE,Hyperlipidemia,15,77782335,0.0085116,349222,0.00596733,Familial combined hyperlipidemia defined by Consensus criteria || id:ebi-a-GCST90104006,Familial combined hyperlipidemia defined by Consensus criteria,Familial combined hyperlipidemia defined by Consensus criteria ||  || ,TRUE,igd,NA,NA,NA,NA,NA,NA,NA,15,77782335,0.0066,3.88E-26,490089,Diabetes,Type 2 diabetes || id:ebi-a-GCST90018926,TRUE,reported,igd,2,1,TRUE
45,rs13073970,T,G,T,G,-0.0499,-0.00755004,0.193647,0.20839,FALSE,FALSE,FALSE,Hyperlipidemia,3,170630520,0.00947771,349222,0.425678,Familial combined hyperlipidemia defined by Consensus criteria || id:ebi-a-GCST90104006,Familial combined hyperlipidemia defined by Consensus criteria,Familial combined hyperlipidemia defined by Consensus criteria ||  || ,TRUE,igd,NA,NA,NA,NA,NA,NA,NA,3,170630520,0.008,4.99E-10,490089,Diabetes,Type 2 diabetes || id:ebi-a-GCST90018926,TRUE,reported,igd,2,1,TRUE
46,rs13086642,A,G,A,G,-0.0599,0.0303301,0.092455,0.069186,FALSE,FALSE,FALSE,Hyperlipidemia,3,187705040,0.0152129,349222,0.0461838,Familial combined hyperlipidemia defined by Consensus criteria || id:ebi-a-GCST90104006,Familial combined hyperlipidemia defined by Consensus criteria,Familial combined hyperlipidemia defined by Consensus criteria ||  || ,TRUE,igd,NA,NA,NA,NA,NA,NA,NA,3,187705040,0.0101,3.54E-09,490089,Diabetes,Type 2 diabetes || id:ebi-a-GCST90018926,TRUE,reported,igd,2,1,TRUE
47,rs13162708,T,C,T,C,0.0546,0.0160756,0.208377,0.130646,FALSE,FALSE,FALSE,Hyperlipidemia,5,87943345,0.011402,349222,0.158572,Familial combined hyperlipidemia defined by Consensus criteria || id:ebi-a-GCST90104006,Familial combined hyperlipidemia defined by Consensus criteria,Familial combined hyperlipidemia defined by Consensus criteria ||  || ,TRUE,igd,NA,NA,NA,NA,NA,NA,NA,5,87943345,0.0075,4.28E-13,490089,Diabetes,Type 2 diabetes || id:ebi-a-GCST90018926,TRUE,reported,igd,2,1,TRUE
48,rs13266634,T,C,T,C,-0.1053,-0.0187289,0.348803,0.31089,FALSE,FALSE,FALSE,Hyperlipidemia,8,118184783,0.00830455,349222,0.0241174,Familial combined hyperlipidemia defined by Consensus criteria || id:ebi-a-GCST90104006,Familial combined hyperlipidemia defined by Consensus criteria,Familial combined hyperlipidemia defined by Consensus criteria ||  || ,TRUE,igd,NA,NA,NA,NA,NA,NA,NA,8,118184783,0.0065,1.97E-59,490089,Diabetes,Type 2 diabetes || id:ebi-a-GCST90018926,TRUE,reported,igd,2,1,TRUE
49,rs13292347,C,T,C,T,-0.0727,-0.0127415,0.0708271,0.059583,FALSE,FALSE,FALSE,Hyperlipidemia,9,81908202,0.016312,349222,0.434738,Familial combined hyperlipidemia defined by Consensus criteria || id:ebi-a-GCST90104006,Familial combined hyperlipidemia defined by Consensus criteria,Familial combined hyperlipidemia defined by Consensus criteria ||  || ,TRUE,igd,NA,NA,NA,NA,NA,NA,NA,9,81908202,0.0122,2.57E-09,490089,Diabetes,Type 2 diabetes || id:ebi-a-GCST90018926,TRUE,reported,igd,2,1,TRUE
50,rs1362891,A,G,A,G,-0.0821,0.0207255,0.0714984,0.040393,FALSE,FALSE,FALSE,Hyperlipidemia,8,41666299,0.0194678,349222,0.287055,Familial combined hyperlipidemia defined by Consensus criteria || id:ebi-a-GCST90104006,Familial combined hyperlipidemia defined by Consensus criteria,Familial combined hyperlipidemia defined by Consensus criteria ||  || ,TRUE,igd,NA,NA,NA,NA,NA,NA,NA,8,41666299,0.0117,2.08E-12,490089,Diabetes,Type 2 diabetes || id:ebi-a-GCST90018926,TRUE,reported,igd,2,1,TRUE
51,rs139722172,G,C,G,C,-0.0786,-0.00403881,0.186009,0.185506,FALSE,TRUE,FALSE,Hyperlipidemia,7,102410477,0.0102095,349222,0.692405,Familial combined hyperlipidemia defined by Consensus criteria || id:ebi-a-GCST90104006,Familial combined hyperlipidemia defined by Consensus criteria,Familial combined hyperlipidemia defined by Consensus criteria ||  || ,TRUE,igd,NA,NA,NA,NA,NA,NA,NA,7,102410477,0.0111,1.82E-12,490089,Diabetes,Type 2 diabetes || id:ebi-a-GCST90018926,TRUE,reported,igd,2,1,TRUE
52,rs140896965,T,C,T,C,-0.2313,-0.0680959,0.0187073,0.006658,FALSE,FALSE,FALSE,Hyperlipidemia,20,57648366,0.0509141,349222,0.18107,Familial combined hyperlipidemia defined by Consensus criteria || id:ebi-a-GCST90104006,Familial combined hyperlipidemia defined by Consensus criteria,Familial combined hyperlipidemia defined by Consensus criteria ||  || ,TRUE,igd,NA,NA,NA,NA,NA,NA,NA,20,57648366,0.0279,1.25E-16,490089,Diabetes,Type 2 diabetes || id:ebi-a-GCST90018926,TRUE,reported,igd,2,1,TRUE
53,rs142682088,A,G,A,G,-0.1263,0.0237177,0.0401343,0.039357,FALSE,FALSE,FALSE,Hyperlipidemia,22,30170655,0.019871,349222,0.232641,Familial combined hyperlipidemia defined by Consensus criteria || id:ebi-a-GCST90104006,Familial combined hyperlipidemia defined by Consensus criteria,Familial combined hyperlipidemia defined by Consensus criteria ||  || ,TRUE,igd,NA,NA,NA,NA,NA,NA,NA,22,30170655,0.0217,6.02E-09,490089,Diabetes,Type 2 diabetes || id:ebi-a-GCST90018926,TRUE,reported,igd,2,1,TRUE
54,rs143708136,T,C,T,C,0.2321,0.011358,0.0116967,0.013167,FALSE,FALSE,FALSE,Hyperlipidemia,16,12185129,0.0346437,349222,0.743024,Familial combined hyperlipidemia defined by Consensus criteria || id:ebi-a-GCST90104006,Familial combined hyperlipidemia defined by Consensus criteria,Familial combined hyperlipidemia defined by Consensus criteria ||  || ,TRUE,igd,NA,NA,NA,NA,NA,NA,NA,16,12185129,0.042,3.20E-08,490089,Diabetes,Type 2 diabetes || id:ebi-a-GCST90018926,TRUE,reported,igd,2,1,TRUE
55,rs146733600,T,C,T,C,0.1974,0.00896516,0.0153401,0.016772,FALSE,FALSE,FALSE,Hyperlipidemia,6,32573760,0.0300476,349222,0.765424,Familial combined hyperlipidemia defined by Consensus criteria || id:ebi-a-GCST90104006,Familial combined hyperlipidemia defined by Consensus criteria,Familial combined hyperlipidemia defined by Consensus criteria ||  || ,TRUE,igd,NA,NA,NA,NA,NA,NA,NA,6,32573760,0.036,4.13E-08,490089,Diabetes,Type 2 diabetes || id:ebi-a-GCST90018926,TRUE,reported,igd,2,1,TRUE
56,rs149336329,T,G,T,G,-0.1063,-0.00185529,0.0459427,0.046031,FALSE,FALSE,FALSE,Hyperlipidemia,15,52587740,0.0183549,349222,0.919488,Familial combined hyperlipidemia defined by Consensus criteria || id:ebi-a-GCST90104006,Familial combined hyperlipidemia defined by Consensus criteria,Familial combined hyperlipidemia defined by Consensus criteria ||  || ,TRUE,igd,NA,NA,NA,NA,NA,NA,NA,15,52587740,0.0148,7.97E-13,490089,Diabetes,Type 2 diabetes || id:ebi-a-GCST90018926,TRUE,reported,igd,2,1,TRUE
57,rs1515104,A,T,A,T,0.0754,0.0546661,0.719318,0.652503,FALSE,TRUE,FALSE,Hyperlipidemia,2,227092405,0.00811085,349222,1.45E-11,Familial combined hyperlipidemia defined by Consensus criteria || id:ebi-a-GCST90104006,Familial combined hyperlipidemia defined by Consensus criteria,Familial combined hyperlipidemia defined by Consensus criteria ||  || ,TRUE,igd,NA,NA,NA,NA,NA,NA,NA,2,227092405,0.0078,6.57E-22,490089,Diabetes,Type 2 diabetes || id:ebi-a-GCST90018926,TRUE,reported,igd,2,1,TRUE
58,rs1567353,G,C,G,C,0.0403,0.0188136,0.340343,0.307945,FALSE,TRUE,FALSE,Hyperlipidemia,9,1033773,0.00837034,349222,0.024598,Familial combined hyperlipidemia defined by Consensus criteria || id:ebi-a-GCST90104006,Familial combined hyperlipidemia defined by Consensus criteria,Familial combined hyperlipidemia defined by Consensus criteria ||  || ,TRUE,igd,NA,NA,NA,NA,NA,NA,NA,9,1033773,0.0065,7.25E-10,490089,Diabetes,Type 2 diabetes || id:ebi-a-GCST90018926,TRUE,reported,igd,2,1,TRUE
59,rs1574285,T,G,T,G,-0.065,0.00612819,0.583008,0.601045,FALSE,FALSE,FALSE,Hyperlipidemia,9,4283137,0.0078692,349222,0.436123,Familial combined hyperlipidemia defined by Consensus criteria || id:ebi-a-GCST90104006,Familial combined hyperlipidemia defined by Consensus criteria,Familial combined hyperlipidemia defined by Consensus criteria ||  || ,TRUE,igd,NA,NA,NA,NA,NA,NA,NA,9,4283137,0.0063,1.17E-24,490089,Diabetes,Type 2 diabetes || id:ebi-a-GCST90018926,TRUE,reported,igd,2,1,TRUE
60,rs16858462,C,G,C,G,0.0738,-0.0167279,0.0525964,0.0147,FALSE,TRUE,FALSE,Hyperlipidemia,2,218783532,0.0319231,349222,0.600276,Familial combined hyperlipidemia defined by Consensus criteria || id:ebi-a-GCST90104006,Familial combined hyperlipidemia defined by Consensus criteria,Familial combined hyperlipidemia defined by Consensus criteria ||  || ,TRUE,igd,NA,NA,NA,NA,NA,NA,NA,2,218783532,0.0134,3.58E-08,490089,Diabetes,Type 2 diabetes || id:ebi-a-GCST90018926,TRUE,reported,igd,2,1,TRUE
61,rs17036160,T,C,T,C,-0.1092,-0.0337053,0.105331,0.118632,FALSE,FALSE,FALSE,Hyperlipidemia,3,12329783,0.0119282,349222,0.00471802,Familial combined hyperlipidemia defined by Consensus criteria || id:ebi-a-GCST90104006,Familial combined hyperlipidemia defined by Consensus criteria,Familial combined hyperlipidemia defined by Consensus criteria ||  || ,TRUE,igd,NA,NA,NA,NA,NA,NA,NA,3,12329783,0.0112,1.73E-22,490089,Diabetes,Type 2 diabetes || id:ebi-a-GCST90018926,TRUE,reported,igd,2,1,TRUE
62,rs1707498,A,C,A,C,-0.0499,-0.00859073,0.449132,0.433813,FALSE,FALSE,FALSE,Hyperlipidemia,12,71478626,0.00776005,349222,0.268274,Familial combined hyperlipidemia defined by Consensus criteria || id:ebi-a-GCST90104006,Familial combined hyperlipidemia defined by Consensus criteria,Familial combined hyperlipidemia defined by Consensus criteria ||  || ,TRUE,igd,NA,NA,NA,NA,NA,NA,NA,12,71478626,0.0063,1.47E-15,490089,Diabetes,Type 2 diabetes || id:ebi-a-GCST90018926,TRUE,reported,igd,2,1,TRUE
63,rs17101591,T,C,T,C,-0.0683,0.00219761,0.0577437,0.01337,FALSE,FALSE,FALSE,Hyperlipidemia,10,122947203,0.0334869,349222,0.947676,Familial combined hyperlipidemia defined by Consensus criteria || id:ebi-a-GCST90104006,Familial combined hyperlipidemia defined by Consensus criteria,Familial combined hyperlipidemia defined by Consensus criteria ||  || ,TRUE,igd,NA,NA,NA,NA,NA,NA,NA,10,122947203,0.0114,2.41E-09,490089,Diabetes,Type 2 diabetes || id:ebi-a-GCST90018926,TRUE,reported,igd,2,1,TRUE
64,rs17168486,T,C,T,C,0.0626,0.00251535,0.238504,0.173561,FALSE,FALSE,FALSE,Hyperlipidemia,7,14898282,0.0102047,349222,0.805304,Familial combined hyperlipidemia defined by Consensus criteria || id:ebi-a-GCST90104006,Familial combined hyperlipidemia defined by Consensus criteria,Familial combined hyperlipidemia defined by Consensus criteria ||  || ,TRUE,igd,NA,NA,NA,NA,NA,NA,NA,7,14898282,0.0071,1.57E-18,490089,Diabetes,Type 2 diabetes || id:ebi-a-GCST90018926,TRUE,reported,igd,2,1,TRUE
65,rs17496664,T,C,T,C,-0.0468,0.0122334,0.277089,0.39228,FALSE,FALSE,FALSE,Hyperlipidemia,6,76199697,0.0078989,349222,0.121443,Familial combined hyperlipidemia defined by Consensus criteria || id:ebi-a-GCST90104006,Familial combined hyperlipidemia defined by Consensus criteria,Familial combined hyperlipidemia defined by Consensus criteria ||  || ,TRUE,igd,NA,NA,NA,NA,NA,NA,NA,6,76199697,0.0085,3.66E-08,490089,Diabetes,Type 2 diabetes || id:ebi-a-GCST90018926,TRUE,reported,igd,2,1,TRUE
66,rs1776899,A,G,A,G,0.0899,-0.0126067,0.943992,0.969839,FALSE,FALSE,FALSE,Hyperlipidemia,6,34193230,0.022447,349222,0.574374,Familial combined hyperlipidemia defined by Consensus criteria || id:ebi-a-GCST90104006,Familial combined hyperlipidemia defined by Consensus criteria,Familial combined hyperlipidemia defined by Consensus criteria ||  || ,TRUE,igd,NA,NA,NA,NA,NA,NA,NA,6,34193230,0.012,7.64E-14,490089,Diabetes,Type 2 diabetes || id:ebi-a-GCST90018926,TRUE,reported,igd,2,1,TRUE
67,rs1794138,G,T,G,T,-0.0449,-0.00284632,0.516893,0.514442,FALSE,FALSE,FALSE,Hyperlipidemia,11,49910841,0.00769958,349222,0.711626,Familial combined hyperlipidemia defined by Consensus criteria || id:ebi-a-GCST90104006,Familial combined hyperlipidemia defined by Consensus criteria,Familial combined hyperlipidemia defined by Consensus criteria ||  || ,TRUE,igd,NA,NA,NA,NA,NA,NA,NA,11,49910841,0.0078,6.93E-09,490089,Diabetes,Type 2 diabetes || id:ebi-a-GCST90018926,TRUE,reported,igd,2,1,TRUE
68,rs1861410,T,C,T,C,-0.0372,-0.0143283,0.573342,0.555395,FALSE,FALSE,FALSE,Hyperlipidemia,2,58933591,0.0077559,349222,0.0646889,Familial combined hyperlipidemia defined by Consensus criteria || id:ebi-a-GCST90104006,Familial combined hyperlipidemia defined by Consensus criteria,Familial combined hyperlipidemia defined by Consensus criteria ||  || ,TRUE,igd,NA,NA,NA,NA,NA,NA,NA,2,58933591,0.0064,4.67E-09,490089,Diabetes,Type 2 diabetes || id:ebi-a-GCST90018926,TRUE,reported,igd,2,1,TRUE
69,rs192749,A,T,A,T,0.0497,0.00194213,0.163087,0.185695,FALSE,TRUE,FALSE,Hyperlipidemia,13,26783757,0.00989208,349222,0.84435,Familial combined hyperlipidemia defined by Consensus criteria || id:ebi-a-GCST90104006,Familial combined hyperlipidemia defined by Consensus criteria,Familial combined hyperlipidemia defined by Consensus criteria ||  || ,TRUE,igd,NA,NA,NA,NA,NA,NA,NA,13,26783757,0.0087,1.37E-08,490089,Diabetes,Type 2 diabetes || id:ebi-a-GCST90018926,TRUE,reported,igd,2,1,TRUE
70,rs1966265,A,G,A,G,-0.0465,-0.00143585,0.322278,0.247671,FALSE,FALSE,FALSE,Hyperlipidemia,5,176516631,0.00890574,349222,0.871914,Familial combined hyperlipidemia defined by Consensus criteria || id:ebi-a-GCST90104006,Familial combined hyperlipidemia defined by Consensus criteria,Familial combined hyperlipidemia defined by Consensus criteria ||  || ,TRUE,igd,NA,NA,NA,NA,NA,NA,NA,5,176516631,0.0068,6.92E-12,490089,Diabetes,Type 2 diabetes || id:ebi-a-GCST90018926,TRUE,reported,igd,2,1,TRUE
71,rs1977832,T,G,T,G,-0.1118,-0.0292778,0.502983,0.4096,FALSE,FALSE,FALSE,Hyperlipidemia,10,94463779,0.00782708,349222,0.000181941,Familial combined hyperlipidemia defined by Consensus criteria || id:ebi-a-GCST90104006,Familial combined hyperlipidemia defined by Consensus criteria,Familial combined hyperlipidemia defined by Consensus criteria ||  || ,TRUE,igd,NA,NA,NA,NA,NA,NA,NA,10,94463779,0.0065,2.73E-65,490089,Diabetes,Type 2 diabetes || id:ebi-a-GCST90018926,TRUE,reported,igd,2,1,TRUE
72,rs2010825,C,T,C,T,0.0411,0.0224485,0.519789,0.483786,FALSE,FALSE,FALSE,Hyperlipidemia,7,44188220,0.00777535,349222,0.00388768,Familial combined hyperlipidemia defined by Consensus criteria || id:ebi-a-GCST90104006,Familial combined hyperlipidemia defined by Consensus criteria,Familial combined hyperlipidemia defined by Consensus criteria ||  || ,TRUE,igd,NA,NA,NA,NA,NA,NA,NA,7,44188220,0.0063,8.62E-11,490089,Diabetes,Type 2 diabetes || id:ebi-a-GCST90018926,TRUE,reported,igd,2,1,TRUE
73,rs2034761,G,T,G,T,-0.0375,0.00211718,0.429369,0.40266,FALSE,FALSE,FALSE,Hyperlipidemia,2,234364426,0.00783472,349222,0.786984,Familial combined hyperlipidemia defined by Consensus criteria || id:ebi-a-GCST90104006,Familial combined hyperlipidemia defined by Consensus criteria,Familial combined hyperlipidemia defined by Consensus criteria ||  || ,TRUE,igd,NA,NA,NA,NA,NA,NA,NA,2,234364426,0.0063,3.29E-09,490089,Diabetes,Type 2 diabetes || id:ebi-a-GCST90018926,TRUE,reported,igd,2,1,TRUE
74,rs2115107,A,G,A,G,0.0451,0.0180318,0.372125,0.381037,FALSE,FALSE,FALSE,Hyperlipidemia,19,7968168,0.00788473,349222,0.0221998,Familial combined hyperlipidemia defined by Consensus criteria || id:ebi-a-GCST90104006,Familial combined hyperlipidemia defined by Consensus criteria,Familial combined hyperlipidemia defined by Consensus criteria ||  || ,TRUE,igd,NA,NA,NA,NA,NA,NA,NA,19,7968168,0.0065,4.70E-12,490089,Diabetes,Type 2 diabetes || id:ebi-a-GCST90018926,TRUE,reported,igd,2,1,TRUE
75,rs2237897,T,C,T,C,-0.2678,-0.0228849,0.249812,0.041741,FALSE,FALSE,FALSE,Hyperlipidemia,11,2858546,0.0194994,349222,0.240546,Familial combined hyperlipidemia defined by Consensus criteria || id:ebi-a-GCST90104006,Familial combined hyperlipidemia defined by Consensus criteria,Familial combined hyperlipidemia defined by Consensus criteria ||  || ,TRUE,igd,NA,NA,NA,NA,NA,NA,NA,11,2858546,0.009,1.24E-196,490089,Diabetes,Type 2 diabetes || id:ebi-a-GCST90018926,TRUE,reported,igd,2,1,TRUE
76,rs2270162,G,C,G,C,0.0683,0.0034828,0.0724056,0.034527,FALSE,TRUE,FALSE,Hyperlipidemia,7,69061966,0.0210826,349222,0.868788,Familial combined hyperlipidemia defined by Consensus criteria || id:ebi-a-GCST90104006,Familial combined hyperlipidemia defined by Consensus criteria,Familial combined hyperlipidemia defined by Consensus criteria ||  || ,TRUE,igd,NA,NA,NA,NA,NA,NA,NA,7,69061966,0.0107,2.10E-10,490089,Diabetes,Type 2 diabetes || id:ebi-a-GCST90018926,TRUE,reported,igd,2,1,TRUE
77,rs2382249,G,A,G,A,-0.0465,0.0109213,0.217601,0.128498,FALSE,FALSE,FALSE,Hyperlipidemia,2,149515723,0.0114656,349222,0.340829,Familial combined hyperlipidemia defined by Consensus criteria || id:ebi-a-GCST90104006,Familial combined hyperlipidemia defined by Consensus criteria,Familial combined hyperlipidemia defined by Consensus criteria ||  || ,TRUE,igd,NA,NA,NA,NA,NA,NA,NA,2,149515723,0.0082,1.28E-08,490089,Diabetes,Type 2 diabetes || id:ebi-a-GCST90018926,TRUE,reported,igd,2,1,TRUE
78,rs2578011,T,C,T,C,-0.0693,-0.00726164,0.204526,0.137444,FALSE,FALSE,FALSE,Hyperlipidemia,3,64004819,0.0112291,349222,0.517838,Familial combined hyperlipidemia defined by Consensus criteria || id:ebi-a-GCST90104006,Familial combined hyperlipidemia defined by Consensus criteria,Familial combined hyperlipidemia defined by Consensus criteria ||  || ,TRUE,igd,NA,NA,NA,NA,NA,NA,NA,3,64004819,0.0074,1.06E-20,490089,Diabetes,Type 2 diabetes || id:ebi-a-GCST90018926,TRUE,reported,igd,2,1,TRUE
79,rs2583938,A,T,A,T,0.0692,0.0337131,0.185271,0.132018,FALSE,TRUE,FALSE,Hyperlipidemia,12,66215214,0.0114063,349222,0.00312011,Familial combined hyperlipidemia defined by Consensus criteria || id:ebi-a-GCST90104006,Familial combined hyperlipidemia defined by Consensus criteria,Familial combined hyperlipidemia defined by Consensus criteria ||  || ,TRUE,igd,NA,NA,NA,NA,NA,NA,NA,12,66215214,0.0077,2.96E-19,490089,Diabetes,Type 2 diabetes || id:ebi-a-GCST90018926,TRUE,reported,igd,2,1,TRUE
80,rs2648731,A,G,A,G,0.0647,0.00638769,0.240353,0.225697,FALSE,FALSE,FALSE,Hyperlipidemia,5,52072194,0.00924454,349222,0.489585,Familial combined hyperlipidemia defined by Consensus criteria || id:ebi-a-GCST90104006,Familial combined hyperlipidemia defined by Consensus criteria,Familial combined hyperlipidemia defined by Consensus criteria ||  || ,TRUE,igd,NA,NA,NA,NA,NA,NA,NA,5,52072194,0.0072,3.47E-19,490089,Diabetes,Type 2 diabetes || id:ebi-a-GCST90018926,TRUE,reported,igd,2,1,TRUE
81,rs2706710,T,C,T,C,0.0495,0.0102358,0.161364,0.181687,FALSE,FALSE,FALSE,Hyperlipidemia,17,65641651,0.0100096,349222,0.3065,Familial combined hyperlipidemia defined by Consensus criteria || id:ebi-a-GCST90104006,Familial combined hyperlipidemia defined by Consensus criteria,Familial combined hyperlipidemia defined by Consensus criteria ||  || ,TRUE,igd,NA,NA,NA,NA,NA,NA,NA,17,65641651,0.0088,1.96E-08,490089,Diabetes,Type 2 diabetes || id:ebi-a-GCST90018926,TRUE,reported,igd,2,1,TRUE
82,rs2796441,A,G,A,G,-0.0679,0.000736908,0.472771,0.419577,FALSE,FALSE,FALSE,Hyperlipidemia,9,84308948,0.00778147,349222,0.924553,Familial combined hyperlipidemia defined by Consensus criteria || id:ebi-a-GCST90104006,Familial combined hyperlipidemia defined by Consensus criteria,Familial combined hyperlipidemia defined by Consensus criteria ||  || ,TRUE,igd,NA,NA,NA,NA,NA,NA,NA,9,84308948,0.0063,1.11E-26,490089,Diabetes,Type 2 diabetes || id:ebi-a-GCST90018926,TRUE,reported,igd,2,1,TRUE
83,rs2815625,A,C,A,C,0.0348,-0.00851092,0.453483,0.416244,FALSE,FALSE,FALSE,Hyperlipidemia,10,12598322,0.00786186,349222,0.279004,Familial combined hyperlipidemia defined by Consensus criteria || id:ebi-a-GCST90104006,Familial combined hyperlipidemia defined by Consensus criteria,Familial combined hyperlipidemia defined by Consensus criteria ||  || ,TRUE,igd,NA,NA,NA,NA,NA,NA,NA,10,12598322,0.0063,3.50E-08,490089,Diabetes,Type 2 diabetes || id:ebi-a-GCST90018926,TRUE,reported,igd,2,1,TRUE
84,rs28375915,A,G,A,G,-0.0498,-0.00906738,0.476839,0.493938,FALSE,FALSE,FALSE,Hyperlipidemia,22,50354255,0.00810164,349222,0.263053,Familial combined hyperlipidemia defined by Consensus criteria || id:ebi-a-GCST90104006,Familial combined hyperlipidemia defined by Consensus criteria,Familial combined hyperlipidemia defined by Consensus criteria ||  || ,TRUE,igd,NA,NA,NA,NA,NA,NA,NA,22,50354255,0.0077,1.21E-10,490089,Diabetes,Type 2 diabetes || id:ebi-a-GCST90018926,TRUE,reported,igd,2,1,TRUE
85,rs28637955,G,A,G,A,-0.067,-0.0238409,0.373478,0.373451,FALSE,FALSE,FALSE,Hyperlipidemia,20,62447327,0.00802861,349222,0.00298291,Familial combined hyperlipidemia defined by Consensus criteria || id:ebi-a-GCST90104006,Familial combined hyperlipidemia defined by Consensus criteria,Familial combined hyperlipidemia defined by Consensus criteria ||  || ,TRUE,igd,NA,NA,NA,NA,NA,NA,NA,20,62447327,0.0118,1.31E-08,490089,Diabetes,Type 2 diabetes || id:ebi-a-GCST90018926,TRUE,reported,igd,2,1,TRUE
86,rs28642213,G,A,G,A,0.1006,0.0121102,0.773252,0.750635,FALSE,FALSE,FALSE,Hyperlipidemia,9,139248082,0.00890014,349222,0.173616,Familial combined hyperlipidemia defined by Consensus criteria || id:ebi-a-GCST90104006,Familial combined hyperlipidemia defined by Consensus criteria,Familial combined hyperlipidemia defined by Consensus criteria ||  || ,TRUE,igd,NA,NA,NA,NA,NA,NA,NA,9,139248082,0.0079,3.80E-37,490089,Diabetes,Type 2 diabetes || id:ebi-a-GCST90018926,TRUE,reported,igd,2,1,TRUE
87,rs3110641,G,A,G,A,0.0598,-0.000133312,0.76149,0.783668,FALSE,FALSE,FALSE,Hyperlipidemia,17,36047417,0.00939444,349222,0.988678,Familial combined hyperlipidemia defined by Consensus criteria || id:ebi-a-GCST90104006,Familial combined hyperlipidemia defined by Consensus criteria,Familial combined hyperlipidemia defined by Consensus criteria ||  || ,TRUE,igd,NA,NA,NA,NA,NA,NA,NA,17,36047417,0.0072,1.34E-16,490089,Diabetes,Type 2 diabetes || id:ebi-a-GCST90018926,TRUE,reported,igd,2,1,TRUE
88,rs340874,C,T,C,T,0.0535,0.00719373,0.493303,0.569721,FALSE,FALSE,FALSE,Hyperlipidemia,1,214159256,0.0077515,349222,0.353385,Familial combined hyperlipidemia defined by Consensus criteria || id:ebi-a-GCST90104006,Familial combined hyperlipidemia defined by Consensus criteria,Familial combined hyperlipidemia defined by Consensus criteria ||  || ,TRUE,igd,NA,NA,NA,NA,NA,NA,NA,1,214159256,0.0063,3.51E-17,490089,Diabetes,Type 2 diabetes || id:ebi-a-GCST90018926,TRUE,reported,igd,2,1,TRUE
89,rs348330,A,G,A,G,-0.0539,-0.00953998,0.543403,0.634513,FALSE,FALSE,FALSE,Hyperlipidemia,1,229672955,0.00801219,349222,0.233778,Familial combined hyperlipidemia defined by Consensus criteria || id:ebi-a-GCST90104006,Familial combined hyperlipidemia defined by Consensus criteria,Familial combined hyperlipidemia defined by Consensus criteria ||  || ,TRUE,igd,NA,NA,NA,NA,NA,NA,NA,1,229672955,0.0068,3.36E-15,490089,Diabetes,Type 2 diabetes || id:ebi-a-GCST90018926,TRUE,reported,igd,2,1,TRUE
90,rs34872471,C,T,C,T,0.2972,0.0231485,0.207525,0.290486,FALSE,FALSE,FALSE,Hyperlipidemia,10,114754071,0.00848488,349222,0.0063681,Familial combined hyperlipidemia defined by Consensus criteria || id:ebi-a-GCST90104006,Familial combined hyperlipidemia defined by Consensus criteria,Familial combined hyperlipidemia defined by Consensus criteria ||  || ,TRUE,igd,NA,NA,NA,NA,NA,NA,NA,10,114754071,0.0091,1.00E-200,490089,Diabetes,Type 2 diabetes || id:ebi-a-GCST90018926,TRUE,reported,igd,2,1,TRUE
91,rs35352848,C,T,C,T,-0.0881,0.000475502,0.213447,0.204761,FALSE,FALSE,FALSE,Hyperlipidemia,3,23455582,0.00952088,349222,0.960168,Familial combined hyperlipidemia defined by Consensus criteria || id:ebi-a-GCST90104006,Familial combined hyperlipidemia defined by Consensus criteria,Familial combined hyperlipidemia defined by Consensus criteria ||  || ,TRUE,igd,NA,NA,NA,NA,NA,NA,NA,3,23455582,0.0078,1.36E-29,490089,Diabetes,Type 2 diabetes || id:ebi-a-GCST90018926,TRUE,reported,igd,2,1,TRUE
92,rs35385487,G,A,G,A,-0.076,-0.0492804,0.11622,0.023441,FALSE,FALSE,FALSE,Hyperlipidemia,4,1286339,0.0254046,349222,0.0524011,Familial combined hyperlipidemia defined by Consensus criteria || id:ebi-a-GCST90104006,Familial combined hyperlipidemia defined by Consensus criteria,Familial combined hyperlipidemia defined by Consensus criteria ||  || ,TRUE,igd,NA,NA,NA,NA,NA,NA,NA,4,1286339,0.0089,1.47E-17,490089,Diabetes,Type 2 diabetes || id:ebi-a-GCST90018926,TRUE,reported,igd,2,1,TRUE
93,rs35473599,A,G,A,G,0.0553,0.000307848,0.182945,0.244188,FALSE,FALSE,FALSE,Hyperlipidemia,7,74088893,0.00894391,349222,0.972542,Familial combined hyperlipidemia defined by Consensus criteria || id:ebi-a-GCST90104006,Familial combined hyperlipidemia defined by Consensus criteria,Familial combined hyperlipidemia defined by Consensus criteria ||  || ,TRUE,igd,NA,NA,NA,NA,NA,NA,NA,7,74088893,0.0093,2.67E-09,490089,Diabetes,Type 2 diabetes || id:ebi-a-GCST90018926,TRUE,reported,igd,2,1,TRUE
94,rs35895680,A,C,A,C,-0.0584,-0.0302236,0.24391,0.326778,FALSE,FALSE,FALSE,Hyperlipidemia,17,47060322,0.00827566,349222,0.000255576,Familial combined hyperlipidemia defined by Consensus criteria || id:ebi-a-GCST90104006,Familial combined hyperlipidemia defined by Consensus criteria,Familial combined hyperlipidemia defined by Consensus criteria ||  || ,TRUE,igd,NA,NA,NA,NA,NA,NA,NA,17,47060322,0.0087,2.44E-11,490089,Diabetes,Type 2 diabetes || id:ebi-a-GCST90018926,TRUE,reported,igd,2,1,TRUE
95,rs35917376,A,T,A,T,0.0428,0.00971716,0.717917,0.746381,FALSE,TRUE,FALSE,Hyperlipidemia,15,75595357,0.00896294,349222,0.278299,Familial combined hyperlipidemia defined by Consensus criteria || id:ebi-a-GCST90104006,Familial combined hyperlipidemia defined by Consensus criteria,Familial combined hyperlipidemia defined by Consensus criteria ||  || ,TRUE,igd,NA,NA,NA,NA,NA,NA,NA,15,75595357,0.0072,2.86E-09,490089,Diabetes,Type 2 diabetes || id:ebi-a-GCST90018926,TRUE,reported,igd,2,1,TRUE
96,rs3743140,A,G,A,G,0.0623,-0.00732478,0.152268,0.106603,FALSE,FALSE,FALSE,Hyperlipidemia,15,40616742,0.0124862,349222,0.557453,Familial combined hyperlipidemia defined by Consensus criteria || id:ebi-a-GCST90104006,Familial combined hyperlipidemia defined by Consensus criteria,Familial combined hyperlipidemia defined by Consensus criteria ||  || ,TRUE,igd,NA,NA,NA,NA,NA,NA,NA,15,40616742,0.0082,3.84E-14,490089,Diabetes,Type 2 diabetes || id:ebi-a-GCST90018926,TRUE,reported,igd,2,1,TRUE
97,rs3751297,A,G,A,G,0.052,0.0230891,0.241048,0.288511,FALSE,FALSE,FALSE,Hyperlipidemia,12,133088165,0.00861472,349222,0.007358,Familial combined hyperlipidemia defined by Consensus criteria || id:ebi-a-GCST90104006,Familial combined hyperlipidemia defined by Consensus criteria,Familial combined hyperlipidemia defined by Consensus criteria ||  || ,TRUE,igd,NA,NA,NA,NA,NA,NA,NA,12,133088165,0.0081,1.17E-10,490089,Diabetes,Type 2 diabetes || id:ebi-a-GCST90018926,TRUE,reported,igd,2,1,TRUE
98,rs3764002,T,C,T,C,-0.0475,-0.000424228,0.337603,0.261938,FALSE,FALSE,FALSE,Hyperlipidemia,12,108618630,0.00874166,349222,0.961294,Familial combined hyperlipidemia defined by Consensus criteria || id:ebi-a-GCST90104006,Familial combined hyperlipidemia defined by Consensus criteria,Familial combined hyperlipidemia defined by Consensus criteria ||  || ,TRUE,igd,NA,NA,NA,NA,NA,NA,NA,12,108618630,0.0065,3.89E-13,490089,Diabetes,Type 2 diabetes || id:ebi-a-GCST90018926,TRUE,reported,igd,2,1,TRUE
99,rs3837333,CT,C,CT,C,0.0631,-0.0352062,0.123884,0.08434,FALSE,FALSE,FALSE,Hyperlipidemia,10,94253183,0.0139356,349222,0.0115255,Familial combined hyperlipidemia defined by Consensus criteria || id:ebi-a-GCST90104006,Familial combined hyperlipidemia defined by Consensus criteria,Familial combined hyperlipidemia defined by Consensus criteria ||  || ,TRUE,igd,NA,NA,NA,NA,NA,NA,NA,10,94253183,0.0099,2.06E-10,490089,Diabetes,Type 2 diabetes || id:ebi-a-GCST90018926,TRUE,reported,igd,2,1,TRUE
100,rs3837848,AT,A,AT,A,-0.0446,0.0167117,0.459309,0.51481,FALSE,FALSE,FALSE,Hyperlipidemia,17,29647358,0.00779877,349222,0.032124,Familial combined hyperlipidemia defined by Consensus criteria || id:ebi-a-GCST90104006,Familial combined hyperlipidemia defined by Consensus criteria,Familial combined hyperlipidemia defined by Consensus criteria ||  || ,TRUE,igd,NA,NA,NA,NA,NA,NA,NA,17,29647358,0.0076,3.63E-09,490089,Diabetes,Type 2 diabetes || id:ebi-a-GCST90018926,TRUE,reported,igd,2,1,TRUE
101,rs3887925,T,C,T,C,0.053,-0.00249699,0.49964,0.549699,FALSE,FALSE,FALSE,Hyperlipidemia,3,186665645,0.00774945,349222,0.74729,Familial combined hyperlipidemia defined by Consensus criteria || id:ebi-a-GCST90104006,Familial combined hyperlipidemia defined by Consensus criteria,Familial combined hyperlipidemia defined by Consensus criteria ||  || ,TRUE,igd,NA,NA,NA,NA,NA,NA,NA,3,186665645,0.0063,3.30E-17,490089,Diabetes,Type 2 diabetes || id:ebi-a-GCST90018926,TRUE,reported,igd,2,1,TRUE
102,rs3918296,G,C,G,C,-0.1776,-0.0110693,0.0192566,0.026288,FALSE,TRUE,FALSE,Hyperlipidemia,11,69459036,0.0243045,349222,0.648791,Familial combined hyperlipidemia defined by Consensus criteria || id:ebi-a-GCST90104006,Familial combined hyperlipidemia defined by Consensus criteria,Familial combined hyperlipidemia defined by Consensus criteria ||  || ,TRUE,igd,NA,NA,NA,NA,NA,NA,NA,11,69459036,0.0252,1.74E-12,490089,Diabetes,Type 2 diabetes || id:ebi-a-GCST90018926,TRUE,reported,igd,2,1,TRUE
103,rs39254,T,G,T,G,0.0401,0.00303732,0.46123,0.531548,FALSE,FALSE,FALSE,Hyperlipidemia,7,89765708,0.00773195,349222,0.694447,Familial combined hyperlipidemia defined by Consensus criteria || id:ebi-a-GCST90104006,Familial combined hyperlipidemia defined by Consensus criteria,Familial combined hyperlipidemia defined by Consensus criteria ||  || ,TRUE,igd,NA,NA,NA,NA,NA,NA,NA,7,89765708,0.0067,2.58E-09,490089,Diabetes,Type 2 diabetes || id:ebi-a-GCST90018926,TRUE,reported,igd,2,1,TRUE
104,rs392794,T,C,T,C,0.06,0.0360308,0.659966,0.747116,FALSE,FALSE,FALSE,Hyperlipidemia,5,55808342,0.00889232,349222,4.90E-05,Familial combined hyperlipidemia defined by Consensus criteria || id:ebi-a-GCST90104006,Familial combined hyperlipidemia defined by Consensus criteria,Familial combined hyperlipidemia defined by Consensus criteria ||  || ,TRUE,igd,NA,NA,NA,NA,NA,NA,NA,5,55808342,0.0066,9.51E-20,490089,Diabetes,Type 2 diabetes || id:ebi-a-GCST90018926,TRUE,reported,igd,2,1,TRUE
105,rs406767,C,T,C,T,0.0824,-0.0037241,0.109092,0.099062,FALSE,FALSE,FALSE,Hyperlipidemia,1,120554048,0.0135906,349222,0.78407,Familial combined hyperlipidemia defined by Consensus criteria || id:ebi-a-GCST90104006,Familial combined hyperlipidemia defined by Consensus criteria,Familial combined hyperlipidemia defined by Consensus criteria ||  || ,TRUE,igd,NA,NA,NA,NA,NA,NA,NA,1,120554048,0.0137,1.87E-09,490089,Diabetes,Type 2 diabetes || id:ebi-a-GCST90018926,TRUE,reported,igd,2,1,TRUE
106,rs4273712,G,A,G,A,0.0577,-0.0117202,0.320615,0.265965,FALSE,FALSE,FALSE,Hyperlipidemia,6,126964510,0.00869649,349222,0.177756,Familial combined hyperlipidemia defined by Consensus criteria || id:ebi-a-GCST90104006,Familial combined hyperlipidemia defined by Consensus criteria,Familial combined hyperlipidemia defined by Consensus criteria ||  || ,TRUE,igd,NA,NA,NA,NA,NA,NA,NA,6,126964510,0.0066,2.98E-18,490089,Diabetes,Type 2 diabetes || id:ebi-a-GCST90018926,TRUE,reported,igd,2,1,TRUE
107,rs429358,C,T,C,T,-0.0739,0.321864,0.14701,0.155607,FALSE,FALSE,FALSE,Hyperlipidemia,19,45411941,0.00975814,349222,3.11E-226,Familial combined hyperlipidemia defined by Consensus criteria || id:ebi-a-GCST90104006,Familial combined hyperlipidemia defined by Consensus criteria,Familial combined hyperlipidemia defined by Consensus criteria ||  || ,TRUE,igd,NA,NA,NA,NA,NA,NA,NA,19,45411941,0.0092,1.02E-15,490089,Diabetes,Type 2 diabetes || id:ebi-a-GCST90018926,TRUE,reported,igd,2,1,TRUE
108,rs4517619,G,T,G,T,0.0395,0.0156679,0.384609,0.262053,FALSE,FALSE,FALSE,Hyperlipidemia,12,24090004,0.00878592,349222,0.0745384,Familial combined hyperlipidemia defined by Consensus criteria || id:ebi-a-GCST90104006,Familial combined hyperlipidemia defined by Consensus criteria,Familial combined hyperlipidemia defined by Consensus criteria ||  || ,TRUE,igd,NA,NA,NA,NA,NA,NA,NA,12,24090004,0.007,2.05E-08,490089,Diabetes,Type 2 diabetes || id:ebi-a-GCST90018926,TRUE,reported,igd,2,1,TRUE
109,rs4632135,C,T,C,T,0.0832,0.01559,0.0339896,0.022012,FALSE,FALSE,FALSE,Hyperlipidemia,16,20337884,0.0263366,349222,0.553882,Familial combined hyperlipidemia defined by Consensus criteria || id:ebi-a-GCST90104006,Familial combined hyperlipidemia defined by Consensus criteria,Familial combined hyperlipidemia defined by Consensus criteria ||  || ,TRUE,igd,NA,NA,NA,NA,NA,NA,NA,16,20337884,0.0152,4.76E-08,490089,Diabetes,Type 2 diabetes || id:ebi-a-GCST90018926,TRUE,reported,igd,2,1,TRUE
110,rs4731701,T,C,T,C,-0.0484,-0.0634659,0.43764,0.495379,FALSE,FALSE,FALSE,Hyperlipidemia,7,130430930,0.0077099,349222,1.86E-16,Familial combined hyperlipidemia defined by Consensus criteria || id:ebi-a-GCST90104006,Familial combined hyperlipidemia defined by Consensus criteria,Familial combined hyperlipidemia defined by Consensus criteria ||  || ,TRUE,igd,NA,NA,NA,NA,NA,NA,NA,7,130430930,0.0065,1.31E-13,490089,Diabetes,Type 2 diabetes || id:ebi-a-GCST90018926,TRUE,reported,igd,2,1,TRUE
111,rs4854343,A,G,A,G,0.0688,0.00779148,0.849205,0.82801,FALSE,FALSE,FALSE,Hyperlipidemia,2,638107,0.01018,349222,0.44405,Familial combined hyperlipidemia defined by Consensus criteria || id:ebi-a-GCST90104006,Familial combined hyperlipidemia defined by Consensus criteria,Familial combined hyperlipidemia defined by Consensus criteria ||  || ,TRUE,igd,NA,NA,NA,NA,NA,NA,NA,2,638107,0.0091,5.22E-14,490089,Diabetes,Type 2 diabetes || id:ebi-a-GCST90018926,TRUE,reported,igd,2,1,TRUE
112,rs4901812,A,G,A,G,-0.0408,-0.000941286,0.333674,0.245708,FALSE,FALSE,FALSE,Hyperlipidemia,14,38800704,0.00897633,349222,0.916484,Familial combined hyperlipidemia defined by Consensus criteria || id:ebi-a-GCST90104006,Familial combined hyperlipidemia defined by Consensus criteria,Familial combined hyperlipidemia defined by Consensus criteria ||  || ,TRUE,igd,NA,NA,NA,NA,NA,NA,NA,14,38800704,0.0067,1.09E-09,490089,Diabetes,Type 2 diabetes || id:ebi-a-GCST90018926,TRUE,reported,igd,2,1,TRUE
113,rs4930045,C,T,C,T,-0.0706,-0.0117101,0.705243,0.616284,FALSE,FALSE,FALSE,Hyperlipidemia,11,2196424,0.00793267,349222,0.139893,Familial combined hyperlipidemia defined by Consensus criteria || id:ebi-a-GCST90104006,Familial combined hyperlipidemia defined by Consensus criteria,Familial combined hyperlipidemia defined by Consensus criteria ||  || ,TRUE,igd,NA,NA,NA,NA,NA,NA,NA,11,2196424,0.0079,2.76E-19,490089,Diabetes,Type 2 diabetes || id:ebi-a-GCST90018926,TRUE,reported,igd,2,1,TRUE
114,rs5215,T,C,T,C,-0.0623,-0.0033685,0.616015,0.642107,FALSE,FALSE,FALSE,Hyperlipidemia,11,17408630,0.00802097,349222,0.674512,Familial combined hyperlipidemia defined by Consensus criteria || id:ebi-a-GCST90104006,Familial combined hyperlipidemia defined by Consensus criteria,Familial combined hyperlipidemia defined by Consensus criteria ||  || ,TRUE,igd,NA,NA,NA,NA,NA,NA,NA,11,17408630,0.0064,2.41E-22,490089,Diabetes,Type 2 diabetes || id:ebi-a-GCST90018926,TRUE,reported,igd,2,1,TRUE
115,rs543159,A,C,A,C,-0.0364,-0.0612915,0.427571,0.471529,FALSE,FALSE,FALSE,Hyperlipidemia,6,160776017,0.0077255,349222,2.09E-15,Familial combined hyperlipidemia defined by Consensus criteria || id:ebi-a-GCST90104006,Familial combined hyperlipidemia defined by Consensus criteria,Familial combined hyperlipidemia defined by Consensus criteria ||  || ,TRUE,igd,NA,NA,NA,NA,NA,NA,NA,6,160776017,0.0065,2.39E-08,490089,Diabetes,Type 2 diabetes || id:ebi-a-GCST90018926,TRUE,reported,igd,2,1,TRUE
116,rs554833,T,C,T,C,0.0443,0.0297946,0.376316,0.31759,FALSE,FALSE,FALSE,Hyperlipidemia,9,136147160,0.00823102,349222,0.000300428,Familial combined hyperlipidemia defined by Consensus criteria || id:ebi-a-GCST90104006,Familial combined hyperlipidemia defined by Consensus criteria,Familial combined hyperlipidemia defined by Consensus criteria ||  || ,TRUE,igd,NA,NA,NA,NA,NA,NA,NA,9,136147160,0.0064,4.19E-12,490089,Diabetes,Type 2 diabetes || id:ebi-a-GCST90018926,TRUE,reported,igd,2,1,TRUE
117,rs56094641,G,A,G,A,0.1166,0.00477971,0.352899,0.403334,FALSE,FALSE,FALSE,Hyperlipidemia,16,53806453,0.00785021,349222,0.542615,Familial combined hyperlipidemia defined by Consensus criteria || id:ebi-a-GCST90104006,Familial combined hyperlipidemia defined by Consensus criteria,Familial combined hyperlipidemia defined by Consensus criteria ||  || ,TRUE,igd,NA,NA,NA,NA,NA,NA,NA,16,53806453,0.0069,2.23E-64,490089,Diabetes,Type 2 diabetes || id:ebi-a-GCST90018926,TRUE,reported,igd,2,1,TRUE
118,rs56218782,C,T,C,T,-0.039,-0.0181164,0.312633,0.327269,FALSE,FALSE,FALSE,Hyperlipidemia,4,140893287,0.00823272,349222,0.027769,Familial combined hyperlipidemia defined by Consensus criteria || id:ebi-a-GCST90104006,Familial combined hyperlipidemia defined by Consensus criteria,Familial combined hyperlipidemia defined by Consensus criteria ||  || ,TRUE,igd,NA,NA,NA,NA,NA,NA,NA,4,140893287,0.0068,1.11E-08,490089,Diabetes,Type 2 diabetes || id:ebi-a-GCST90018926,TRUE,reported,igd,2,1,TRUE
119,rs56348580,C,G,C,G,-0.0631,-0.0289046,0.301336,0.307632,FALSE,TRUE,FALSE,Hyperlipidemia,12,121432117,0.00838558,349222,0.000557545,Familial combined hyperlipidemia defined by Consensus criteria || id:ebi-a-GCST90104006,Familial combined hyperlipidemia defined by Consensus criteria,Familial combined hyperlipidemia defined by Consensus criteria ||  || ,TRUE,igd,NA,NA,NA,NA,NA,NA,NA,12,121432117,0.0093,1.41E-11,490089,Diabetes,Type 2 diabetes || id:ebi-a-GCST90018926,TRUE,reported,igd,2,1,TRUE
120,rs576674,A,G,A,G,-0.0802,0.00292206,0.856359,0.832964,FALSE,FALSE,FALSE,Hyperlipidemia,13,33554302,0.0103091,349222,0.776835,Familial combined hyperlipidemia defined by Consensus criteria || id:ebi-a-GCST90104006,Familial combined hyperlipidemia defined by Consensus criteria,Familial combined hyperlipidemia defined by Consensus criteria ||  || ,TRUE,igd,NA,NA,NA,NA,NA,NA,NA,13,33554302,0.0091,1.72E-18,490089,Diabetes,Type 2 diabetes || id:ebi-a-GCST90018926,TRUE,reported,igd,2,1,TRUE
121,rs58090211,A,C,A,C,-0.0807,-0.0145391,0.0766814,0.012659,FALSE,FALSE,FALSE,Hyperlipidemia,11,35435433,0.0346645,349222,0.674907,Familial combined hyperlipidemia defined by Consensus criteria || id:ebi-a-GCST90104006,Familial combined hyperlipidemia defined by Consensus criteria,Familial combined hyperlipidemia defined by Consensus criteria ||  || ,TRUE,igd,TRUE,rs58090211,rs11033115,A,C,C,A,11,35433712,0.0136,2.61E-09,490089,Diabetes,Type 2 diabetes || id:ebi-a-GCST90018926,TRUE,reported,igd,2,1,TRUE
122,rs5855072,TA,T,TA,T,0.126,0.0149205,0.318578,0.313664,FALSE,FALSE,FALSE,Hyperlipidemia,3,185497552,0.0083331,349222,0.0733719,Familial combined hyperlipidemia defined by Consensus criteria || id:ebi-a-GCST90104006,Familial combined hyperlipidemia defined by Consensus criteria,Familial combined hyperlipidemia defined by Consensus criteria ||  || ,TRUE,igd,NA,NA,NA,NA,NA,NA,NA,3,185497552,0.0067,3.08E-79,490089,Diabetes,Type 2 diabetes || id:ebi-a-GCST90018926,TRUE,reported,igd,2,1,TRUE
123,rs62262091,T,C,T,C,0.0876,0.0232125,0.0970158,0.095561,FALSE,FALSE,FALSE,Hyperlipidemia,3,47693664,0.013403,349222,0.0832952,Familial combined hyperlipidemia defined by Consensus criteria || id:ebi-a-GCST90104006,Familial combined hyperlipidemia defined by Consensus criteria,Familial combined hyperlipidemia defined by Consensus criteria ||  || ,TRUE,igd,NA,NA,NA,NA,NA,NA,NA,3,47693664,0.0148,2.95E-09,490089,Diabetes,Type 2 diabetes || id:ebi-a-GCST90018926,TRUE,reported,igd,2,1,TRUE
124,rs62319060,C,T,C,T,0.0371,0.0166056,0.470491,0.362573,FALSE,FALSE,FALSE,Hyperlipidemia,4,96145415,0.00800189,349222,0.0379673,Familial combined hyperlipidemia defined by Consensus criteria || id:ebi-a-GCST90104006,Familial combined hyperlipidemia defined by Consensus criteria,Familial combined hyperlipidemia defined by Consensus criteria ||  || ,TRUE,igd,NA,NA,NA,NA,NA,NA,NA,4,96145415,0.0066,1.95E-08,490089,Diabetes,Type 2 diabetes || id:ebi-a-GCST90018926,TRUE,reported,igd,2,1,TRUE
125,rs62405419,T,G,T,G,0.0565,-0.00463485,0.156975,0.117578,FALSE,FALSE,FALSE,Hyperlipidemia,6,50787459,0.0119659,349222,0.698507,Familial combined hyperlipidemia defined by Consensus criteria || id:ebi-a-GCST90104006,Familial combined hyperlipidemia defined by Consensus criteria,Familial combined hyperlipidemia defined by Consensus criteria ||  || ,TRUE,igd,NA,NA,NA,NA,NA,NA,NA,6,50787459,0.0082,4.60E-12,490089,Diabetes,Type 2 diabetes || id:ebi-a-GCST90018926,TRUE,reported,igd,2,1,TRUE
126,rs62508166,A,G,A,G,-0.1018,-0.0025795,0.178231,0.197976,FALSE,FALSE,FALSE,Hyperlipidemia,8,41537318,0.00985736,349222,0.793566,Familial combined hyperlipidemia defined by Consensus criteria || id:ebi-a-GCST90104006,Familial combined hyperlipidemia defined by Consensus criteria,Familial combined hyperlipidemia defined by Consensus criteria ||  || ,TRUE,igd,NA,NA,NA,NA,NA,NA,NA,8,41537318,0.0085,1.01E-32,490089,Diabetes,Type 2 diabetes || id:ebi-a-GCST90018926,TRUE,reported,igd,2,1,TRUE
127,rs633715,C,T,C,T,0.0491,-0.00264407,0.218583,0.212534,FALSE,FALSE,FALSE,Hyperlipidemia,1,177852580,0.00939389,349222,0.778352,Familial combined hyperlipidemia defined by Consensus criteria || id:ebi-a-GCST90104006,Familial combined hyperlipidemia defined by Consensus criteria,Familial combined hyperlipidemia defined by Consensus criteria ||  || ,TRUE,igd,NA,NA,NA,NA,NA,NA,NA,1,177852580,0.0075,5.66E-11,490089,Diabetes,Type 2 diabetes || id:ebi-a-GCST90018926,TRUE,reported,igd,2,1,TRUE
128,rs6438138,T,A,T,A,0.041,-0.00252276,0.306114,0.211113,FALSE,TRUE,FALSE,Hyperlipidemia,3,113026691,0.00943445,349222,0.789162,Familial combined hyperlipidemia defined by Consensus criteria || id:ebi-a-GCST90104006,Familial combined hyperlipidemia defined by Consensus criteria,Familial combined hyperlipidemia defined by Consensus criteria ||  || ,TRUE,igd,NA,NA,NA,NA,NA,NA,NA,3,113026691,0.0067,9.51E-10,490089,Diabetes,Type 2 diabetes || id:ebi-a-GCST90018926,TRUE,reported,igd,2,1,TRUE
129,rs6453133,G,A,G,A,-0.0438,0.0412673,0.357642,0.287338,FALSE,FALSE,FALSE,Hyperlipidemia,5,74692776,0.00843693,349222,1.06E-06,Familial combined hyperlipidemia defined by Consensus criteria || id:ebi-a-GCST90104006,Familial combined hyperlipidemia defined by Consensus criteria,Familial combined hyperlipidemia defined by Consensus criteria ||  || ,TRUE,igd,NA,NA,NA,NA,NA,NA,NA,5,74692776,0.0065,1.56E-11,490089,Diabetes,Type 2 diabetes || id:ebi-a-GCST90018926,TRUE,reported,igd,2,1,TRUE
130,rs6496742,T,C,T,C,0.0582,0.00202581,0.303172,0.231797,FALSE,FALSE,FALSE,Hyperlipidemia,15,91523036,0.00911663,349222,0.82415,Familial combined hyperlipidemia defined by Consensus criteria || id:ebi-a-GCST90104006,Familial combined hyperlipidemia defined by Consensus criteria,Familial combined hyperlipidemia defined by Consensus criteria ||  || ,TRUE,igd,NA,NA,NA,NA,NA,NA,NA,15,91523036,0.0067,5.76E-18,490089,Diabetes,Type 2 diabetes || id:ebi-a-GCST90018926,TRUE,reported,igd,2,1,TRUE
131,rs6554060,G,A,G,A,0.0366,0.0184477,0.376916,0.293274,FALSE,FALSE,FALSE,Hyperlipidemia,4,52776901,0.00844768,349222,0.0289801,Familial combined hyperlipidemia defined by Consensus criteria || id:ebi-a-GCST90104006,Familial combined hyperlipidemia defined by Consensus criteria,Familial combined hyperlipidemia defined by Consensus criteria ||  || ,TRUE,igd,NA,NA,NA,NA,NA,NA,NA,4,52776901,0.0066,3.59E-08,490089,Diabetes,Type 2 diabetes || id:ebi-a-GCST90018926,TRUE,reported,igd,2,1,TRUE
132,rs6567160,C,T,C,T,0.0785,0.0013045,0.218731,0.232747,FALSE,FALSE,FALSE,Hyperlipidemia,18,57829135,0.00910036,349222,0.886017,Familial combined hyperlipidemia defined by Consensus criteria || id:ebi-a-GCST90104006,Familial combined hyperlipidemia defined by Consensus criteria,Familial combined hyperlipidemia defined by Consensus criteria ||  || ,TRUE,igd,NA,NA,NA,NA,NA,NA,NA,18,57829135,0.0076,4.88E-25,490089,Diabetes,Type 2 diabetes || id:ebi-a-GCST90018926,TRUE,reported,igd,2,1,TRUE
133,rs6813195,T,C,T,C,-0.062,0.00280898,0.353285,0.276323,FALSE,FALSE,FALSE,Hyperlipidemia,4,153520475,0.00880703,349222,0.749766,Familial combined hyperlipidemia defined by Consensus criteria || id:ebi-a-GCST90104006,Familial combined hyperlipidemia defined by Consensus criteria,Familial combined hyperlipidemia defined by Consensus criteria ||  || ,TRUE,igd,NA,NA,NA,NA,NA,NA,NA,4,153520475,0.0066,4.38E-21,490089,Diabetes,Type 2 diabetes || id:ebi-a-GCST90018926,TRUE,reported,igd,2,1,TRUE
134,rs6853272,T,C,T,C,-0.0718,-0.00517483,0.923642,0.97153,FALSE,FALSE,FALSE,Hyperlipidemia,4,71735967,0.0231803,349222,0.823347,Familial combined hyperlipidemia defined by Consensus criteria || id:ebi-a-GCST90104006,Familial combined hyperlipidemia defined by Consensus criteria,Familial combined hyperlipidemia defined by Consensus criteria ||  || ,TRUE,igd,NA,NA,NA,NA,NA,NA,NA,4,71735967,0.0103,3.84E-12,490089,Diabetes,Type 2 diabetes || id:ebi-a-GCST90018926,TRUE,reported,igd,2,1,TRUE
135,rs6878122,A,G,A,G,-0.0547,-0.0110456,0.778957,0.680971,FALSE,FALSE,FALSE,Hyperlipidemia,5,76427311,0.00824871,349222,0.180549,Familial combined hyperlipidemia defined by Consensus criteria || id:ebi-a-GCST90104006,Familial combined hyperlipidemia defined by Consensus criteria,Familial combined hyperlipidemia defined by Consensus criteria ||  || ,TRUE,igd,NA,NA,NA,NA,NA,NA,NA,5,76427311,0.0092,2.46E-09,490089,Diabetes,Type 2 diabetes || id:ebi-a-GCST90018926,TRUE,reported,igd,2,1,TRUE
136,rs6885132,G,C,G,C,-0.0449,-0.00338347,0.195176,0.0998,FALSE,TRUE,FALSE,Hyperlipidemia,5,14768092,0.0130466,349222,0.795375,Familial combined hyperlipidemia defined by Consensus criteria || id:ebi-a-GCST90104006,Familial combined hyperlipidemia defined by Consensus criteria,Familial combined hyperlipidemia defined by Consensus criteria ||  || ,TRUE,igd,NA,NA,NA,NA,NA,NA,NA,5,14768092,0.0077,5.18E-09,490089,Diabetes,Type 2 diabetes || id:ebi-a-GCST90018926,TRUE,reported,igd,2,1,TRUE
137,rs6919504,G,A,G,A,0.0625,-0.0171512,0.0677522,0.035871,FALSE,FALSE,FALSE,Hyperlipidemia,6,156976650,0.0208439,349222,0.410597,Familial combined hyperlipidemia defined by Consensus criteria || id:ebi-a-GCST90104006,Familial combined hyperlipidemia defined by Consensus criteria,Familial combined hyperlipidemia defined by Consensus criteria ||  || ,TRUE,igd,NA,NA,NA,NA,NA,NA,NA,6,156976650,0.0111,1.68E-08,490089,Diabetes,Type 2 diabetes || id:ebi-a-GCST90018926,TRUE,reported,igd,2,1,TRUE
138,rs6985028,A,G,A,G,-0.0408,-0.0172604,0.656712,0.560318,FALSE,FALSE,FALSE,Hyperlipidemia,8,30822094,0.00773469,349222,0.0256448,Familial combined hyperlipidemia defined by Consensus criteria || id:ebi-a-GCST90104006,Familial combined hyperlipidemia defined by Consensus criteria,Familial combined hyperlipidemia defined by Consensus criteria ||  || ,TRUE,igd,NA,NA,NA,NA,NA,NA,NA,8,30822094,0.0073,2.82E-08,490089,Diabetes,Type 2 diabetes || id:ebi-a-GCST90018926,TRUE,reported,igd,2,1,TRUE
139,rs7030811,A,T,A,T,-0.0944,0.00250373,0.0395381,0.032784,FALSE,TRUE,FALSE,Hyperlipidemia,9,22288140,0.0215902,349222,0.90768,Familial combined hyperlipidemia defined by Consensus criteria || id:ebi-a-GCST90104006,Familial combined hyperlipidemia defined by Consensus criteria,Familial combined hyperlipidemia defined by Consensus criteria ||  || ,TRUE,igd,NA,NA,NA,NA,NA,NA,NA,9,22288140,0.0151,4.09E-10,490089,Diabetes,Type 2 diabetes || id:ebi-a-GCST90018926,TRUE,reported,igd,2,1,TRUE
140,rs7132351,A,G,A,G,0.063,0.0123058,0.17439,0.130879,FALSE,FALSE,FALSE,Hyperlipidemia,12,118414926,0.0114648,349222,0.283112,Familial combined hyperlipidemia defined by Consensus criteria || id:ebi-a-GCST90104006,Familial combined hyperlipidemia defined by Consensus criteria,Familial combined hyperlipidemia defined by Consensus criteria ||  || ,TRUE,igd,NA,NA,NA,NA,NA,NA,NA,12,118414926,0.0079,1.78E-15,490089,Diabetes,Type 2 diabetes || id:ebi-a-GCST90018926,TRUE,reported,igd,2,1,TRUE
141,rs7132908,A,G,A,G,0.0394,0.00302194,0.358104,0.383999,FALSE,FALSE,FALSE,Hyperlipidemia,12,50263148,0.00792184,349222,0.702855,Familial combined hyperlipidemia defined by Consensus criteria || id:ebi-a-GCST90104006,Familial combined hyperlipidemia defined by Consensus criteria,Familial combined hyperlipidemia defined by Consensus criteria ||  || ,TRUE,igd,NA,NA,NA,NA,NA,NA,NA,12,50263148,0.0066,2.63E-09,490089,Diabetes,Type 2 diabetes || id:ebi-a-GCST90018926,TRUE,reported,igd,2,1,TRUE
142,rs7141,A,G,A,G,-0.0357,-0.0154816,0.6394,0.671992,FALSE,FALSE,FALSE,Hyperlipidemia,17,7614601,0.00825874,349222,0.0608527,Familial combined hyperlipidemia defined by Consensus criteria || id:ebi-a-GCST90104006,Familial combined hyperlipidemia defined by Consensus criteria,Familial combined hyperlipidemia defined by Consensus criteria ||  || ,TRUE,igd,NA,NA,NA,NA,NA,NA,NA,17,7614601,0.0065,3.75E-08,490089,Diabetes,Type 2 diabetes || id:ebi-a-GCST90018926,TRUE,reported,igd,2,1,TRUE
143,rs71424153,C,G,C,G,-0.0429,-0.0254906,0.259162,0.238756,FALSE,TRUE,FALSE,Hyperlipidemia,2,65280894,0.00899874,349222,0.00461594,Familial combined hyperlipidemia defined by Consensus criteria || id:ebi-a-GCST90104006,Familial combined hyperlipidemia defined by Consensus criteria,Familial combined hyperlipidemia defined by Consensus criteria ||  || ,TRUE,igd,NA,NA,NA,NA,NA,NA,NA,2,65280894,0.007,9.23E-10,490089,Diabetes,Type 2 diabetes || id:ebi-a-GCST90018926,TRUE,reported,igd,2,1,TRUE
144,rs7172432,G,A,G,A,-0.0604,0.0219246,0.452818,0.429314,FALSE,FALSE,FALSE,Hyperlipidemia,15,62396389,0.00777509,349222,0.00480463,Familial combined hyperlipidemia defined by Consensus criteria || id:ebi-a-GCST90104006,Familial combined hyperlipidemia defined by Consensus criteria,Familial combined hyperlipidemia defined by Consensus criteria ||  || ,TRUE,igd,NA,NA,NA,NA,NA,NA,NA,15,62396389,0.0063,8.28E-22,490089,Diabetes,Type 2 diabetes || id:ebi-a-GCST90018926,TRUE,reported,igd,2,1,TRUE
145,rs7250869,C,T,C,T,-0.0488,-0.0340929,0.628785,0.68898,FALSE,FALSE,FALSE,Hyperlipidemia,19,33887405,0.00824322,349222,3.64E-05,Familial combined hyperlipidemia defined by Consensus criteria || id:ebi-a-GCST90104006,Familial combined hyperlipidemia defined by Consensus criteria,Familial combined hyperlipidemia defined by Consensus criteria ||  || ,TRUE,igd,NA,NA,NA,NA,NA,NA,NA,19,33887405,0.0065,5.17E-14,490089,Diabetes,Type 2 diabetes || id:ebi-a-GCST90018926,TRUE,reported,igd,2,1,TRUE
146,rs72640313,A,G,A,G,-0.0615,-0.00358539,0.116012,0.101629,FALSE,FALSE,FALSE,Hyperlipidemia,13,91950181,0.0127454,349222,0.778474,Familial combined hyperlipidemia defined by Consensus criteria || id:ebi-a-GCST90104006,Familial combined hyperlipidemia defined by Consensus criteria,Familial combined hyperlipidemia defined by Consensus criteria ||  || ,TRUE,igd,NA,NA,NA,NA,NA,NA,NA,13,91950181,0.0094,6.62E-11,490089,Diabetes,Type 2 diabetes || id:ebi-a-GCST90018926,TRUE,reported,igd,2,1,TRUE
147,rs72802365,C,G,C,G,-0.1168,0.00123657,0.0619909,0.078273,FALSE,TRUE,FALSE,Hyperlipidemia,16,75246035,0.0143606,349222,0.93138,Familial combined hyperlipidemia defined by Consensus criteria || id:ebi-a-GCST90104006,Familial combined hyperlipidemia defined by Consensus criteria,Familial combined hyperlipidemia defined by Consensus criteria ||  || ,TRUE,igd,NA,NA,NA,NA,NA,NA,NA,16,75246035,0.0146,1.21E-15,490089,Diabetes,Type 2 diabetes || id:ebi-a-GCST90018926,TRUE,reported,igd,2,1,TRUE
148,rs72830608,T,G,T,G,0.0482,-0.00845242,0.305978,0.219534,FALSE,FALSE,FALSE,Hyperlipidemia,6,20519120,0.00933708,349222,0.365331,Familial combined hyperlipidemia defined by Consensus criteria || id:ebi-a-GCST90104006,Familial combined hyperlipidemia defined by Consensus criteria,Familial combined hyperlipidemia defined by Consensus criteria ||  || ,TRUE,igd,NA,NA,NA,NA,NA,NA,NA,6,20519120,0.0077,3.27E-10,490089,Diabetes,Type 2 diabetes || id:ebi-a-GCST90018926,TRUE,reported,igd,2,1,TRUE
149,rs72906810,G,A,G,A,-0.0876,-0.0101103,0.0894907,0.088077,FALSE,FALSE,FALSE,Hyperlipidemia,1,51457200,0.0135508,349222,0.455604,Familial combined hyperlipidemia defined by Consensus criteria || id:ebi-a-GCST90104006,Familial combined hyperlipidemia defined by Consensus criteria,Familial combined hyperlipidemia defined by Consensus criteria ||  || ,TRUE,igd,NA,NA,NA,NA,NA,NA,NA,1,51457200,0.0124,1.97E-12,490089,Diabetes,Type 2 diabetes || id:ebi-a-GCST90018926,TRUE,reported,igd,2,1,TRUE
150,rs72951548,T,C,T,C,-0.0627,0.00352699,0.188488,0.155592,FALSE,FALSE,FALSE,Hyperlipidemia,6,118050841,0.0106307,349222,0.74006,Familial combined hyperlipidemia defined by Consensus criteria || id:ebi-a-GCST90104006,Familial combined hyperlipidemia defined by Consensus criteria,Familial combined hyperlipidemia defined by Consensus criteria ||  || ,TRUE,igd,NA,NA,NA,NA,NA,NA,NA,6,118050841,0.0078,1.24E-15,490089,Diabetes,Type 2 diabetes || id:ebi-a-GCST90018926,TRUE,reported,igd,2,1,TRUE
151,rs72964564,C,A,C,A,-0.1004,-0.00860604,0.231426,0.25168,FALSE,FALSE,FALSE,Hyperlipidemia,3,123054770,0.00890003,349222,0.33356,Familial combined hyperlipidemia defined by Consensus criteria || id:ebi-a-GCST90104006,Familial combined hyperlipidemia defined by Consensus criteria,Familial combined hyperlipidemia defined by Consensus criteria ||  || ,TRUE,igd,NA,NA,NA,NA,NA,NA,NA,3,123054770,0.0104,3.96E-22,490089,Diabetes,Type 2 diabetes || id:ebi-a-GCST90018926,TRUE,reported,igd,2,1,TRUE
152,rs73221113,A,G,A,G,0.0933,-0.0069239,0.039939,0.038504,FALSE,FALSE,FALSE,Hyperlipidemia,4,718868,0.0199539,349222,0.728595,Familial combined hyperlipidemia defined by Consensus criteria || id:ebi-a-GCST90104006,Familial combined hyperlipidemia defined by Consensus criteria,Familial combined hyperlipidemia defined by Consensus criteria ||  || ,TRUE,igd,NA,NA,NA,NA,NA,NA,NA,4,718868,0.016,6.13E-09,490089,Diabetes,Type 2 diabetes || id:ebi-a-GCST90018926,TRUE,reported,igd,2,1,TRUE
153,rs73347525,G,A,G,A,-0.0536,-0.00753798,0.201505,0.182915,FALSE,FALSE,FALSE,Hyperlipidemia,14,101255172,0.010207,349222,0.460206,Familial combined hyperlipidemia defined by Consensus criteria || id:ebi-a-GCST90104006,Familial combined hyperlipidemia defined by Consensus criteria,Familial combined hyperlipidemia defined by Consensus criteria ||  || ,TRUE,igd,NA,NA,NA,NA,NA,NA,NA,14,101255172,0.008,2.48E-11,490089,Diabetes,Type 2 diabetes || id:ebi-a-GCST90018926,TRUE,reported,igd,2,1,TRUE
154,rs73410774,T,G,T,G,0.2125,-0.0127175,0.0374096,0.0315,FALSE,FALSE,FALSE,Hyperlipidemia,6,32789739,0.0220254,349222,0.563668,Familial combined hyperlipidemia defined by Consensus criteria || id:ebi-a-GCST90104006,Familial combined hyperlipidemia defined by Consensus criteria,Familial combined hyperlipidemia defined by Consensus criteria ||  || ,TRUE,igd,NA,NA,NA,NA,NA,NA,NA,6,32789739,0.0219,3.20E-22,490089,Diabetes,Type 2 diabetes || id:ebi-a-GCST90018926,TRUE,reported,igd,2,2,TRUE
155,rs74862545,T,C,T,C,-0.2052,-0.0248413,0.0223105,0.023486,FALSE,FALSE,FALSE,Hyperlipidemia,12,4365572,0.0261124,349222,0.34144,Familial combined hyperlipidemia defined by Consensus criteria || id:ebi-a-GCST90104006,Familial combined hyperlipidemia defined by Consensus criteria,Familial combined hyperlipidemia defined by Consensus criteria ||  || ,TRUE,igd,NA,NA,NA,NA,NA,NA,NA,12,4365572,0.0301,9.97E-12,490089,Diabetes,Type 2 diabetes || id:ebi-a-GCST90018926,TRUE,reported,igd,2,1,TRUE
156,rs75418188,T,C,T,C,0.1337,-0.00787521,0.0276409,0.006473,FALSE,FALSE,FALSE,Hyperlipidemia,17,6945483,0.0478467,349222,0.869265,Familial combined hyperlipidemia defined by Consensus criteria || id:ebi-a-GCST90104006,Familial combined hyperlipidemia defined by Consensus criteria,Familial combined hyperlipidemia defined by Consensus criteria ||  || ,TRUE,igd,NA,NA,NA,NA,NA,NA,NA,17,6945483,0.0157,1.66E-17,490089,Diabetes,Type 2 diabetes || id:ebi-a-GCST90018926,TRUE,reported,igd,2,1,TRUE
157,rs755249,T,C,T,C,0.0617,0.0471033,0.217225,0.232442,FALSE,FALSE,FALSE,Hyperlipidemia,1,39995074,0.00902485,349222,1.96E-07,Familial combined hyperlipidemia defined by Consensus criteria || id:ebi-a-GCST90104006,Familial combined hyperlipidemia defined by Consensus criteria,Familial combined hyperlipidemia defined by Consensus criteria ||  || ,TRUE,igd,NA,NA,NA,NA,NA,NA,NA,1,39995074,0.0077,1.45E-15,490089,Diabetes,Type 2 diabetes || id:ebi-a-GCST90018926,TRUE,reported,igd,2,1,TRUE
158,rs75872811,G,A,G,A,-0.0727,0.0560213,0.0871287,0.050889,FALSE,FALSE,FALSE,Hyperlipidemia,10,63732315,0.0175316,349222,0.00139614,Familial combined hyperlipidemia defined by Consensus criteria || id:ebi-a-GCST90104006,Familial combined hyperlipidemia defined by Consensus criteria,Familial combined hyperlipidemia defined by Consensus criteria ||  || ,TRUE,igd,NA,NA,NA,NA,NA,NA,NA,10,63732315,0.0102,1.03E-12,490089,Diabetes,Type 2 diabetes || id:ebi-a-GCST90018926,TRUE,reported,igd,2,1,TRUE
159,rs76177300,A,G,A,G,0.1309,0.00178421,0.0551313,0.053956,FALSE,FALSE,FALSE,Hyperlipidemia,5,102143311,0.0171224,349222,0.917008,Familial combined hyperlipidemia defined by Consensus criteria || id:ebi-a-GCST90104006,Familial combined hyperlipidemia defined by Consensus criteria,Familial combined hyperlipidemia defined by Consensus criteria ||  || ,TRUE,igd,NA,NA,NA,NA,NA,NA,NA,5,102143311,0.0187,2.59E-12,490089,Diabetes,Type 2 diabetes || id:ebi-a-GCST90018926,TRUE,reported,igd,2,1,TRUE
160,rs76895963,G,T,G,T,-0.4582,-0.154734,0.023748,0.020958,FALSE,FALSE,FALSE,Hyperlipidemia,12,4384844,0.0310617,349222,4.04E-07,Familial combined hyperlipidemia defined by Consensus criteria || id:ebi-a-GCST90104006,Familial combined hyperlipidemia defined by Consensus criteria,Familial combined hyperlipidemia defined by Consensus criteria ||  || ,TRUE,igd,NA,NA,NA,NA,NA,NA,NA,12,4384844,0.0303,8.22E-52,490089,Diabetes,Type 2 diabetes || id:ebi-a-GCST90018926,TRUE,reported,igd,2,1,TRUE
161,rs7741521,A,G,A,G,-0.0618,0.0076834,0.0717495,0.035785,FALSE,FALSE,FALSE,Hyperlipidemia,6,31442748,0.0207816,349222,0.71159,Familial combined hyperlipidemia defined by Consensus criteria || id:ebi-a-GCST90104006,Familial combined hyperlipidemia defined by Consensus criteria,Familial combined hyperlipidemia defined by Consensus criteria ||  || ,TRUE,igd,NA,NA,NA,NA,NA,NA,NA,6,31442748,0.011,2.11E-08,490089,Diabetes,Type 2 diabetes || id:ebi-a-GCST90018926,TRUE,reported,igd,2,1,TRUE
162,rs77464186,C,A,C,A,-0.1028,-0.010197,0.141673,0.157069,FALSE,FALSE,FALSE,Hyperlipidemia,11,72460398,0.0105534,349222,0.333929,Familial combined hyperlipidemia defined by Consensus criteria || id:ebi-a-GCST90104006,Familial combined hyperlipidemia defined by Consensus criteria,Familial combined hyperlipidemia defined by Consensus criteria ||  || ,TRUE,igd,NA,NA,NA,NA,NA,NA,NA,11,72460398,0.01,5.67E-25,490089,Diabetes,Type 2 diabetes || id:ebi-a-GCST90018926,TRUE,reported,igd,2,1,TRUE
163,rs7778167,A,G,A,G,0.0571,-0.00148263,0.216676,0.268579,FALSE,FALSE,FALSE,Hyperlipidemia,7,127851628,0.0088051,349222,0.866282,Familial combined hyperlipidemia defined by Consensus criteria || id:ebi-a-GCST90104006,Familial combined hyperlipidemia defined by Consensus criteria,Familial combined hyperlipidemia defined by Consensus criteria ||  || ,TRUE,igd,NA,NA,NA,NA,NA,NA,NA,7,127851628,0.0082,4.22E-12,490089,Diabetes,Type 2 diabetes || id:ebi-a-GCST90018926,TRUE,reported,igd,2,1,TRUE
164,rs78470967,A,T,A,T,-0.1272,-0.0212794,0.042318,0.043057,FALSE,TRUE,FALSE,Hyperlipidemia,12,4521511,0.0193408,349222,0.271233,Familial combined hyperlipidemia defined by Consensus criteria || id:ebi-a-GCST90104006,Familial combined hyperlipidemia defined by Consensus criteria,Familial combined hyperlipidemia defined by Consensus criteria ||  || ,TRUE,igd,NA,NA,NA,NA,NA,NA,NA,12,4521511,0.0217,4.70E-09,490089,Diabetes,Type 2 diabetes || id:ebi-a-GCST90018926,TRUE,reported,igd,2,1,TRUE
165,rs8043085,T,G,T,G,0.0457,0.00184763,0.301228,0.233297,FALSE,FALSE,FALSE,Hyperlipidemia,15,38828140,0.00912004,349222,0.839456,Familial combined hyperlipidemia defined by Consensus criteria || id:ebi-a-GCST90104006,Familial combined hyperlipidemia defined by Consensus criteria,Familial combined hyperlipidemia defined by Consensus criteria ||  || ,TRUE,igd,NA,NA,NA,NA,NA,NA,NA,15,38828140,0.0068,1.84E-11,490089,Diabetes,Type 2 diabetes || id:ebi-a-GCST90018926,TRUE,reported,igd,2,1,TRUE
166,rs8100204,A,G,A,G,0.0552,-0.110368,0.169058,0.146796,FALSE,FALSE,FALSE,Hyperlipidemia,19,19393714,0.0113944,349222,1.41E-22,Familial combined hyperlipidemia defined by Consensus criteria || id:ebi-a-GCST90104006,Familial combined hyperlipidemia defined by Consensus criteria,Familial combined hyperlipidemia defined by Consensus criteria ||  || ,TRUE,igd,NA,NA,NA,NA,NA,NA,NA,19,19393714,0.0082,2.08E-11,490089,Diabetes,Type 2 diabetes || id:ebi-a-GCST90018926,TRUE,reported,igd,2,1,TRUE
167,rs8100562,T,C,T,C,0.0559,0.0285747,0.170998,0.200311,FALSE,FALSE,FALSE,Hyperlipidemia,19,7241501,0.00966243,349222,0.00310342,Familial combined hyperlipidemia defined by Consensus criteria || id:ebi-a-GCST90104006,Familial combined hyperlipidemia defined by Consensus criteria,Familial combined hyperlipidemia defined by Consensus criteria ||  || ,TRUE,igd,NA,NA,NA,NA,NA,NA,NA,19,7241501,0.0088,1.89E-10,490089,Diabetes,Type 2 diabetes || id:ebi-a-GCST90018926,TRUE,reported,igd,2,1,TRUE
168,rs860262,A,C,A,C,-0.0668,-0.00707105,0.420673,0.501593,FALSE,FALSE,FALSE,Hyperlipidemia,7,28194397,0.00769756,349222,0.358299,Familial combined hyperlipidemia defined by Consensus criteria || id:ebi-a-GCST90104006,Familial combined hyperlipidemia defined by Consensus criteria,Familial combined hyperlipidemia defined by Consensus criteria ||  || ,TRUE,igd,NA,NA,NA,NA,NA,NA,NA,7,28194397,0.0068,9.18E-23,490089,Diabetes,Type 2 diabetes || id:ebi-a-GCST90018926,TRUE,reported,igd,2,1,TRUE
169,rs9265433,C,T,C,T,0.0625,0.0229196,0.445483,0.477792,FALSE,FALSE,FALSE,Hyperlipidemia,6,31296247,0.00793373,349222,0.00386616,Familial combined hyperlipidemia defined by Consensus criteria || id:ebi-a-GCST90104006,Familial combined hyperlipidemia defined by Consensus criteria,Familial combined hyperlipidemia defined by Consensus criteria ||  || ,TRUE,igd,NA,NA,NA,NA,NA,NA,NA,6,31296247,0.0067,6.28E-21,490089,Diabetes,Type 2 diabetes || id:ebi-a-GCST90018926,TRUE,reported,igd,2,1,TRUE
170,rs9304665,A,T,A,T,0.0545,0.0216146,0.752917,0.764869,FALSE,TRUE,FALSE,Hyperlipidemia,19,47602577,0.00905023,349222,0.016927,Familial combined hyperlipidemia defined by Consensus criteria || id:ebi-a-GCST90104006,Familial combined hyperlipidemia defined by Consensus criteria,Familial combined hyperlipidemia defined by Consensus criteria ||  || ,TRUE,igd,NA,NA,NA,NA,NA,NA,NA,19,47602577,0.0098,2.63E-08,490089,Diabetes,Type 2 diabetes || id:ebi-a-GCST90018926,TRUE,reported,igd,2,1,TRUE
171,rs9368222,A,C,A,C,0.1551,0.0273088,0.318552,0.262286,FALSE,FALSE,FALSE,Hyperlipidemia,6,20686996,0.00874307,349222,0.00178727,Familial combined hyperlipidemia defined by Consensus criteria || id:ebi-a-GCST90104006,Familial combined hyperlipidemia defined by Consensus criteria,Familial combined hyperlipidemia defined by Consensus criteria ||  || ,TRUE,igd,NA,NA,NA,NA,NA,NA,NA,6,20686996,0.0066,2.04E-122,490089,Diabetes,Type 2 diabetes || id:ebi-a-GCST90018926,TRUE,reported,igd,2,1,TRUE
172,rs9379084,A,G,A,G,-0.0816,0.00711147,0.156857,0.115536,FALSE,FALSE,FALSE,Hyperlipidemia,6,7231843,0.0123843,349222,0.56581,Familial combined hyperlipidemia defined by Consensus criteria || id:ebi-a-GCST90104006,Familial combined hyperlipidemia defined by Consensus criteria,Familial combined hyperlipidemia defined by Consensus criteria ||  || ,TRUE,igd,NA,NA,NA,NA,NA,NA,NA,6,7231843,0.0085,1.04E-21,490089,Diabetes,Type 2 diabetes || id:ebi-a-GCST90018926,TRUE,reported,igd,2,1,TRUE
173,rs9562987,A,G,A,G,-0.0413,0.0195947,0.41532,0.324807,FALSE,FALSE,FALSE,Hyperlipidemia,13,51095908,0.00822069,349222,0.0171451,Familial combined hyperlipidemia defined by Consensus criteria || id:ebi-a-GCST90104006,Familial combined hyperlipidemia defined by Consensus criteria,Familial combined hyperlipidemia defined by Consensus criteria ||  || ,TRUE,igd,NA,NA,NA,NA,NA,NA,NA,13,51095908,0.0069,2.31E-09,490089,Diabetes,Type 2 diabetes || id:ebi-a-GCST90018926,TRUE,reported,igd,2,1,TRUE
174,rs972119,G,A,G,A,-0.0465,-0.00499383,0.215533,0.187998,FALSE,FALSE,FALSE,Hyperlipidemia,6,143170972,0.00984541,349222,0.611998,Familial combined hyperlipidemia defined by Consensus criteria || id:ebi-a-GCST90104006,Familial combined hyperlipidemia defined by Consensus criteria,Familial combined hyperlipidemia defined by Consensus criteria ||  || ,TRUE,igd,NA,NA,NA,NA,NA,NA,NA,6,143170972,0.0074,4.38E-10,490089,Diabetes,Type 2 diabetes || id:ebi-a-GCST90018926,TRUE,reported,igd,2,1,TRUE
175,rs9844972,C,G,C,G,0.1036,0.0302659,0.0666559,0.071269,FALSE,TRUE,FALSE,Hyperlipidemia,3,150097635,0.0152026,349222,0.0464986,Familial combined hyperlipidemia defined by Consensus criteria || id:ebi-a-GCST90104006,Familial combined hyperlipidemia defined by Consensus criteria,Familial combined hyperlipidemia defined by Consensus criteria ||  || ,TRUE,igd,NA,NA,NA,NA,NA,NA,NA,3,150097635,0.0176,4.26E-09,490089,Diabetes,Type 2 diabetes || id:ebi-a-GCST90018926,TRUE,reported,igd,2,1,TRUE
176,rs9873519,T,C,T,C,0.0373,-0.0146224,0.487086,0.532414,FALSE,FALSE,FALSE,Hyperlipidemia,3,124921457,0.00772159,349222,0.058264,Familial combined hyperlipidemia defined by Consensus criteria || id:ebi-a-GCST90104006,Familial combined hyperlipidemia defined by Consensus criteria,Familial combined hyperlipidemia defined by Consensus criteria ||  || ,TRUE,igd,NA,NA,NA,NA,NA,NA,NA,3,124921457,0.0065,7.63E-09,490089,Diabetes,Type 2 diabetes || id:ebi-a-GCST90018926,TRUE,reported,igd,2,1,TRUE
