,SNP,effect_allele.exposure,other_allele.exposure,effect_allele.outcome,other_allele.outcome,beta.exposure,beta.outcome,eaf.exposure,eaf.outcome,remove,palindromic,ambiguous,id.outcome,chr,pos,se.outcome,samplesize.outcome,pval.outcome,outcome,originalname.outcome,outcome.deprecated,mr_keep.outcome,data_source.outcome,proxy.outcome,target_snp.outcome,proxy_snp.outcome,target_a1.outcome,target_a2.outcome,proxy_a1.outcome,proxy_a2.outcome,chr.exposure,pos.exposure,se.exposure,pval.exposure,samplesize.exposure,id.exposure,exposure,mr_keep.exposure,pval_origin.exposure,data_source.exposure,action,SNP_index,mr_keep
1,rs10184004,T,C,T,C,-0.00331315,3.23E-05,0.406021,0.405973,FALSE,FALSE,FALSE,Hypertension,2,165508389,0.000142114,462933,0.82,"Non-cancer illness code, self-reported: essential hypertension || id:ukb-b-7582","Non-cancer illness code, self-reported: essential hypertension","Non-cancer illness code, self-reported: essential hypertension ||  || ",TRUE,igd,NA,NA,NA,NA,NA,NA,NA,2,165508389,0.000419713,4.40E-15,468298,Diabetes,Type 2 diabetes || id:ebi-a-GCST90029024,TRUE,reported,igd,2,1,TRUE
2,rs10228456,T,C,T,C,0.00319509,7.22E-05,0.55017,0.550178,FALSE,FALSE,FALSE,Hypertension,7,15063926,0.000140407,462933,0.61,"Non-cancer illness code, self-reported: essential hypertension || id:ukb-b-7582","Non-cancer illness code, self-reported: essential hypertension","Non-cancer illness code, self-reported: essential hypertension ||  || ",TRUE,igd,NA,NA,NA,NA,NA,NA,NA,7,15063926,0.000414754,1.00E-14,468298,Diabetes,Type 2 diabetes || id:ebi-a-GCST90029024,TRUE,reported,igd,2,1,TRUE
3,rs10420309,G,A,G,A,-0.00307295,5.13E-05,0.437552,0.437532,FALSE,FALSE,FALSE,Hypertension,19,46150182,0.000141339,462933,0.719999,"Non-cancer illness code, self-reported: essential hypertension || id:ukb-b-7582","Non-cancer illness code, self-reported: essential hypertension","Non-cancer illness code, self-reported: essential hypertension ||  || ",TRUE,igd,NA,NA,NA,NA,NA,NA,NA,19,46150182,0.000417725,2.10E-13,468298,Diabetes,Type 2 diabetes || id:ebi-a-GCST90029024,TRUE,reported,igd,2,1,TRUE
4,rs10811660,A,G,A,G,-0.00634379,-0.000133518,0.173137,0.173013,FALSE,FALSE,FALSE,Hypertension,9,22134068,0.000184456,462933,0.47,"Non-cancer illness code, self-reported: essential hypertension || id:ukb-b-7582","Non-cancer illness code, self-reported: essential hypertension","Non-cancer illness code, self-reported: essential hypertension ||  || ",TRUE,igd,NA,NA,NA,NA,NA,NA,NA,9,22134068,0.00054495,1.20E-31,468298,Diabetes,Type 2 diabetes || id:ebi-a-GCST90029024,TRUE,reported,igd,2,1,TRUE
5,rs10830963,G,C,G,C,0.00378514,0.000247493,0.275172,0.274974,FALSE,TRUE,FALSE,Hypertension,11,92708710,0.000156113,462933,0.11,"Non-cancer illness code, self-reported: essential hypertension || id:ukb-b-7582","Non-cancer illness code, self-reported: essential hypertension","Non-cancer illness code, self-reported: essential hypertension ||  || ",TRUE,igd,NA,NA,NA,NA,NA,NA,NA,11,92708710,0.000461095,1.30E-16,468298,Diabetes,Type 2 diabetes || id:ebi-a-GCST90029024,TRUE,reported,igd,2,1,TRUE
6,rs10974438,C,A,C,A,0.00252536,-0.000121457,0.351143,0.35132,FALSE,FALSE,FALSE,Hypertension,9,4291928,0.000146296,462933,0.41,"Non-cancer illness code, self-reported: essential hypertension || id:ukb-b-7582","Non-cancer illness code, self-reported: essential hypertension","Non-cancer illness code, self-reported: essential hypertension ||  || ",TRUE,igd,NA,NA,NA,NA,NA,NA,NA,9,4291928,0.000432429,6.10E-09,468298,Diabetes,Type 2 diabetes || id:ebi-a-GCST90029024,TRUE,reported,igd,2,1,TRUE
7,rs11257655,T,C,T,C,0.00383558,9.80E-05,0.208243,0.208209,FALSE,FALSE,FALSE,Hypertension,10,12307894,0.000171828,462933,0.57,"Non-cancer illness code, self-reported: essential hypertension || id:ukb-b-7582","Non-cancer illness code, self-reported: essential hypertension","Non-cancer illness code, self-reported: essential hypertension ||  || ",TRUE,igd,NA,NA,NA,NA,NA,NA,NA,10,12307894,0.000507477,6.60E-14,468298,Diabetes,Type 2 diabetes || id:ebi-a-GCST90029024,TRUE,reported,igd,2,1,TRUE
8,rs11602873,T,A,T,A,-0.00480755,2.70E-05,0.155948,0.174239,FALSE,TRUE,FALSE,Hypertension,11,72474004,0.000184272,462933,0.88,"Non-cancer illness code, self-reported: essential hypertension || id:ukb-b-7582","Non-cancer illness code, self-reported: essential hypertension","Non-cancer illness code, self-reported: essential hypertension ||  || ",TRUE,igd,TRUE,rs11602873,rs79430446,T,A,T,G,11,72460762,0.000568406,5.20E-17,468298,Diabetes,Type 2 diabetes || id:ebi-a-GCST90029024,TRUE,reported,igd,2,1,TRUE
9,rs11688682,C,G,C,G,-0.00267922,-5.91E-05,0.271078,0.271015,FALSE,TRUE,FALSE,Hypertension,2,121347612,0.000162372,462933,0.719999,"Non-cancer illness code, self-reported: essential hypertension || id:ukb-b-7582","Non-cancer illness code, self-reported: essential hypertension","Non-cancer illness code, self-reported: essential hypertension ||  || ",TRUE,igd,NA,NA,NA,NA,NA,NA,NA,2,121347612,0.00047972,1.70E-08,468298,Diabetes,Type 2 diabetes || id:ebi-a-GCST90029024,TRUE,reported,igd,2,1,TRUE
10,rs1169299,C,T,C,T,0.00233484,0.000200636,0.463219,0.463331,FALSE,FALSE,FALSE,Hypertension,12,121429194,0.000140451,462933,0.15,"Non-cancer illness code, self-reported: essential hypertension || id:ukb-b-7582","Non-cancer illness code, self-reported: essential hypertension","Non-cancer illness code, self-reported: essential hypertension ||  || ",TRUE,igd,NA,NA,NA,NA,NA,NA,NA,12,121429194,0.00041492,1.90E-08,468298,Diabetes,Type 2 diabetes || id:ebi-a-GCST90029024,TRUE,reported,igd,2,1,TRUE
11,rs11720108,T,C,T,C,-0.00379293,-4.87E-05,0.246644,0.24632,FALSE,FALSE,FALSE,Hypertension,3,123069058,0.000162094,462933,0.760001,"Non-cancer illness code, self-reported: essential hypertension || id:ukb-b-7582","Non-cancer illness code, self-reported: essential hypertension","Non-cancer illness code, self-reported: essential hypertension ||  || ",TRUE,igd,NA,NA,NA,NA,NA,NA,NA,3,123069058,0.000478895,1.50E-15,468298,Diabetes,Type 2 diabetes || id:ebi-a-GCST90029024,TRUE,reported,igd,2,1,TRUE
12,rs11759026,G,A,G,A,0.00338735,-1.40E-05,0.228012,0.228427,FALSE,FALSE,FALSE,Hypertension,6,126792095,0.000166949,462933,0.93,"Non-cancer illness code, self-reported: essential hypertension || id:ukb-b-7582","Non-cancer illness code, self-reported: essential hypertension","Non-cancer illness code, self-reported: essential hypertension ||  || ",TRUE,igd,NA,NA,NA,NA,NA,NA,NA,6,126792095,0.000493767,1.00E-11,468298,Diabetes,Type 2 diabetes || id:ebi-a-GCST90029024,TRUE,reported,igd,2,1,TRUE
13,rs1215468,G,A,G,A,-0.00410557,0.000196927,0.291697,0.291405,FALSE,FALSE,FALSE,Hypertension,13,80707429,0.000154376,462933,0.2,"Non-cancer illness code, self-reported: essential hypertension || id:ukb-b-7582","Non-cancer illness code, self-reported: essential hypertension","Non-cancer illness code, self-reported: essential hypertension ||  || ",TRUE,igd,NA,NA,NA,NA,NA,NA,NA,13,80707429,0.000456374,4.10E-19,468298,Diabetes,Type 2 diabetes || id:ebi-a-GCST90029024,TRUE,reported,igd,2,1,TRUE
14,rs1260326,C,T,C,T,0.00336673,-0.000307268,0.604526,0.604288,FALSE,FALSE,FALSE,Hypertension,2,27730940,0.000142568,462933,0.0309999,"Non-cancer illness code, self-reported: essential hypertension || id:ukb-b-7582","Non-cancer illness code, self-reported: essential hypertension","Non-cancer illness code, self-reported: essential hypertension ||  || ",TRUE,igd,NA,NA,NA,NA,NA,NA,NA,2,27730940,0.000421423,3.40E-15,468298,Diabetes,Type 2 diabetes || id:ebi-a-GCST90029024,TRUE,reported,igd,2,1,TRUE
15,rs12910361,G,A,G,A,0.00308473,0.000384409,0.712772,0.712517,FALSE,FALSE,FALSE,Hypertension,15,77782335,0.000154079,462933,0.0129999,"Non-cancer illness code, self-reported: essential hypertension || id:ukb-b-7582","Non-cancer illness code, self-reported: essential hypertension","Non-cancer illness code, self-reported: essential hypertension ||  || ",TRUE,igd,NA,NA,NA,NA,NA,NA,NA,15,77782335,0.000455526,1.20E-11,468298,Diabetes,Type 2 diabetes || id:ebi-a-GCST90029024,TRUE,reported,igd,2,1,TRUE
16,rs12967878,C,T,C,T,0.00327059,-7.68E-05,0.227422,0.227488,FALSE,FALSE,FALSE,Hypertension,18,57826570,0.000166769,462933,0.649999,"Non-cancer illness code, self-reported: essential hypertension || id:ukb-b-7582","Non-cancer illness code, self-reported: essential hypertension","Non-cancer illness code, self-reported: essential hypertension ||  || ",TRUE,igd,NA,NA,NA,NA,NA,NA,NA,18,57826570,0.000493183,2.70E-11,468298,Diabetes,Type 2 diabetes || id:ebi-a-GCST90029024,TRUE,reported,igd,2,1,TRUE
17,rs1320164,A,G,A,G,-0.00249325,8.93E-06,0.512017,0.512108,FALSE,FALSE,FALSE,Hypertension,8,95960767,0.000139624,462933,0.95,"Non-cancer illness code, self-reported: essential hypertension || id:ukb-b-7582","Non-cancer illness code, self-reported: essential hypertension","Non-cancer illness code, self-reported: essential hypertension ||  || ",TRUE,igd,NA,NA,NA,NA,NA,NA,NA,8,95960767,0.000412774,2.60E-09,468298,Diabetes,Type 2 diabetes || id:ebi-a-GCST90029024,TRUE,reported,igd,2,1,TRUE
18,rs1421085,C,T,C,T,0.004714,0.000224294,0.403412,0.403451,FALSE,FALSE,FALSE,Hypertension,16,53800954,0.000142217,462933,0.11,"Non-cancer illness code, self-reported: essential hypertension || id:ukb-b-7582","Non-cancer illness code, self-reported: essential hypertension","Non-cancer illness code, self-reported: essential hypertension ||  || ",TRUE,igd,NA,NA,NA,NA,NA,NA,NA,16,53800954,0.00042044,3.10E-29,468298,Diabetes,Type 2 diabetes || id:ebi-a-GCST90029024,TRUE,reported,igd,2,1,TRUE
19,rs1496653,G,A,G,A,-0.0034437,-4.88E-05,0.203578,0.203441,FALSE,FALSE,FALSE,Hypertension,3,23454790,0.000173222,462933,0.780001,"Non-cancer illness code, self-reported: essential hypertension || id:ukb-b-7582","Non-cancer illness code, self-reported: essential hypertension","Non-cancer illness code, self-reported: essential hypertension ||  || ",TRUE,igd,NA,NA,NA,NA,NA,NA,NA,3,23454790,0.00051158,1.10E-11,468298,Diabetes,Type 2 diabetes || id:ebi-a-GCST90029024,TRUE,reported,igd,2,1,TRUE
20,rs17513135,T,C,T,C,0.00323987,-0.000191944,0.227687,0.227468,FALSE,FALSE,FALSE,Hypertension,1,40035686,0.000166471,462933,0.25,"Non-cancer illness code, self-reported: essential hypertension || id:ukb-b-7582","Non-cancer illness code, self-reported: essential hypertension","Non-cancer illness code, self-reported: essential hypertension ||  || ",TRUE,igd,NA,NA,NA,NA,NA,NA,NA,1,40035686,0.000491681,7.30E-11,468298,Diabetes,Type 2 diabetes || id:ebi-a-GCST90029024,TRUE,reported,igd,2,1,TRUE
21,rs1801212,A,G,A,G,0.00400066,-5.82E-05,0.720794,0.721131,FALSE,FALSE,FALSE,Hypertension,4,6302519,0.000155543,462933,0.709999,"Non-cancer illness code, self-reported: essential hypertension || id:ukb-b-7582","Non-cancer illness code, self-reported: essential hypertension","Non-cancer illness code, self-reported: essential hypertension ||  || ",TRUE,igd,NA,NA,NA,NA,NA,NA,NA,4,6302519,0.000459564,9.60E-19,468298,Diabetes,Type 2 diabetes || id:ebi-a-GCST90029024,TRUE,reported,igd,2,1,TRUE
22,rs2237895,C,A,C,A,0.00414808,2.60E-05,0.415794,0.415681,FALSE,FALSE,FALSE,Hypertension,11,2857194,0.000141363,462933,0.85,"Non-cancer illness code, self-reported: essential hypertension || id:ukb-b-7582","Non-cancer illness code, self-reported: essential hypertension","Non-cancer illness code, self-reported: essential hypertension ||  || ",TRUE,igd,NA,NA,NA,NA,NA,NA,NA,11,2857194,0.000417651,1.80E-23,468298,Diabetes,Type 2 diabetes || id:ebi-a-GCST90029024,TRUE,reported,igd,2,1,TRUE
23,rs2278524,A,G,A,G,0.00250705,0.000257682,0.30842,0.308097,FALSE,FALSE,FALSE,Hypertension,17,4081975,0.000151405,462933,0.089,"Non-cancer illness code, self-reported: essential hypertension || id:ukb-b-7582","Non-cancer illness code, self-reported: essential hypertension","Non-cancer illness code, self-reported: essential hypertension ||  || ",TRUE,igd,NA,NA,NA,NA,NA,NA,NA,17,4081975,0.000447319,1.40E-08,468298,Diabetes,Type 2 diabetes || id:ebi-a-GCST90029024,TRUE,reported,igd,2,1,TRUE
24,rs2303700,C,T,C,T,-0.0027028,-0.000163046,0.67965,0.679202,FALSE,FALSE,FALSE,Hypertension,19,7976529,0.000151345,462933,0.28,"Non-cancer illness code, self-reported: essential hypertension || id:ukb-b-7582","Non-cancer illness code, self-reported: essential hypertension","Non-cancer illness code, self-reported: essential hypertension ||  || ",TRUE,igd,NA,NA,NA,NA,NA,NA,NA,19,7976529,0.000447639,2.40E-09,468298,Diabetes,Type 2 diabetes || id:ebi-a-GCST90029024,TRUE,reported,igd,2,1,TRUE
25,rs2510078,T,C,T,C,0.00268225,-0.000114023,0.277353,0.277483,FALSE,FALSE,FALSE,Hypertension,11,65332273,0.000155867,462933,0.46,"Non-cancer illness code, self-reported: essential hypertension || id:ukb-b-7582","Non-cancer illness code, self-reported: essential hypertension","Non-cancer illness code, self-reported: essential hypertension ||  || ",TRUE,igd,NA,NA,NA,NA,NA,NA,NA,11,65332273,0.000460648,8.60E-09,468298,Diabetes,Type 2 diabetes || id:ebi-a-GCST90029024,TRUE,reported,igd,2,1,TRUE
26,rs2796441,A,G,A,G,-0.00336068,5.86E-05,0.418768,0.418465,FALSE,FALSE,FALSE,Hypertension,9,84308948,0.00014122,462933,0.68,"Non-cancer illness code, self-reported: essential hypertension || id:ukb-b-7582","Non-cancer illness code, self-reported: essential hypertension","Non-cancer illness code, self-reported: essential hypertension ||  || ",TRUE,igd,NA,NA,NA,NA,NA,NA,NA,9,84308948,0.000417278,7.20E-16,468298,Diabetes,Type 2 diabetes || id:ebi-a-GCST90029024,TRUE,reported,igd,2,1,TRUE
27,rs28641468,C,T,C,T,0.00270341,-0.000105252,0.755709,0.755825,FALSE,FALSE,FALSE,Hypertension,9,139239585,0.00016221,462933,0.52,"Non-cancer illness code, self-reported: essential hypertension || id:ukb-b-7582","Non-cancer illness code, self-reported: essential hypertension","Non-cancer illness code, self-reported: essential hypertension ||  || ",TRUE,igd,NA,NA,NA,NA,NA,NA,NA,9,139239585,0.000479157,3.60E-08,468298,Diabetes,Type 2 diabetes || id:ebi-a-GCST90029024,TRUE,reported,igd,2,1,TRUE
28,rs28746853,C,T,C,T,0.00423179,6.32E-05,0.175878,0.175735,FALSE,FALSE,FALSE,Hypertension,6,32634646,0.000201238,462933,0.75,"Non-cancer illness code, self-reported: essential hypertension || id:ukb-b-7582","Non-cancer illness code, self-reported: essential hypertension","Non-cancer illness code, self-reported: essential hypertension ||  || ",TRUE,igd,NA,NA,NA,NA,NA,NA,NA,6,32634646,0.000685082,7.60E-10,468298,Diabetes,Type 2 diabetes || id:ebi-a-GCST90029024,TRUE,reported,igd,2,1,TRUE
29,rs2972143,G,A,G,A,0.00354578,-7.44E-05,0.646836,0.646707,FALSE,FALSE,FALSE,Hypertension,2,227116365,0.000145905,462933,0.61,"Non-cancer illness code, self-reported: essential hypertension || id:ukb-b-7582","Non-cancer illness code, self-reported: essential hypertension","Non-cancer illness code, self-reported: essential hypertension ||  || ",TRUE,igd,NA,NA,NA,NA,NA,NA,NA,2,227116365,0.00043088,9.10E-17,468298,Diabetes,Type 2 diabetes || id:ebi-a-GCST90029024,TRUE,reported,igd,2,1,TRUE
30,rs3383,C,T,C,T,0.00239287,9.32E-05,0.63396,0.634164,FALSE,FALSE,FALSE,Hypertension,6,143073041,0.000145254,462933,0.52,"Non-cancer illness code, self-reported: essential hypertension || id:ukb-b-7582","Non-cancer illness code, self-reported: essential hypertension","Non-cancer illness code, self-reported: essential hypertension ||  || ",TRUE,igd,NA,NA,NA,NA,NA,NA,NA,6,143073041,0.000429112,1.90E-08,468298,Diabetes,Type 2 diabetes || id:ebi-a-GCST90029024,TRUE,reported,igd,2,1,TRUE
31,rs34744311,T,C,T,C,-0.00458577,-0.000197545,0.37725,0.377322,FALSE,FALSE,FALSE,Hypertension,10,94467287,0.000144257,462933,0.17,"Non-cancer illness code, self-reported: essential hypertension || id:ukb-b-7582","Non-cancer illness code, self-reported: essential hypertension","Non-cancer illness code, self-reported: essential hypertension ||  || ",TRUE,igd,NA,NA,NA,NA,NA,NA,NA,10,94467287,0.000426033,3.30E-27,468298,Diabetes,Type 2 diabetes || id:ebi-a-GCST90029024,TRUE,reported,igd,2,1,TRUE
32,rs348330,A,G,A,G,-0.00246841,0.000139666,0.632623,0.632173,FALSE,FALSE,FALSE,Hypertension,1,229672955,0.000145273,462933,0.34,"Non-cancer illness code, self-reported: essential hypertension || id:ukb-b-7582","Non-cancer illness code, self-reported: essential hypertension","Non-cancer illness code, self-reported: essential hypertension ||  || ",TRUE,igd,NA,NA,NA,NA,NA,NA,NA,1,229672955,0.00042942,7.00E-09,468298,Diabetes,Type 2 diabetes || id:ebi-a-GCST90029024,TRUE,reported,igd,2,1,TRUE
33,rs3802177,A,G,A,G,-0.00454632,-8.04E-05,0.310171,0.309827,FALSE,FALSE,FALSE,Hypertension,8,118185025,0.000151158,462933,0.59,"Non-cancer illness code, self-reported: essential hypertension || id:ukb-b-7582","Non-cancer illness code, self-reported: essential hypertension","Non-cancer illness code, self-reported: essential hypertension ||  || ",TRUE,igd,NA,NA,NA,NA,NA,NA,NA,8,118185025,0.000446609,3.40E-24,468298,Diabetes,Type 2 diabetes || id:ebi-a-GCST90029024,TRUE,reported,igd,2,1,TRUE
34,rs4287436,C,T,C,T,0.00244299,-8.05E-05,0.619115,0.619139,FALSE,FALSE,FALSE,Hypertension,13,109940863,0.000143607,462933,0.58,"Non-cancer illness code, self-reported: essential hypertension || id:ukb-b-7582","Non-cancer illness code, self-reported: essential hypertension","Non-cancer illness code, self-reported: essential hypertension ||  || ",TRUE,igd,NA,NA,NA,NA,NA,NA,NA,13,109940863,0.000424372,5.60E-09,468298,Diabetes,Type 2 diabetes || id:ebi-a-GCST90029024,TRUE,reported,igd,2,1,TRUE
35,rs4686471,C,T,C,T,0.00287711,-4.52E-05,0.609905,0.610082,FALSE,FALSE,FALSE,Hypertension,3,187740899,0.000143731,462933,0.75,"Non-cancer illness code, self-reported: essential hypertension || id:ukb-b-7582","Non-cancer illness code, self-reported: essential hypertension","Non-cancer illness code, self-reported: essential hypertension ||  || ",TRUE,igd,NA,NA,NA,NA,NA,NA,NA,3,187740899,0.000424428,6.20E-12,468298,Diabetes,Type 2 diabetes || id:ebi-a-GCST90029024,TRUE,reported,igd,2,1,TRUE
36,rs4715207,T,C,T,C,0.00365384,0.000347393,0.179788,0.179788,FALSE,FALSE,FALSE,Hypertension,6,50809278,0.000181846,462933,0.0560003,"Non-cancer illness code, self-reported: essential hypertension || id:ukb-b-7582","Non-cancer illness code, self-reported: essential hypertension","Non-cancer illness code, self-reported: essential hypertension ||  || ",TRUE,igd,NA,NA,NA,NA,NA,NA,NA,6,50809278,0.000537547,1.80E-11,468298,Diabetes,Type 2 diabetes || id:ebi-a-GCST90029024,TRUE,reported,igd,2,1,TRUE
37,rs508419,G,A,G,A,0.00383014,0.000141705,0.757532,0.757296,FALSE,FALSE,FALSE,Hypertension,8,41522991,0.000163008,462933,0.38,"Non-cancer illness code, self-reported: essential hypertension || id:ukb-b-7582","Non-cancer illness code, self-reported: essential hypertension","Non-cancer illness code, self-reported: essential hypertension ||  || ",TRUE,igd,NA,NA,NA,NA,NA,NA,NA,8,41522991,0.000481826,1.70E-15,468298,Diabetes,Type 2 diabetes || id:ebi-a-GCST90029024,TRUE,reported,igd,2,1,TRUE
38,rs5213,T,C,T,C,-0.00316917,-0.000514705,0.65266,0.652911,FALSE,FALSE,FALSE,Hypertension,11,17408404,0.000146966,462933,0.000460002,"Non-cancer illness code, self-reported: essential hypertension || id:ukb-b-7582","Non-cancer illness code, self-reported: essential hypertension","Non-cancer illness code, self-reported: essential hypertension ||  || ",TRUE,igd,NA,NA,NA,NA,NA,NA,NA,11,17408404,0.000434136,2.00E-13,468298,Diabetes,Type 2 diabetes || id:ebi-a-GCST90029024,TRUE,reported,igd,2,1,TRUE
39,rs6446298,C,T,C,T,0.00262951,-0.000125159,0.666186,0.665844,FALSE,FALSE,FALSE,Hypertension,3,49860854,0.000148077,462933,0.4,"Non-cancer illness code, self-reported: essential hypertension || id:ukb-b-7582","Non-cancer illness code, self-reported: essential hypertension","Non-cancer illness code, self-reported: essential hypertension ||  || ",TRUE,igd,NA,NA,NA,NA,NA,NA,NA,3,49860854,0.000437545,2.40E-09,468298,Diabetes,Type 2 diabetes || id:ebi-a-GCST90029024,TRUE,reported,igd,2,1,TRUE
40,rs7274168,T,C,T,C,0.00241758,0.000353307,0.479017,0.479587,FALSE,FALSE,FALSE,Hypertension,20,32435978,0.000140184,462933,0.012,"Non-cancer illness code, self-reported: essential hypertension || id:ukb-b-7582","Non-cancer illness code, self-reported: essential hypertension","Non-cancer illness code, self-reported: essential hypertension ||  || ",TRUE,igd,NA,NA,NA,NA,NA,NA,NA,20,32435978,0.000415418,2.10E-09,468298,Diabetes,Type 2 diabetes || id:ebi-a-GCST90029024,TRUE,reported,igd,2,1,TRUE
41,rs7482891,G,A,G,A,-0.00277744,-5.26E-05,0.621733,0.622096,FALSE,FALSE,FALSE,Hypertension,11,2197112,0.000144186,462933,0.719999,"Non-cancer illness code, self-reported: essential hypertension || id:ukb-b-7582","Non-cancer illness code, self-reported: essential hypertension","Non-cancer illness code, self-reported: essential hypertension ||  || ",TRUE,igd,NA,NA,NA,NA,NA,NA,NA,11,2197112,0.00042604,5.90E-11,468298,Diabetes,Type 2 diabetes || id:ebi-a-GCST90029024,TRUE,reported,igd,2,1,TRUE
42,rs7501939,C,T,C,T,-0.0035879,-0.000364294,0.602238,0.602151,FALSE,FALSE,FALSE,Hypertension,17,36101156,0.000142587,462933,0.0109999,"Non-cancer illness code, self-reported: essential hypertension || id:ukb-b-7582","Non-cancer illness code, self-reported: essential hypertension","Non-cancer illness code, self-reported: essential hypertension ||  || ",TRUE,igd,NA,NA,NA,NA,NA,NA,NA,17,36101156,0.000421463,1.00E-17,468298,Diabetes,Type 2 diabetes || id:ebi-a-GCST90029024,TRUE,reported,igd,2,1,TRUE
43,rs7633675,G,T,G,T,0.00480054,3.25E-05,0.315435,0.315774,FALSE,FALSE,FALSE,Hypertension,3,185510613,0.000150185,462933,0.83,"Non-cancer illness code, self-reported: essential hypertension || id:ukb-b-7582","Non-cancer illness code, self-reported: essential hypertension","Non-cancer illness code, self-reported: essential hypertension ||  || ",TRUE,igd,NA,NA,NA,NA,NA,NA,NA,3,185510613,0.00044376,5.90E-28,468298,Diabetes,Type 2 diabetes || id:ebi-a-GCST90029024,TRUE,reported,igd,2,1,TRUE
44,rs7756992,G,A,G,A,0.00540505,-7.37E-05,0.266078,0.266365,FALSE,FALSE,FALSE,Hypertension,6,20679709,0.000157746,462933,0.64,"Non-cancer illness code, self-reported: essential hypertension || id:ukb-b-7582","Non-cancer illness code, self-reported: essential hypertension","Non-cancer illness code, self-reported: essential hypertension ||  || ",TRUE,igd,NA,NA,NA,NA,NA,NA,NA,6,20679709,0.000466387,1.00E-31,468298,Diabetes,Type 2 diabetes || id:ebi-a-GCST90029024,TRUE,reported,igd,2,1,TRUE
45,rs7807512,T,C,T,C,0.00266522,0.000216839,0.296713,0.296713,FALSE,FALSE,FALSE,Hypertension,7,130448914,0.000154004,462933,0.16,"Non-cancer illness code, self-reported: essential hypertension || id:ukb-b-7582","Non-cancer illness code, self-reported: essential hypertension","Non-cancer illness code, self-reported: essential hypertension ||  || ",TRUE,igd,NA,NA,NA,NA,NA,NA,NA,7,130448914,0.000454818,5.40E-09,468298,Diabetes,Type 2 diabetes || id:ebi-a-GCST90029024,TRUE,reported,igd,2,1,TRUE
46,rs7903146,T,C,T,C,0.0138018,2.76E-05,0.290486,0.290666,FALSE,FALSE,FALSE,Hypertension,10,114758349,0.00015359,462933,0.86,"Non-cancer illness code, self-reported: essential hypertension || id:ukb-b-7582","Non-cancer illness code, self-reported: essential hypertension","Non-cancer illness code, self-reported: essential hypertension ||  || ",TRUE,igd,NA,NA,NA,NA,NA,NA,NA,10,114758349,0.000453631,1.00E-200,468298,Diabetes,Type 2 diabetes || id:ebi-a-GCST90029024,TRUE,reported,igd,2,1,TRUE
47,rs7988007,C,A,C,A,-0.00296168,-0.000130312,0.174564,0.174689,FALSE,FALSE,FALSE,Hypertension,13,58988271,0.000184011,462933,0.48,"Non-cancer illness code, self-reported: essential hypertension || id:ukb-b-7582","Non-cancer illness code, self-reported: essential hypertension","Non-cancer illness code, self-reported: essential hypertension ||  || ",TRUE,igd,NA,NA,NA,NA,NA,NA,NA,13,58988271,0.00054395,3.10E-08,468298,Diabetes,Type 2 diabetes || id:ebi-a-GCST90029024,TRUE,reported,igd,2,1,TRUE
48,rs8031576,A,C,A,C,-0.0027646,-0.000256149,0.718964,0.719107,FALSE,FALSE,FALSE,Hypertension,15,90380214,0.000155362,462933,0.0990011,"Non-cancer illness code, self-reported: essential hypertension || id:ukb-b-7582","Non-cancer illness code, self-reported: essential hypertension","Non-cancer illness code, self-reported: essential hypertension ||  || ",TRUE,igd,NA,NA,NA,NA,NA,NA,NA,15,90380214,0.00045908,3.30E-09,468298,Diabetes,Type 2 diabetes || id:ebi-a-GCST90029024,TRUE,reported,igd,2,1,TRUE
49,rs860262,A,C,A,C,-0.00361649,-0.000200511,0.501872,0.501613,FALSE,FALSE,FALSE,Hypertension,7,28194397,0.00013956,462933,0.15,"Non-cancer illness code, self-reported: essential hypertension || id:ukb-b-7582","Non-cancer illness code, self-reported: essential hypertension","Non-cancer illness code, self-reported: essential hypertension ||  || ",TRUE,igd,NA,NA,NA,NA,NA,NA,NA,7,28194397,0.000412144,2.30E-18,468298,Diabetes,Type 2 diabetes || id:ebi-a-GCST90029024,TRUE,reported,igd,2,1,TRUE
50,rs9686661,T,C,T,C,0.00342406,-4.82E-05,0.200512,0.200615,FALSE,FALSE,FALSE,Hypertension,5,55861786,0.000174008,462933,0.780001,"Non-cancer illness code, self-reported: essential hypertension || id:ukb-b-7582","Non-cancer illness code, self-reported: essential hypertension","Non-cancer illness code, self-reported: essential hypertension ||  || ",TRUE,igd,NA,NA,NA,NA,NA,NA,NA,5,55861786,0.00051413,1.50E-11,468298,Diabetes,Type 2 diabetes || id:ebi-a-GCST90029024,TRUE,reported,igd,2,1,TRUE
