,SNP,effect_allele.exposure,other_allele.exposure,effect_allele.outcome,other_allele.outcome,beta.exposure,beta.outcome,eaf.exposure,eaf.outcome,remove,palindromic,ambiguous,id.outcome,chr,pos,se.outcome,samplesize.outcome,pval.outcome,outcome,originalname.outcome,outcome.deprecated,mr_keep.outcome,data_source.outcome,proxy.outcome,target_snp.outcome,proxy_snp.outcome,target_a1.outcome,target_a2.outcome,proxy_a1.outcome,proxy_a2.outcome,chr.exposure,pos.exposure,se.exposure,pval.exposure,samplesize.exposure,id.exposure,exposure,mr_keep.exposure,pval_origin.exposure,data_source.exposure,action,SNP_index,mr_keep
1,rs1002389,G,C,G,C,-0.0511,-0.0139,0.392781,0.3156,FALSE,TRUE,FALSE,Hepatic failure,7,156968323,0.0711,NA,0.8451,"Hepatic failure, not elsewhere classified || id:finn-b-K11_HEPFAIL","Hepatic failure, not elsewhere classified","Hepatic failure, not elsewhere classified ||  || ",TRUE,igd,NA,NA,NA,NA,NA,NA,NA,7,156968323,0.0064,2.20E-15,490089,Diabetes,Type 2 diabetes || id:ebi-a-GCST90018926,TRUE,reported,igd,2,1,TRUE
2,rs10062657,A,C,A,C,-0.0417,0.0248,0.799903,0.7784,FALSE,FALSE,FALSE,Hepatic failure,5,95867908,0.0798,NA,0.7558,"Hepatic failure, not elsewhere classified || id:finn-b-K11_HEPFAIL","Hepatic failure, not elsewhere classified","Hepatic failure, not elsewhere classified ||  || ",TRUE,igd,NA,NA,NA,NA,NA,NA,NA,5,95867908,0.0075,2.59E-08,490089,Diabetes,Type 2 diabetes || id:ebi-a-GCST90018926,TRUE,reported,igd,2,1,TRUE
3,rs10169613,T,C,T,C,-0.0386,-1.00E-04,0.446602,0.4467,FALSE,FALSE,FALSE,Hepatic failure,2,111934977,0.0665,NA,0.9983,"Hepatic failure, not elsewhere classified || id:finn-b-K11_HEPFAIL","Hepatic failure, not elsewhere classified","Hepatic failure, not elsewhere classified ||  || ",TRUE,igd,NA,NA,NA,NA,NA,NA,NA,2,111934977,0.0063,1.16E-09,490089,Diabetes,Type 2 diabetes || id:ebi-a-GCST90018926,TRUE,reported,igd,2,1,TRUE
4,rs10173251,G,C,G,C,-0.1062,-0.2471,0.11235,0.06716,FALSE,TRUE,FALSE,Hepatic failure,2,43529508,0.1322,NA,0.0616297,"Hepatic failure, not elsewhere classified || id:finn-b-K11_HEPFAIL","Hepatic failure, not elsewhere classified","Hepatic failure, not elsewhere classified ||  || ",TRUE,igd,NA,NA,NA,NA,NA,NA,NA,2,43529508,0.0141,5.86E-14,490089,Diabetes,Type 2 diabetes || id:ebi-a-GCST90018926,TRUE,reported,igd,2,1,TRUE
5,rs10201401,A,G,A,G,0.0421,0.0473,0.787528,0.8352,FALSE,FALSE,FALSE,Hepatic failure,2,44810480,0.0893,NA,0.5963,"Hepatic failure, not elsewhere classified || id:finn-b-K11_HEPFAIL","Hepatic failure, not elsewhere classified","Hepatic failure, not elsewhere classified ||  || ",TRUE,igd,NA,NA,NA,NA,NA,NA,NA,2,44810480,0.0075,1.76E-08,490089,Diabetes,Type 2 diabetes || id:ebi-a-GCST90018926,TRUE,reported,igd,2,1,TRUE
6,rs10268294,A,C,A,C,0.0454,0.0796,0.796446,0.7242,FALSE,FALSE,FALSE,Hepatic failure,7,1873406,0.074,NA,0.2822,"Hepatic failure, not elsewhere classified || id:finn-b-K11_HEPFAIL","Hepatic failure, not elsewhere classified","Hepatic failure, not elsewhere classified ||  || ",TRUE,igd,NA,NA,NA,NA,NA,NA,NA,7,1873406,0.0081,2.54E-08,490089,Diabetes,Type 2 diabetes || id:ebi-a-GCST90018926,TRUE,reported,igd,2,1,TRUE
7,rs10408179,C,T,C,T,-0.0675,0.0024,0.38792,0.4467,FALSE,FALSE,FALSE,Hepatic failure,19,46157004,0.0666,NA,0.9708,"Hepatic failure, not elsewhere classified || id:finn-b-K11_HEPFAIL","Hepatic failure, not elsewhere classified","Hepatic failure, not elsewhere classified ||  || ",TRUE,igd,NA,NA,NA,NA,NA,NA,NA,19,46157004,0.0067,1.33E-23,490089,Diabetes,Type 2 diabetes || id:ebi-a-GCST90018926,TRUE,reported,igd,2,1,TRUE
8,rs1046316,G,A,G,A,0.0999,-0.1335,0.745203,0.6115,FALSE,FALSE,FALSE,Hepatic failure,4,6304087,0.0679,NA,0.04948,"Hepatic failure, not elsewhere classified || id:finn-b-K11_HEPFAIL","Hepatic failure, not elsewhere classified","Hepatic failure, not elsewhere classified ||  || ",TRUE,igd,NA,NA,NA,NA,NA,NA,NA,4,6304087,0.0087,1.63E-30,490089,Diabetes,Type 2 diabetes || id:ebi-a-GCST90018926,TRUE,reported,igd,2,1,TRUE
9,rs10830963,G,C,G,C,0.0504,-0.0112,0.330035,0.3567,FALSE,TRUE,FALSE,Hepatic failure,11,92708710,0.069,NA,0.8713,"Hepatic failure, not elsewhere classified || id:finn-b-K11_HEPFAIL","Hepatic failure, not elsewhere classified","Hepatic failure, not elsewhere classified ||  || ",TRUE,igd,NA,NA,NA,NA,NA,NA,NA,11,92708710,0.0065,1.20E-14,490089,Diabetes,Type 2 diabetes || id:ebi-a-GCST90018926,TRUE,reported,igd,2,1,TRUE
10,rs10900325,C,T,C,T,-0.0557,-6.00E-04,0.841826,0.8431,FALSE,FALSE,FALSE,Hepatic failure,1,146692174,0.0909,NA,0.9945,"Hepatic failure, not elsewhere classified || id:finn-b-K11_HEPFAIL","Hepatic failure, not elsewhere classified","Hepatic failure, not elsewhere classified ||  || ",TRUE,igd,NA,NA,NA,NA,NA,NA,NA,1,146692174,0.0082,8.75E-12,490089,Diabetes,Type 2 diabetes || id:ebi-a-GCST90018926,TRUE,reported,igd,2,1,TRUE
11,rs10938398,A,G,A,G,0.0491,0.0584,0.406542,0.4731,FALSE,FALSE,FALSE,Hepatic failure,4,45186139,0.0661,NA,0.3774,"Hepatic failure, not elsewhere classified || id:finn-b-K11_HEPFAIL","Hepatic failure, not elsewhere classified","Hepatic failure, not elsewhere classified ||  || ",TRUE,igd,NA,NA,NA,NA,NA,NA,NA,4,45186139,0.0065,5.39E-14,490089,Diabetes,Type 2 diabetes || id:ebi-a-GCST90018926,TRUE,reported,igd,2,1,TRUE
12,rs10950494,A,G,A,G,0.0361,0.0464,0.450764,0.4941,FALSE,FALSE,FALSE,Hepatic failure,7,13892902,0.0662,NA,0.4831,"Hepatic failure, not elsewhere classified || id:finn-b-K11_HEPFAIL","Hepatic failure, not elsewhere classified","Hepatic failure, not elsewhere classified ||  || ",TRUE,igd,NA,NA,NA,NA,NA,NA,NA,7,13892902,0.0063,1.08E-08,490089,Diabetes,Type 2 diabetes || id:ebi-a-GCST90018926,TRUE,reported,igd,2,1,TRUE
13,rs10965250,A,G,A,G,-0.1644,0.1187,0.235558,0.1432,FALSE,FALSE,FALSE,Hepatic failure,9,22133284,0.0943,NA,0.2079,"Hepatic failure, not elsewhere classified || id:finn-b-K11_HEPFAIL","Hepatic failure, not elsewhere classified","Hepatic failure, not elsewhere classified ||  || ",TRUE,igd,NA,NA,NA,NA,NA,NA,NA,9,22133284,0.0073,7.73E-114,490089,Diabetes,Type 2 diabetes || id:ebi-a-GCST90018926,TRUE,reported,igd,2,1,TRUE
14,rs1117610,T,A,T,A,0.0418,0.0263,0.312695,0.199,FALSE,TRUE,FALSE,Hepatic failure,7,150541189,0.0831,NA,0.752101,"Hepatic failure, not elsewhere classified || id:finn-b-K11_HEPFAIL","Hepatic failure, not elsewhere classified","Hepatic failure, not elsewhere classified ||  || ",TRUE,igd,NA,NA,NA,NA,NA,NA,NA,7,150541189,0.0069,1.66E-09,490089,Diabetes,Type 2 diabetes || id:ebi-a-GCST90018926,TRUE,reported,igd,2,1,TRUE
15,rs112108223,A,G,A,G,-0.2373,-0.3267,0.0147015,0.02237,FALSE,FALSE,FALSE,Hepatic failure,12,4271088,0.2251,NA,0.1467,"Hepatic failure, not elsewhere classified || id:finn-b-K11_HEPFAIL","Hepatic failure, not elsewhere classified","Hepatic failure, not elsewhere classified ||  || ",TRUE,igd,NA,NA,NA,NA,NA,NA,NA,12,4271088,0.0344,5.52E-12,490089,Diabetes,Type 2 diabetes || id:ebi-a-GCST90018926,TRUE,reported,igd,2,1,TRUE
16,rs11257655,T,C,T,C,0.1084,0.0132,0.281992,0.265,FALSE,FALSE,FALSE,Hepatic failure,10,12307894,0.0755,NA,0.8613,"Hepatic failure, not elsewhere classified || id:finn-b-K11_HEPFAIL","Hepatic failure, not elsewhere classified","Hepatic failure, not elsewhere classified ||  || ",TRUE,igd,NA,NA,NA,NA,NA,NA,NA,10,12307894,0.0069,2.36E-55,490089,Diabetes,Type 2 diabetes || id:ebi-a-GCST90018926,TRUE,reported,igd,2,1,TRUE
17,rs1127215,T,C,T,C,-0.042,-0.0217,0.368543,0.3495,FALSE,FALSE,FALSE,Hepatic failure,1,117532790,0.0694,NA,0.753999,"Hepatic failure, not elsewhere classified || id:finn-b-K11_HEPFAIL","Hepatic failure, not elsewhere classified","Hepatic failure, not elsewhere classified ||  || ",TRUE,igd,NA,NA,NA,NA,NA,NA,NA,1,117532790,0.0066,2.54E-10,490089,Diabetes,Type 2 diabetes || id:ebi-a-GCST90018926,TRUE,reported,igd,2,1,TRUE
18,rs1128249,T,G,T,G,-0.0786,0.0026,0.300292,0.348,FALSE,FALSE,FALSE,Hepatic failure,2,165528624,0.0695,NA,0.9705,"Hepatic failure, not elsewhere classified || id:finn-b-K11_HEPFAIL","Hepatic failure, not elsewhere classified","Hepatic failure, not elsewhere classified ||  || ",TRUE,igd,NA,NA,NA,NA,NA,NA,NA,2,165528624,0.0078,9.30E-24,490089,Diabetes,Type 2 diabetes || id:ebi-a-GCST90018926,TRUE,reported,igd,2,1,TRUE
19,rs113082607,C,A,C,A,0.0895,-0.8381,0.0312395,0.004429,FALSE,FALSE,FALSE,Hepatic failure,10,12404298,0.5095,NA,0.0999793,"Hepatic failure, not elsewhere classified || id:finn-b-K11_HEPFAIL","Hepatic failure, not elsewhere classified","Hepatic failure, not elsewhere classified ||  || ",TRUE,igd,TRUE,rs113082607,rs11257738,C,A,A,G,10,12403619,0.0162,3.03E-08,490089,Diabetes,Type 2 diabetes || id:ebi-a-GCST90018926,TRUE,reported,igd,2,1,TRUE
20,rs114322470,G,T,G,T,-0.2281,0.129,0.0204657,0.02356,FALSE,FALSE,FALSE,Hepatic failure,10,114736670,0.2167,NA,0.5516,"Hepatic failure, not elsewhere classified || id:finn-b-K11_HEPFAIL","Hepatic failure, not elsewhere classified","Hepatic failure, not elsewhere classified ||  || ",TRUE,igd,NA,NA,NA,NA,NA,NA,NA,10,114736670,0.0301,3.23E-14,490089,Diabetes,Type 2 diabetes || id:ebi-a-GCST90018926,TRUE,reported,igd,2,1,TRUE
21,rs115018313,C,T,C,T,0.284,0.2854,0.0309476,0.05243,FALSE,FALSE,FALSE,Hepatic failure,6,32710407,0.1521,NA,0.0605801,"Hepatic failure, not elsewhere classified || id:finn-b-K11_HEPFAIL","Hepatic failure, not elsewhere classified","Hepatic failure, not elsewhere classified ||  || ",TRUE,igd,NA,NA,NA,NA,NA,NA,NA,6,32710407,0.0238,7.30E-33,490089,Diabetes,Type 2 diabetes || id:ebi-a-GCST90018926,TRUE,reported,igd,2,1,TRUE
22,rs11514706,C,A,C,A,0.0601,0.021,0.500501,0.4076,FALSE,FALSE,FALSE,Hepatic failure,7,15059272,0.0675,NA,0.755499,"Hepatic failure, not elsewhere classified || id:finn-b-K11_HEPFAIL","Hepatic failure, not elsewhere classified","Hepatic failure, not elsewhere classified ||  || ",TRUE,igd,NA,NA,NA,NA,NA,NA,NA,7,15059272,0.0063,8.55E-22,490089,Diabetes,Type 2 diabetes || id:ebi-a-GCST90018926,TRUE,reported,igd,2,1,TRUE
23,rs11607147,C,T,C,T,-0.0411,-0.0646,0.684232,0.7828,FALSE,FALSE,FALSE,Hepatic failure,11,65346178,0.081,NA,0.4251,"Hepatic failure, not elsewhere classified || id:finn-b-K11_HEPFAIL","Hepatic failure, not elsewhere classified","Hepatic failure, not elsewhere classified ||  || ",TRUE,igd,NA,NA,NA,NA,NA,NA,NA,11,65346178,0.0068,1.76E-09,490089,Diabetes,Type 2 diabetes || id:ebi-a-GCST90018926,TRUE,reported,igd,2,1,TRUE
24,rs11651052,G,A,G,A,-0.091,0.1299,0.589657,0.6477,FALSE,FALSE,FALSE,Hepatic failure,17,36102381,0.0692,NA,0.0605494,"Hepatic failure, not elsewhere classified || id:finn-b-K11_HEPFAIL","Hepatic failure, not elsewhere classified","Hepatic failure, not elsewhere classified ||  || ",TRUE,igd,NA,NA,NA,NA,NA,NA,NA,17,36102381,0.0065,5.35E-44,490089,Diabetes,Type 2 diabetes || id:ebi-a-GCST90018926,TRUE,reported,igd,2,1,TRUE
25,rs11680058,A,G,A,G,0.0633,0.0033,0.879274,0.8982,FALSE,FALSE,FALSE,Hepatic failure,2,16574669,0.1124,NA,0.9768,"Hepatic failure, not elsewhere classified || id:finn-b-K11_HEPFAIL","Hepatic failure, not elsewhere classified","Hepatic failure, not elsewhere classified ||  || ",TRUE,igd,NA,NA,NA,NA,NA,NA,NA,2,16574669,0.0108,4.38E-09,490089,Diabetes,Type 2 diabetes || id:ebi-a-GCST90018926,TRUE,reported,igd,2,1,TRUE
26,rs116947250,A,T,A,T,0.0849,-0.1544,0.031514,0.00982,FALSE,TRUE,FALSE,Hepatic failure,5,49673818,0.3329,NA,0.6427,"Hepatic failure, not elsewhere classified || id:finn-b-K11_HEPFAIL","Hepatic failure, not elsewhere classified","Hepatic failure, not elsewhere classified ||  || ",TRUE,igd,NA,NA,NA,NA,NA,NA,NA,5,49673818,0.0155,3.93E-08,490089,Diabetes,Type 2 diabetes || id:ebi-a-GCST90018926,TRUE,reported,igd,2,1,TRUE
27,rs117430555,T,G,T,G,0.1366,0.1387,0.0336968,0.03822,FALSE,FALSE,FALSE,Hepatic failure,15,57610146,0.1724,NA,0.4211,"Hepatic failure, not elsewhere classified || id:finn-b-K11_HEPFAIL","Hepatic failure, not elsewhere classified","Hepatic failure, not elsewhere classified ||  || ",TRUE,igd,NA,NA,NA,NA,NA,NA,NA,15,57610146,0.0235,5.96E-09,490089,Diabetes,Type 2 diabetes || id:ebi-a-GCST90018926,TRUE,reported,igd,2,1,TRUE
28,rs11802899,A,C,A,C,-0.0497,-0.088,0.817422,0.8563,FALSE,FALSE,FALSE,Hepatic failure,1,22112174,0.0938,NA,0.3482,"Hepatic failure, not elsewhere classified || id:finn-b-K11_HEPFAIL","Hepatic failure, not elsewhere classified","Hepatic failure, not elsewhere classified ||  || ",TRUE,igd,NA,NA,NA,NA,NA,NA,NA,1,22112174,0.0077,1.09E-10,490089,Diabetes,Type 2 diabetes || id:ebi-a-GCST90018926,TRUE,reported,igd,2,1,TRUE
29,rs11819995,T,C,T,C,0.0493,-0.1237,0.213049,0.1582,FALSE,FALSE,FALSE,Hepatic failure,11,128389391,0.0909,NA,0.1737,"Hepatic failure, not elsewhere classified || id:finn-b-K11_HEPFAIL","Hepatic failure, not elsewhere classified","Hepatic failure, not elsewhere classified ||  || ",TRUE,igd,NA,NA,NA,NA,NA,NA,NA,11,128389391,0.0077,1.27E-10,490089,Diabetes,Type 2 diabetes || id:ebi-a-GCST90018926,TRUE,reported,igd,2,1,TRUE
30,rs11846158,G,A,G,A,0.037,-0.1318,0.283548,0.2697,FALSE,FALSE,FALSE,Hepatic failure,14,103292959,0.0744,NA,0.0766496,"Hepatic failure, not elsewhere classified || id:finn-b-K11_HEPFAIL","Hepatic failure, not elsewhere classified","Hepatic failure, not elsewhere classified ||  || ",TRUE,igd,NA,NA,NA,NA,NA,NA,NA,14,103292959,0.0068,4.89E-08,490089,Diabetes,Type 2 diabetes || id:ebi-a-GCST90018926,TRUE,reported,igd,2,1,TRUE
31,rs12001437,C,T,C,T,0.0367,3.00E-04,0.413559,0.3537,FALSE,FALSE,FALSE,Hepatic failure,9,34074476,0.0692,NA,0.9963,"Hepatic failure, not elsewhere classified || id:finn-b-K11_HEPFAIL","Hepatic failure, not elsewhere classified","Hepatic failure, not elsewhere classified ||  || ",TRUE,igd,NA,NA,NA,NA,NA,NA,NA,9,34074476,0.0064,1.02E-08,490089,Diabetes,Type 2 diabetes || id:ebi-a-GCST90018926,TRUE,reported,igd,2,1,TRUE
32,rs12108088,A,G,A,G,-0.0365,0.0264,0.439211,0.3036,FALSE,FALSE,FALSE,Hepatic failure,3,64722045,0.0718,NA,0.7134,"Hepatic failure, not elsewhere classified || id:finn-b-K11_HEPFAIL","Hepatic failure, not elsewhere classified","Hepatic failure, not elsewhere classified ||  || ",TRUE,igd,NA,NA,NA,NA,NA,NA,NA,3,64722045,0.0065,2.21E-08,490089,Diabetes,Type 2 diabetes || id:ebi-a-GCST90018926,TRUE,reported,igd,2,1,TRUE
33,rs1215468,G,A,G,A,-0.0749,0.0423,0.287639,0.2971,FALSE,FALSE,FALSE,Hepatic failure,13,80707429,0.0723,NA,0.5586,"Hepatic failure, not elsewhere classified || id:finn-b-K11_HEPFAIL","Hepatic failure, not elsewhere classified","Hepatic failure, not elsewhere classified ||  || ",TRUE,igd,NA,NA,NA,NA,NA,NA,NA,13,80707429,0.0069,3.91E-27,490089,Diabetes,Type 2 diabetes || id:ebi-a-GCST90018926,TRUE,reported,igd,2,1,TRUE
34,rs12441261,A,C,A,C,-0.0435,-0.067,0.248102,0.1526,FALSE,FALSE,FALSE,Hepatic failure,15,93834743,0.0921,NA,0.4673,"Hepatic failure, not elsewhere classified || id:finn-b-K11_HEPFAIL","Hepatic failure, not elsewhere classified","Hepatic failure, not elsewhere classified ||  || ",TRUE,igd,NA,NA,NA,NA,NA,NA,NA,15,93834743,0.0074,4.50E-09,490089,Diabetes,Type 2 diabetes || id:ebi-a-GCST90018926,TRUE,reported,igd,2,1,TRUE
35,rs12453376,G,A,G,A,0.0581,-0.0249,0.2041,0.1919,FALSE,FALSE,FALSE,Hepatic failure,17,4032785,0.0842,NA,0.766999,"Hepatic failure, not elsewhere classified || id:finn-b-K11_HEPFAIL","Hepatic failure, not elsewhere classified","Hepatic failure, not elsewhere classified ||  || ",TRUE,igd,NA,NA,NA,NA,NA,NA,NA,17,4032785,0.0076,2.33E-14,490089,Diabetes,Type 2 diabetes || id:ebi-a-GCST90018926,TRUE,reported,igd,2,1,TRUE
36,rs12546365,C,T,C,T,-0.0381,-0.1038,0.55818,0.5135,FALSE,FALSE,FALSE,Hepatic failure,8,95911477,0.0661,NA,0.1161,"Hepatic failure, not elsewhere classified || id:finn-b-K11_HEPFAIL","Hepatic failure, not elsewhere classified","Hepatic failure, not elsewhere classified ||  || ",TRUE,igd,NA,NA,NA,NA,NA,NA,NA,8,95911477,0.0065,4.66E-09,490089,Diabetes,Type 2 diabetes || id:ebi-a-GCST90018926,TRUE,reported,igd,2,1,TRUE
37,rs12578595,T,C,T,C,-0.0715,0.08,0.222896,0.1736,FALSE,FALSE,FALSE,Hepatic failure,12,27964996,0.0874,NA,0.36,"Hepatic failure, not elsewhere classified || id:finn-b-K11_HEPFAIL","Hepatic failure, not elsewhere classified","Hepatic failure, not elsewhere classified ||  || ",TRUE,igd,NA,NA,NA,NA,NA,NA,NA,12,27964996,0.0073,1.73E-22,490089,Diabetes,Type 2 diabetes || id:ebi-a-GCST90018926,TRUE,reported,igd,2,1,TRUE
38,rs1260326,C,T,C,T,0.071,0.0221,0.571429,0.6494,FALSE,FALSE,FALSE,Hepatic failure,2,27730940,0.0695,NA,0.7509,"Hepatic failure, not elsewhere classified || id:finn-b-K11_HEPFAIL","Hepatic failure, not elsewhere classified","Hepatic failure, not elsewhere classified ||  || ",TRUE,igd,NA,NA,NA,NA,NA,NA,NA,2,27730940,0.0064,6.44E-29,490089,Diabetes,Type 2 diabetes || id:ebi-a-GCST90018926,TRUE,reported,igd,2,1,TRUE
39,rs12625671,C,T,C,T,0.0565,-0.0334,0.203237,0.1439,FALSE,FALSE,FALSE,Hepatic failure,20,42994812,0.0946,NA,0.724201,"Hepatic failure, not elsewhere classified || id:finn-b-K11_HEPFAIL","Hepatic failure, not elsewhere classified","Hepatic failure, not elsewhere classified ||  || ",TRUE,igd,NA,NA,NA,NA,NA,NA,NA,20,42994812,0.0076,1.05E-13,490089,Diabetes,Type 2 diabetes || id:ebi-a-GCST90018926,TRUE,reported,igd,2,1,TRUE
40,rs12692723,G,C,G,C,0.0436,0.0136,0.311541,0.2607,FALSE,TRUE,FALSE,Hepatic failure,2,165437736,0.0761,NA,0.8587,"Hepatic failure, not elsewhere classified || id:finn-b-K11_HEPFAIL","Hepatic failure, not elsewhere classified","Hepatic failure, not elsewhere classified ||  || ",TRUE,igd,NA,NA,NA,NA,NA,NA,NA,2,165437736,0.0068,1.80E-10,490089,Diabetes,Type 2 diabetes || id:ebi-a-GCST90018926,TRUE,reported,igd,2,1,TRUE
41,rs12698897,A,T,A,T,0.0586,-0.142,0.256189,0.2588,FALSE,TRUE,FALSE,Hepatic failure,7,69783013,0.0757,NA,0.0606904,"Hepatic failure, not elsewhere classified || id:finn-b-K11_HEPFAIL","Hepatic failure, not elsewhere classified","Hepatic failure, not elsewhere classified ||  || ",TRUE,igd,NA,NA,NA,NA,NA,NA,NA,7,69783013,0.0071,1.23E-16,490089,Diabetes,Type 2 diabetes || id:ebi-a-GCST90018926,TRUE,reported,igd,2,1,TRUE
42,rs12763565,G,T,G,T,0.0624,-0.0557,0.134488,0.182,FALSE,FALSE,FALSE,Hepatic failure,10,94520143,0.0855,NA,0.5153,"Hepatic failure, not elsewhere classified || id:finn-b-K11_HEPFAIL","Hepatic failure, not elsewhere classified","Hepatic failure, not elsewhere classified ||  || ",TRUE,igd,NA,NA,NA,NA,NA,NA,NA,10,94520143,0.01,4.50E-10,490089,Diabetes,Type 2 diabetes || id:ebi-a-GCST90018926,TRUE,reported,igd,2,1,TRUE
43,rs12910361,G,A,G,A,0.0696,0.0015,0.62609,0.6763,FALSE,FALSE,FALSE,Hepatic failure,15,77782335,0.0709,NA,0.9826,"Hepatic failure, not elsewhere classified || id:finn-b-K11_HEPFAIL","Hepatic failure, not elsewhere classified","Hepatic failure, not elsewhere classified ||  || ",TRUE,igd,NA,NA,NA,NA,NA,NA,NA,15,77782335,0.0066,3.88E-26,490089,Diabetes,Type 2 diabetes || id:ebi-a-GCST90018926,TRUE,reported,igd,2,1,TRUE
44,rs13073970,T,G,T,G,-0.0499,0.0602,0.193647,0.1767,FALSE,FALSE,FALSE,Hepatic failure,3,170630520,0.0866,NA,0.4869,"Hepatic failure, not elsewhere classified || id:finn-b-K11_HEPFAIL","Hepatic failure, not elsewhere classified","Hepatic failure, not elsewhere classified ||  || ",TRUE,igd,NA,NA,NA,NA,NA,NA,NA,3,170630520,0.008,4.99E-10,490089,Diabetes,Type 2 diabetes || id:ebi-a-GCST90018926,TRUE,reported,igd,2,1,TRUE
45,rs13086642,A,G,A,G,-0.0599,-0.0097,0.092455,0.09142,FALSE,FALSE,FALSE,Hepatic failure,3,187705040,0.114,NA,0.9324,"Hepatic failure, not elsewhere classified || id:finn-b-K11_HEPFAIL","Hepatic failure, not elsewhere classified","Hepatic failure, not elsewhere classified ||  || ",TRUE,igd,NA,NA,NA,NA,NA,NA,NA,3,187705040,0.0101,3.54E-09,490089,Diabetes,Type 2 diabetes || id:ebi-a-GCST90018926,TRUE,reported,igd,2,1,TRUE
46,rs13162708,T,C,T,C,0.0546,-0.002,0.208377,0.1079,FALSE,FALSE,FALSE,Hepatic failure,5,87943345,0.1059,NA,0.985,"Hepatic failure, not elsewhere classified || id:finn-b-K11_HEPFAIL","Hepatic failure, not elsewhere classified","Hepatic failure, not elsewhere classified ||  || ",TRUE,igd,NA,NA,NA,NA,NA,NA,NA,5,87943345,0.0075,4.28E-13,490089,Diabetes,Type 2 diabetes || id:ebi-a-GCST90018926,TRUE,reported,igd,2,1,TRUE
47,rs13266634,T,C,T,C,-0.1053,-0.0035,0.348803,0.3765,FALSE,FALSE,FALSE,Hepatic failure,8,118184783,0.0682,NA,0.9587,"Hepatic failure, not elsewhere classified || id:finn-b-K11_HEPFAIL","Hepatic failure, not elsewhere classified","Hepatic failure, not elsewhere classified ||  || ",TRUE,igd,NA,NA,NA,NA,NA,NA,NA,8,118184783,0.0065,1.97E-59,490089,Diabetes,Type 2 diabetes || id:ebi-a-GCST90018926,TRUE,reported,igd,2,1,TRUE
48,rs13292347,C,T,C,T,-0.0727,0.0894,0.0708271,0.1207,FALSE,FALSE,FALSE,Hepatic failure,9,81908202,0.1016,NA,0.3787,"Hepatic failure, not elsewhere classified || id:finn-b-K11_HEPFAIL","Hepatic failure, not elsewhere classified","Hepatic failure, not elsewhere classified ||  || ",TRUE,igd,NA,NA,NA,NA,NA,NA,NA,9,81908202,0.0122,2.57E-09,490089,Diabetes,Type 2 diabetes || id:ebi-a-GCST90018926,TRUE,reported,igd,2,1,TRUE
49,rs1362891,A,G,A,G,-0.0821,-0.0186,0.0714984,0.08497,FALSE,FALSE,FALSE,Hepatic failure,8,41666299,0.119,NA,0.8762,"Hepatic failure, not elsewhere classified || id:finn-b-K11_HEPFAIL","Hepatic failure, not elsewhere classified","Hepatic failure, not elsewhere classified ||  || ",TRUE,igd,NA,NA,NA,NA,NA,NA,NA,8,41666299,0.0117,2.08E-12,490089,Diabetes,Type 2 diabetes || id:ebi-a-GCST90018926,TRUE,reported,igd,2,1,TRUE
50,rs139722172,G,C,G,C,-0.0786,0.1015,0.186009,0.1876,FALSE,TRUE,FALSE,Hepatic failure,7,102410477,0.0853,NA,0.2339,"Hepatic failure, not elsewhere classified || id:finn-b-K11_HEPFAIL","Hepatic failure, not elsewhere classified","Hepatic failure, not elsewhere classified ||  || ",TRUE,igd,NA,NA,NA,NA,NA,NA,NA,7,102410477,0.0111,1.82E-12,490089,Diabetes,Type 2 diabetes || id:ebi-a-GCST90018926,TRUE,reported,igd,2,1,TRUE
51,rs140896965,T,C,T,C,-0.2313,0.0184,0.0187073,0.05001,FALSE,FALSE,FALSE,Hepatic failure,20,57648366,0.1526,NA,0.9039,"Hepatic failure, not elsewhere classified || id:finn-b-K11_HEPFAIL","Hepatic failure, not elsewhere classified","Hepatic failure, not elsewhere classified ||  || ",TRUE,igd,NA,NA,NA,NA,NA,NA,NA,20,57648366,0.0279,1.25E-16,490089,Diabetes,Type 2 diabetes || id:ebi-a-GCST90018926,TRUE,reported,igd,2,1,TRUE
52,rs141330165,T,C,T,C,-0.1202,-0.1782,0.0560573,0.06948,FALSE,FALSE,FALSE,Hepatic failure,4,85299808,0.1314,NA,0.1751,"Hepatic failure, not elsewhere classified || id:finn-b-K11_HEPFAIL","Hepatic failure, not elsewhere classified","Hepatic failure, not elsewhere classified ||  || ",TRUE,igd,NA,NA,NA,NA,NA,NA,NA,4,85299808,0.0168,8.51E-13,490089,Diabetes,Type 2 diabetes || id:ebi-a-GCST90018926,TRUE,reported,igd,2,1,TRUE
53,rs142682088,A,G,A,G,-0.1263,-0.1094,0.0401343,0.04139,FALSE,FALSE,FALSE,Hepatic failure,22,30170655,0.167,NA,0.5124,"Hepatic failure, not elsewhere classified || id:finn-b-K11_HEPFAIL","Hepatic failure, not elsewhere classified","Hepatic failure, not elsewhere classified ||  || ",TRUE,igd,NA,NA,NA,NA,NA,NA,NA,22,30170655,0.0217,6.02E-09,490089,Diabetes,Type 2 diabetes || id:ebi-a-GCST90018926,TRUE,reported,igd,2,1,TRUE
54,rs143708136,T,C,T,C,0.2321,-0.1915,0.0116967,0.007514,FALSE,FALSE,FALSE,Hepatic failure,16,12185129,0.3874,NA,0.621199,"Hepatic failure, not elsewhere classified || id:finn-b-K11_HEPFAIL","Hepatic failure, not elsewhere classified","Hepatic failure, not elsewhere classified ||  || ",TRUE,igd,NA,NA,NA,NA,NA,NA,NA,16,12185129,0.042,3.20E-08,490089,Diabetes,Type 2 diabetes || id:ebi-a-GCST90018926,TRUE,reported,igd,2,1,TRUE
55,rs146733600,T,C,T,C,0.1974,0.1245,0.0153401,0.0121,FALSE,FALSE,FALSE,Hepatic failure,6,32573760,0.3163,NA,0.6939,"Hepatic failure, not elsewhere classified || id:finn-b-K11_HEPFAIL","Hepatic failure, not elsewhere classified","Hepatic failure, not elsewhere classified ||  || ",TRUE,igd,NA,NA,NA,NA,NA,NA,NA,6,32573760,0.036,4.13E-08,490089,Diabetes,Type 2 diabetes || id:ebi-a-GCST90018926,TRUE,reported,igd,2,1,TRUE
56,rs149336329,T,G,T,G,-0.1063,-0.1119,0.0459427,0.0246,FALSE,FALSE,FALSE,Hepatic failure,15,52587740,0.2148,NA,0.6023,"Hepatic failure, not elsewhere classified || id:finn-b-K11_HEPFAIL","Hepatic failure, not elsewhere classified","Hepatic failure, not elsewhere classified ||  || ",TRUE,igd,NA,NA,NA,NA,NA,NA,NA,15,52587740,0.0148,7.97E-13,490089,Diabetes,Type 2 diabetes || id:ebi-a-GCST90018926,TRUE,reported,igd,2,1,TRUE
57,rs1515104,A,T,A,T,0.0754,-0.0798,0.719318,0.639,FALSE,TRUE,FALSE,Hepatic failure,2,227092405,0.0686,NA,0.2448,"Hepatic failure, not elsewhere classified || id:finn-b-K11_HEPFAIL","Hepatic failure, not elsewhere classified","Hepatic failure, not elsewhere classified ||  || ",TRUE,igd,NA,NA,NA,NA,NA,NA,NA,2,227092405,0.0078,6.57E-22,490089,Diabetes,Type 2 diabetes || id:ebi-a-GCST90018926,TRUE,reported,igd,2,1,TRUE
58,rs1567353,G,C,G,C,0.0403,-0.0288,0.340343,0.3353,FALSE,TRUE,FALSE,Hepatic failure,9,1033773,0.0699,NA,0.6798,"Hepatic failure, not elsewhere classified || id:finn-b-K11_HEPFAIL","Hepatic failure, not elsewhere classified","Hepatic failure, not elsewhere classified ||  || ",TRUE,igd,NA,NA,NA,NA,NA,NA,NA,9,1033773,0.0065,7.25E-10,490089,Diabetes,Type 2 diabetes || id:ebi-a-GCST90018926,TRUE,reported,igd,2,1,TRUE
59,rs1574285,T,G,T,G,-0.065,0.0077,0.583008,0.5595,FALSE,FALSE,FALSE,Hepatic failure,9,4283137,0.0666,NA,0.9076,"Hepatic failure, not elsewhere classified || id:finn-b-K11_HEPFAIL","Hepatic failure, not elsewhere classified","Hepatic failure, not elsewhere classified ||  || ",TRUE,igd,NA,NA,NA,NA,NA,NA,NA,9,4283137,0.0063,1.17E-24,490089,Diabetes,Type 2 diabetes || id:ebi-a-GCST90018926,TRUE,reported,igd,2,1,TRUE
60,rs17036160,T,C,T,C,-0.1092,-0.059,0.105331,0.1715,FALSE,FALSE,FALSE,Hepatic failure,3,12329783,0.0872,NA,0.4986,"Hepatic failure, not elsewhere classified || id:finn-b-K11_HEPFAIL","Hepatic failure, not elsewhere classified","Hepatic failure, not elsewhere classified ||  || ",TRUE,igd,NA,NA,NA,NA,NA,NA,NA,3,12329783,0.0112,1.73E-22,490089,Diabetes,Type 2 diabetes || id:ebi-a-GCST90018926,TRUE,reported,igd,2,1,TRUE
61,rs1707498,A,C,A,C,-0.0499,0.0169,0.449132,0.4336,FALSE,FALSE,FALSE,Hepatic failure,12,71478626,0.0666,NA,0.8003,"Hepatic failure, not elsewhere classified || id:finn-b-K11_HEPFAIL","Hepatic failure, not elsewhere classified","Hepatic failure, not elsewhere classified ||  || ",TRUE,igd,NA,NA,NA,NA,NA,NA,NA,12,71478626,0.0063,1.47E-15,490089,Diabetes,Type 2 diabetes || id:ebi-a-GCST90018926,TRUE,reported,igd,2,1,TRUE
62,rs17101591,T,C,T,C,-0.0683,-0.2918,0.0577437,0.02549,FALSE,FALSE,FALSE,Hepatic failure,10,122947203,0.2095,NA,0.1637,"Hepatic failure, not elsewhere classified || id:finn-b-K11_HEPFAIL","Hepatic failure, not elsewhere classified","Hepatic failure, not elsewhere classified ||  || ",TRUE,igd,NA,NA,NA,NA,NA,NA,NA,10,122947203,0.0114,2.41E-09,490089,Diabetes,Type 2 diabetes || id:ebi-a-GCST90018926,TRUE,reported,igd,2,1,TRUE
63,rs17168486,T,C,T,C,0.0626,-0.0381,0.238504,0.1983,FALSE,FALSE,FALSE,Hepatic failure,7,14898282,0.0829,NA,0.6454,"Hepatic failure, not elsewhere classified || id:finn-b-K11_HEPFAIL","Hepatic failure, not elsewhere classified","Hepatic failure, not elsewhere classified ||  || ",TRUE,igd,NA,NA,NA,NA,NA,NA,NA,7,14898282,0.0071,1.57E-18,490089,Diabetes,Type 2 diabetes || id:ebi-a-GCST90018926,TRUE,reported,igd,2,1,TRUE
64,rs17496664,T,C,T,C,-0.0468,0.1039,0.277089,0.2973,FALSE,FALSE,FALSE,Hepatic failure,6,76199697,0.0723,NA,0.1504,"Hepatic failure, not elsewhere classified || id:finn-b-K11_HEPFAIL","Hepatic failure, not elsewhere classified","Hepatic failure, not elsewhere classified ||  || ",TRUE,igd,NA,NA,NA,NA,NA,NA,NA,6,76199697,0.0085,3.66E-08,490089,Diabetes,Type 2 diabetes || id:ebi-a-GCST90018926,TRUE,reported,igd,2,1,TRUE
65,rs1776899,A,G,A,G,0.0899,-0.0796,0.943992,0.9798,FALSE,FALSE,FALSE,Hepatic failure,6,34193230,0.2361,NA,0.7359,"Hepatic failure, not elsewhere classified || id:finn-b-K11_HEPFAIL","Hepatic failure, not elsewhere classified","Hepatic failure, not elsewhere classified ||  || ",TRUE,igd,NA,NA,NA,NA,NA,NA,NA,6,34193230,0.012,7.64E-14,490089,Diabetes,Type 2 diabetes || id:ebi-a-GCST90018926,TRUE,reported,igd,2,1,TRUE
66,rs1794138,G,T,G,T,-0.0449,-0.2481,0.516893,0.497,FALSE,FALSE,FALSE,Hepatic failure,11,49910841,0.1316,NA,0.05951,"Hepatic failure, not elsewhere classified || id:finn-b-K11_HEPFAIL","Hepatic failure, not elsewhere classified","Hepatic failure, not elsewhere classified ||  || ",TRUE,igd,NA,NA,NA,NA,NA,NA,NA,11,49910841,0.0078,6.93E-09,490089,Diabetes,Type 2 diabetes || id:ebi-a-GCST90018926,TRUE,reported,igd,2,1,TRUE
67,rs1861410,T,C,T,C,-0.0372,-0.0142,0.573342,0.5985,FALSE,FALSE,FALSE,Hepatic failure,2,58933591,0.0674,NA,0.8335,"Hepatic failure, not elsewhere classified || id:finn-b-K11_HEPFAIL","Hepatic failure, not elsewhere classified","Hepatic failure, not elsewhere classified ||  || ",TRUE,igd,NA,NA,NA,NA,NA,NA,NA,2,58933591,0.0064,4.67E-09,490089,Diabetes,Type 2 diabetes || id:ebi-a-GCST90018926,TRUE,reported,igd,2,1,TRUE
68,rs192749,A,T,A,T,0.0497,0.2151,0.163087,0.1521,FALSE,TRUE,FALSE,Hepatic failure,13,26783757,0.0924,NA,0.01992,"Hepatic failure, not elsewhere classified || id:finn-b-K11_HEPFAIL","Hepatic failure, not elsewhere classified","Hepatic failure, not elsewhere classified ||  || ",TRUE,igd,NA,NA,NA,NA,NA,NA,NA,13,26783757,0.0087,1.37E-08,490089,Diabetes,Type 2 diabetes || id:ebi-a-GCST90018926,TRUE,reported,igd,2,1,TRUE
69,rs1966265,A,G,A,G,-0.0465,0.1715,0.322278,0.2199,FALSE,FALSE,FALSE,Hepatic failure,5,176516631,0.0799,NA,0.0317001,"Hepatic failure, not elsewhere classified || id:finn-b-K11_HEPFAIL","Hepatic failure, not elsewhere classified","Hepatic failure, not elsewhere classified ||  || ",TRUE,igd,NA,NA,NA,NA,NA,NA,NA,5,176516631,0.0068,6.92E-12,490089,Diabetes,Type 2 diabetes || id:ebi-a-GCST90018926,TRUE,reported,igd,2,1,TRUE
70,rs1977832,T,G,T,G,-0.1118,0.031,0.502983,0.4767,FALSE,FALSE,FALSE,Hepatic failure,10,94463779,0.0662,NA,0.6392,"Hepatic failure, not elsewhere classified || id:finn-b-K11_HEPFAIL","Hepatic failure, not elsewhere classified","Hepatic failure, not elsewhere classified ||  || ",TRUE,igd,NA,NA,NA,NA,NA,NA,NA,10,94463779,0.0065,2.73E-65,490089,Diabetes,Type 2 diabetes || id:ebi-a-GCST90018926,TRUE,reported,igd,2,1,TRUE
71,rs2010825,C,T,C,T,0.0411,-0.0769,0.519789,0.4978,FALSE,FALSE,FALSE,Hepatic failure,7,44188220,0.0665,NA,0.2474,"Hepatic failure, not elsewhere classified || id:finn-b-K11_HEPFAIL","Hepatic failure, not elsewhere classified","Hepatic failure, not elsewhere classified ||  || ",TRUE,igd,NA,NA,NA,NA,NA,NA,NA,7,44188220,0.0063,8.62E-11,490089,Diabetes,Type 2 diabetes || id:ebi-a-GCST90018926,TRUE,reported,igd,2,1,TRUE
72,rs2034761,G,T,G,T,-0.0375,0.0656,0.429369,0.3556,FALSE,FALSE,FALSE,Hepatic failure,2,234364426,0.0691,NA,0.3426,"Hepatic failure, not elsewhere classified || id:finn-b-K11_HEPFAIL","Hepatic failure, not elsewhere classified","Hepatic failure, not elsewhere classified ||  || ",TRUE,igd,NA,NA,NA,NA,NA,NA,NA,2,234364426,0.0063,3.29E-09,490089,Diabetes,Type 2 diabetes || id:ebi-a-GCST90018926,TRUE,reported,igd,2,1,TRUE
73,rs2115107,A,G,A,G,0.0451,0.0217,0.372125,0.3678,FALSE,FALSE,FALSE,Hepatic failure,19,7968168,0.0686,NA,0.7515,"Hepatic failure, not elsewhere classified || id:finn-b-K11_HEPFAIL","Hepatic failure, not elsewhere classified","Hepatic failure, not elsewhere classified ||  || ",TRUE,igd,NA,NA,NA,NA,NA,NA,NA,19,7968168,0.0065,4.70E-12,490089,Diabetes,Type 2 diabetes || id:ebi-a-GCST90018926,TRUE,reported,igd,2,1,TRUE
74,rs2237897,T,C,T,C,-0.2678,0.1863,0.249812,0.08133,FALSE,FALSE,FALSE,Hepatic failure,11,2858546,0.122,NA,0.1268,"Hepatic failure, not elsewhere classified || id:finn-b-K11_HEPFAIL","Hepatic failure, not elsewhere classified","Hepatic failure, not elsewhere classified ||  || ",TRUE,igd,NA,NA,NA,NA,NA,NA,NA,11,2858546,0.009,1.24E-196,490089,Diabetes,Type 2 diabetes || id:ebi-a-GCST90018926,TRUE,reported,igd,2,1,TRUE
75,rs2270162,G,C,G,C,0.0683,-0.0188,0.0724056,0.05742,FALSE,TRUE,FALSE,Hepatic failure,7,69061966,0.1415,NA,0.8943,"Hepatic failure, not elsewhere classified || id:finn-b-K11_HEPFAIL","Hepatic failure, not elsewhere classified","Hepatic failure, not elsewhere classified ||  || ",TRUE,igd,NA,NA,NA,NA,NA,NA,NA,7,69061966,0.0107,2.10E-10,490089,Diabetes,Type 2 diabetes || id:ebi-a-GCST90018926,TRUE,reported,igd,2,1,TRUE
76,rs2382249,G,A,G,A,-0.0465,-0.071,0.217601,0.1766,FALSE,FALSE,FALSE,Hepatic failure,2,149529095,0.0871,NA,0.4149,"Hepatic failure, not elsewhere classified || id:finn-b-K11_HEPFAIL","Hepatic failure, not elsewhere classified","Hepatic failure, not elsewhere classified ||  || ",TRUE,igd,TRUE,rs2382249,rs13022974,G,A,G,A,2,149515723,0.0082,1.28E-08,490089,Diabetes,Type 2 diabetes || id:ebi-a-GCST90018926,TRUE,reported,igd,2,1,TRUE
77,rs2578011,T,C,T,C,-0.0693,0.0777,0.204526,0.2283,FALSE,FALSE,FALSE,Hepatic failure,3,64004819,0.079,NA,0.3252,"Hepatic failure, not elsewhere classified || id:finn-b-K11_HEPFAIL","Hepatic failure, not elsewhere classified","Hepatic failure, not elsewhere classified ||  || ",TRUE,igd,NA,NA,NA,NA,NA,NA,NA,3,64004819,0.0074,1.06E-20,490089,Diabetes,Type 2 diabetes || id:ebi-a-GCST90018926,TRUE,reported,igd,2,1,TRUE
78,rs2583938,A,T,A,T,0.0692,-0.0822,0.185271,0.1168,FALSE,TRUE,FALSE,Hepatic failure,12,66215214,0.1034,NA,0.4266,"Hepatic failure, not elsewhere classified || id:finn-b-K11_HEPFAIL","Hepatic failure, not elsewhere classified","Hepatic failure, not elsewhere classified ||  || ",TRUE,igd,NA,NA,NA,NA,NA,NA,NA,12,66215214,0.0077,2.96E-19,490089,Diabetes,Type 2 diabetes || id:ebi-a-GCST90018926,TRUE,reported,igd,2,1,TRUE
79,rs2648731,A,G,A,G,0.0647,-0.0035,0.240353,0.1902,FALSE,FALSE,FALSE,Hepatic failure,5,52072194,0.0841,NA,0.9664,"Hepatic failure, not elsewhere classified || id:finn-b-K11_HEPFAIL","Hepatic failure, not elsewhere classified","Hepatic failure, not elsewhere classified ||  || ",TRUE,igd,NA,NA,NA,NA,NA,NA,NA,5,52072194,0.0072,3.47E-19,490089,Diabetes,Type 2 diabetes || id:ebi-a-GCST90018926,TRUE,reported,igd,2,1,TRUE
80,rs2706710,T,C,T,C,0.0495,-0.0652,0.161364,0.1622,FALSE,FALSE,FALSE,Hepatic failure,17,65641651,0.0902,NA,0.4701,"Hepatic failure, not elsewhere classified || id:finn-b-K11_HEPFAIL","Hepatic failure, not elsewhere classified","Hepatic failure, not elsewhere classified ||  || ",TRUE,igd,NA,NA,NA,NA,NA,NA,NA,17,65641651,0.0088,1.96E-08,490089,Diabetes,Type 2 diabetes || id:ebi-a-GCST90018926,TRUE,reported,igd,2,1,TRUE
81,rs2796441,A,G,A,G,-0.0679,-0.0254,0.472771,0.4176,FALSE,FALSE,FALSE,Hepatic failure,9,84308948,0.0669,NA,0.7045,"Hepatic failure, not elsewhere classified || id:finn-b-K11_HEPFAIL","Hepatic failure, not elsewhere classified","Hepatic failure, not elsewhere classified ||  || ",TRUE,igd,NA,NA,NA,NA,NA,NA,NA,9,84308948,0.0063,1.11E-26,490089,Diabetes,Type 2 diabetes || id:ebi-a-GCST90018926,TRUE,reported,igd,2,1,TRUE
82,rs2815625,A,C,A,C,0.0348,0.0229,0.453483,0.4235,FALSE,FALSE,FALSE,Hepatic failure,10,12598322,0.0671,NA,0.732799,"Hepatic failure, not elsewhere classified || id:finn-b-K11_HEPFAIL","Hepatic failure, not elsewhere classified","Hepatic failure, not elsewhere classified ||  || ",TRUE,igd,NA,NA,NA,NA,NA,NA,NA,10,12598322,0.0063,3.50E-08,490089,Diabetes,Type 2 diabetes || id:ebi-a-GCST90018926,TRUE,reported,igd,2,1,TRUE
83,rs28375915,A,G,A,G,-0.0498,0.003,0.476839,0.4455,FALSE,FALSE,FALSE,Hepatic failure,22,50419266,0.0667,NA,0.9635,"Hepatic failure, not elsewhere classified || id:finn-b-K11_HEPFAIL","Hepatic failure, not elsewhere classified","Hepatic failure, not elsewhere classified ||  || ",TRUE,igd,TRUE,rs28375915,rs145095295,A,G,T,C,22,50354255,0.0077,1.21E-10,490089,Diabetes,Type 2 diabetes || id:ebi-a-GCST90018926,TRUE,reported,igd,2,1,TRUE
84,rs28637955,G,A,G,A,-0.067,0.0251,0.373478,0.3438,FALSE,FALSE,FALSE,Hepatic failure,20,62459171,0.0699,NA,0.7191,"Hepatic failure, not elsewhere classified || id:finn-b-K11_HEPFAIL","Hepatic failure, not elsewhere classified","Hepatic failure, not elsewhere classified ||  || ",TRUE,igd,TRUE,rs28637955,rs6062546,G,A,T,C,20,62447327,0.0118,1.31E-08,490089,Diabetes,Type 2 diabetes || id:ebi-a-GCST90018926,TRUE,reported,igd,2,1,TRUE
85,rs28642213,G,A,G,A,0.1006,-0.0097,0.773252,0.6974,FALSE,FALSE,FALSE,Hepatic failure,9,139248082,0.0719,NA,0.8927,"Hepatic failure, not elsewhere classified || id:finn-b-K11_HEPFAIL","Hepatic failure, not elsewhere classified","Hepatic failure, not elsewhere classified ||  || ",TRUE,igd,NA,NA,NA,NA,NA,NA,NA,9,139248082,0.0079,3.80E-37,490089,Diabetes,Type 2 diabetes || id:ebi-a-GCST90018926,TRUE,reported,igd,2,1,TRUE
86,rs3110641,G,A,G,A,0.0598,-0.0405,0.76149,0.7869,FALSE,FALSE,FALSE,Hepatic failure,17,36047417,0.0815,NA,0.6187,"Hepatic failure, not elsewhere classified || id:finn-b-K11_HEPFAIL","Hepatic failure, not elsewhere classified","Hepatic failure, not elsewhere classified ||  || ",TRUE,igd,NA,NA,NA,NA,NA,NA,NA,17,36047417,0.0072,1.34E-16,490089,Diabetes,Type 2 diabetes || id:ebi-a-GCST90018926,TRUE,reported,igd,2,1,TRUE
87,rs340874,C,T,C,T,0.0535,0.0206,0.493303,0.4314,FALSE,FALSE,FALSE,Hepatic failure,1,214159256,0.0669,NA,0.757699,"Hepatic failure, not elsewhere classified || id:finn-b-K11_HEPFAIL","Hepatic failure, not elsewhere classified","Hepatic failure, not elsewhere classified ||  || ",TRUE,igd,NA,NA,NA,NA,NA,NA,NA,1,214159256,0.0063,3.51E-17,490089,Diabetes,Type 2 diabetes || id:ebi-a-GCST90018926,TRUE,reported,igd,2,1,TRUE
88,rs348330,A,G,A,G,-0.0539,0.1307,0.543403,0.6442,FALSE,FALSE,FALSE,Hepatic failure,1,229672955,0.0696,NA,0.0602601,"Hepatic failure, not elsewhere classified || id:finn-b-K11_HEPFAIL","Hepatic failure, not elsewhere classified","Hepatic failure, not elsewhere classified ||  || ",TRUE,igd,NA,NA,NA,NA,NA,NA,NA,1,229672955,0.0068,3.36E-15,490089,Diabetes,Type 2 diabetes || id:ebi-a-GCST90018926,TRUE,reported,igd,2,1,TRUE
89,rs34872471,C,T,C,T,0.2972,-0.2897,0.207525,0.2016,FALSE,FALSE,FALSE,Hepatic failure,10,114754071,0.0825,NA,0.0004462,"Hepatic failure, not elsewhere classified || id:finn-b-K11_HEPFAIL","Hepatic failure, not elsewhere classified","Hepatic failure, not elsewhere classified ||  || ",TRUE,igd,NA,NA,NA,NA,NA,NA,NA,10,114754071,0.0091,1.00E-200,490089,Diabetes,Type 2 diabetes || id:ebi-a-GCST90018926,TRUE,reported,igd,2,1,TRUE
90,rs35352848,C,T,C,T,-0.0881,0.0396,0.213447,0.3119,FALSE,FALSE,FALSE,Hepatic failure,3,23455582,0.0715,NA,0.5801,"Hepatic failure, not elsewhere classified || id:finn-b-K11_HEPFAIL","Hepatic failure, not elsewhere classified","Hepatic failure, not elsewhere classified ||  || ",TRUE,igd,NA,NA,NA,NA,NA,NA,NA,3,23455582,0.0078,1.36E-29,490089,Diabetes,Type 2 diabetes || id:ebi-a-GCST90018926,TRUE,reported,igd,2,1,TRUE
91,rs35385487,G,A,G,A,-0.076,-0.1811,0.11622,0.04899,FALSE,FALSE,FALSE,Hepatic failure,4,1286339,0.1536,NA,0.2385,"Hepatic failure, not elsewhere classified || id:finn-b-K11_HEPFAIL","Hepatic failure, not elsewhere classified","Hepatic failure, not elsewhere classified ||  || ",TRUE,igd,NA,NA,NA,NA,NA,NA,NA,4,1286339,0.0089,1.47E-17,490089,Diabetes,Type 2 diabetes || id:ebi-a-GCST90018926,TRUE,reported,igd,2,1,TRUE
92,rs35473599,A,G,A,G,0.0553,-0.0435,0.182945,0.2052,FALSE,FALSE,FALSE,Hepatic failure,7,74088893,0.0819,NA,0.595701,"Hepatic failure, not elsewhere classified || id:finn-b-K11_HEPFAIL","Hepatic failure, not elsewhere classified","Hepatic failure, not elsewhere classified ||  || ",TRUE,igd,NA,NA,NA,NA,NA,NA,NA,7,74088893,0.0093,2.67E-09,490089,Diabetes,Type 2 diabetes || id:ebi-a-GCST90018926,TRUE,reported,igd,2,1,TRUE
93,rs35895680,A,C,A,C,-0.0584,-0.001,0.24391,0.3091,FALSE,FALSE,FALSE,Hepatic failure,17,47060322,0.0719,NA,0.9892,"Hepatic failure, not elsewhere classified || id:finn-b-K11_HEPFAIL","Hepatic failure, not elsewhere classified","Hepatic failure, not elsewhere classified ||  || ",TRUE,igd,NA,NA,NA,NA,NA,NA,NA,17,47060322,0.0087,2.44E-11,490089,Diabetes,Type 2 diabetes || id:ebi-a-GCST90018926,TRUE,reported,igd,2,1,TRUE
94,rs35917376,A,T,A,T,0.0428,-0.0349,0.717917,0.8274,FALSE,TRUE,FALSE,Hepatic failure,15,75595357,0.0884,NA,0.6927,"Hepatic failure, not elsewhere classified || id:finn-b-K11_HEPFAIL","Hepatic failure, not elsewhere classified","Hepatic failure, not elsewhere classified ||  || ",TRUE,igd,NA,NA,NA,NA,NA,NA,NA,15,75595357,0.0072,2.86E-09,490089,Diabetes,Type 2 diabetes || id:ebi-a-GCST90018926,TRUE,reported,igd,2,1,TRUE
95,rs3743140,A,G,A,G,0.0623,0.1153,0.152268,0.118,FALSE,FALSE,FALSE,Hepatic failure,15,40616742,0.1027,NA,0.2614,"Hepatic failure, not elsewhere classified || id:finn-b-K11_HEPFAIL","Hepatic failure, not elsewhere classified","Hepatic failure, not elsewhere classified ||  || ",TRUE,igd,NA,NA,NA,NA,NA,NA,NA,15,40616742,0.0082,3.84E-14,490089,Diabetes,Type 2 diabetes || id:ebi-a-GCST90018926,TRUE,reported,igd,2,1,TRUE
96,rs3751297,A,G,A,G,0.052,0.0917,0.241048,0.2892,FALSE,FALSE,FALSE,Hepatic failure,12,133088165,0.0737,NA,0.2135,"Hepatic failure, not elsewhere classified || id:finn-b-K11_HEPFAIL","Hepatic failure, not elsewhere classified","Hepatic failure, not elsewhere classified ||  || ",TRUE,igd,NA,NA,NA,NA,NA,NA,NA,12,133088165,0.0081,1.17E-10,490089,Diabetes,Type 2 diabetes || id:ebi-a-GCST90018926,TRUE,reported,igd,2,1,TRUE
97,rs3764002,T,C,T,C,-0.0475,-0.0806,0.337603,0.3436,FALSE,FALSE,FALSE,Hepatic failure,12,108618630,0.0698,NA,0.2477,"Hepatic failure, not elsewhere classified || id:finn-b-K11_HEPFAIL","Hepatic failure, not elsewhere classified","Hepatic failure, not elsewhere classified ||  || ",TRUE,igd,NA,NA,NA,NA,NA,NA,NA,12,108618630,0.0065,3.89E-13,490089,Diabetes,Type 2 diabetes || id:ebi-a-GCST90018926,TRUE,reported,igd,2,1,TRUE
98,rs3887925,T,C,T,C,0.053,0.0091,0.49964,0.4629,FALSE,FALSE,FALSE,Hepatic failure,3,186665645,0.0663,NA,0.891,"Hepatic failure, not elsewhere classified || id:finn-b-K11_HEPFAIL","Hepatic failure, not elsewhere classified","Hepatic failure, not elsewhere classified ||  || ",TRUE,igd,NA,NA,NA,NA,NA,NA,NA,3,186665645,0.0063,3.30E-17,490089,Diabetes,Type 2 diabetes || id:ebi-a-GCST90018926,TRUE,reported,igd,2,1,TRUE
99,rs3918296,G,C,G,C,-0.1776,0.2568,0.0192566,0.005133,FALSE,TRUE,FALSE,Hepatic failure,11,69459036,0.4647,NA,0.5805,"Hepatic failure, not elsewhere classified || id:finn-b-K11_HEPFAIL","Hepatic failure, not elsewhere classified","Hepatic failure, not elsewhere classified ||  || ",TRUE,igd,NA,NA,NA,NA,NA,NA,NA,11,69459036,0.0252,1.74E-12,490089,Diabetes,Type 2 diabetes || id:ebi-a-GCST90018926,TRUE,reported,igd,2,1,TRUE
100,rs39254,T,G,T,G,0.0401,-0.021,0.46123,0.573,FALSE,FALSE,FALSE,Hepatic failure,7,89765708,0.0671,NA,0.754201,"Hepatic failure, not elsewhere classified || id:finn-b-K11_HEPFAIL","Hepatic failure, not elsewhere classified","Hepatic failure, not elsewhere classified ||  || ",TRUE,igd,NA,NA,NA,NA,NA,NA,NA,7,89765708,0.0067,2.58E-09,490089,Diabetes,Type 2 diabetes || id:ebi-a-GCST90018926,TRUE,reported,igd,2,1,TRUE
101,rs392794,T,C,T,C,0.06,-0.0029,0.659966,0.6829,FALSE,FALSE,FALSE,Hepatic failure,5,55808342,0.0709,NA,0.9671,"Hepatic failure, not elsewhere classified || id:finn-b-K11_HEPFAIL","Hepatic failure, not elsewhere classified","Hepatic failure, not elsewhere classified ||  || ",TRUE,igd,NA,NA,NA,NA,NA,NA,NA,5,55808342,0.0066,9.51E-20,490089,Diabetes,Type 2 diabetes || id:ebi-a-GCST90018926,TRUE,reported,igd,2,1,TRUE
102,rs406767,C,T,C,T,0.0824,-0.0474,0.109092,0.1363,FALSE,FALSE,FALSE,Hepatic failure,1,120554048,0.0966,NA,0.6234,"Hepatic failure, not elsewhere classified || id:finn-b-K11_HEPFAIL","Hepatic failure, not elsewhere classified","Hepatic failure, not elsewhere classified ||  || ",TRUE,igd,NA,NA,NA,NA,NA,NA,NA,1,120554048,0.0137,1.87E-09,490089,Diabetes,Type 2 diabetes || id:ebi-a-GCST90018926,TRUE,reported,igd,2,1,TRUE
103,rs4273712,G,A,G,A,0.0577,-0.0195,0.320615,0.269,FALSE,FALSE,FALSE,Hepatic failure,6,126964510,0.0744,NA,0.792801,"Hepatic failure, not elsewhere classified || id:finn-b-K11_HEPFAIL","Hepatic failure, not elsewhere classified","Hepatic failure, not elsewhere classified ||  || ",TRUE,igd,NA,NA,NA,NA,NA,NA,NA,6,126964510,0.0066,2.98E-18,490089,Diabetes,Type 2 diabetes || id:ebi-a-GCST90018926,TRUE,reported,igd,2,1,TRUE
104,rs429358,C,T,C,T,-0.0739,-0.02,0.14701,0.1828,FALSE,FALSE,FALSE,Hepatic failure,19,45411941,0.0866,NA,0.8172,"Hepatic failure, not elsewhere classified || id:finn-b-K11_HEPFAIL","Hepatic failure, not elsewhere classified","Hepatic failure, not elsewhere classified ||  || ",TRUE,igd,NA,NA,NA,NA,NA,NA,NA,19,45411941,0.0092,1.02E-15,490089,Diabetes,Type 2 diabetes || id:ebi-a-GCST90018926,TRUE,reported,igd,2,1,TRUE
105,rs4517619,G,T,G,T,0.0395,0.0273,0.384609,0.267,FALSE,FALSE,FALSE,Hepatic failure,12,24090004,0.075,NA,0.716,"Hepatic failure, not elsewhere classified || id:finn-b-K11_HEPFAIL","Hepatic failure, not elsewhere classified","Hepatic failure, not elsewhere classified ||  || ",TRUE,igd,NA,NA,NA,NA,NA,NA,NA,12,24090004,0.007,2.05E-08,490089,Diabetes,Type 2 diabetes || id:ebi-a-GCST90018926,TRUE,reported,igd,2,1,TRUE
106,rs4632135,C,T,C,T,0.0832,0.2084,0.0339896,0.009619,FALSE,FALSE,FALSE,Hepatic failure,16,20337884,0.3357,NA,0.5346,"Hepatic failure, not elsewhere classified || id:finn-b-K11_HEPFAIL","Hepatic failure, not elsewhere classified","Hepatic failure, not elsewhere classified ||  || ",TRUE,igd,NA,NA,NA,NA,NA,NA,NA,16,20337884,0.0152,4.76E-08,490089,Diabetes,Type 2 diabetes || id:ebi-a-GCST90018926,TRUE,reported,igd,2,1,TRUE
107,rs4731701,T,C,T,C,-0.0484,0.0906,0.43764,0.4641,FALSE,FALSE,FALSE,Hepatic failure,7,130430930,0.0663,NA,0.1714,"Hepatic failure, not elsewhere classified || id:finn-b-K11_HEPFAIL","Hepatic failure, not elsewhere classified","Hepatic failure, not elsewhere classified ||  || ",TRUE,igd,NA,NA,NA,NA,NA,NA,NA,7,130430930,0.0065,1.31E-13,490089,Diabetes,Type 2 diabetes || id:ebi-a-GCST90018926,TRUE,reported,igd,2,1,TRUE
108,rs4854343,A,G,A,G,0.0688,-0.0169,0.849205,0.8374,FALSE,FALSE,FALSE,Hepatic failure,2,638107,0.0898,NA,0.8512,"Hepatic failure, not elsewhere classified || id:finn-b-K11_HEPFAIL","Hepatic failure, not elsewhere classified","Hepatic failure, not elsewhere classified ||  || ",TRUE,igd,NA,NA,NA,NA,NA,NA,NA,2,638107,0.0091,5.22E-14,490089,Diabetes,Type 2 diabetes || id:ebi-a-GCST90018926,TRUE,reported,igd,2,1,TRUE
109,rs4901812,A,G,A,G,-0.0408,0.0122,0.333674,0.2774,FALSE,FALSE,FALSE,Hepatic failure,14,38800704,0.0738,NA,0.8683,"Hepatic failure, not elsewhere classified || id:finn-b-K11_HEPFAIL","Hepatic failure, not elsewhere classified","Hepatic failure, not elsewhere classified ||  || ",TRUE,igd,NA,NA,NA,NA,NA,NA,NA,14,38800704,0.0067,1.09E-09,490089,Diabetes,Type 2 diabetes || id:ebi-a-GCST90018926,TRUE,reported,igd,2,1,TRUE
110,rs4930045,C,T,C,T,-0.0706,0.067,0.705243,0.6558,FALSE,FALSE,FALSE,Hepatic failure,11,2196424,0.0695,NA,0.3353,"Hepatic failure, not elsewhere classified || id:finn-b-K11_HEPFAIL","Hepatic failure, not elsewhere classified","Hepatic failure, not elsewhere classified ||  || ",TRUE,igd,NA,NA,NA,NA,NA,NA,NA,11,2196424,0.0079,2.76E-19,490089,Diabetes,Type 2 diabetes || id:ebi-a-GCST90018926,TRUE,reported,igd,2,1,TRUE
111,rs5215,T,C,T,C,-0.0623,-0.1452,0.616015,0.528,FALSE,FALSE,FALSE,Hepatic failure,11,17408630,0.0661,NA,0.0280602,"Hepatic failure, not elsewhere classified || id:finn-b-K11_HEPFAIL","Hepatic failure, not elsewhere classified","Hepatic failure, not elsewhere classified ||  || ",TRUE,igd,NA,NA,NA,NA,NA,NA,NA,11,17408630,0.0064,2.41E-22,490089,Diabetes,Type 2 diabetes || id:ebi-a-GCST90018926,TRUE,reported,igd,2,1,TRUE
112,rs543159,A,C,A,C,-0.0364,-0.037,0.427571,0.4961,FALSE,FALSE,FALSE,Hepatic failure,6,160776017,0.0661,NA,0.5757,"Hepatic failure, not elsewhere classified || id:finn-b-K11_HEPFAIL","Hepatic failure, not elsewhere classified","Hepatic failure, not elsewhere classified ||  || ",TRUE,igd,NA,NA,NA,NA,NA,NA,NA,6,160776017,0.0065,2.39E-08,490089,Diabetes,Type 2 diabetes || id:ebi-a-GCST90018926,TRUE,reported,igd,2,1,TRUE
113,rs554833,T,C,T,C,0.0443,0.0462,0.376316,0.4354,FALSE,FALSE,FALSE,Hepatic failure,9,136147160,0.0665,NA,0.4869,"Hepatic failure, not elsewhere classified || id:finn-b-K11_HEPFAIL","Hepatic failure, not elsewhere classified","Hepatic failure, not elsewhere classified ||  || ",TRUE,igd,NA,NA,NA,NA,NA,NA,NA,9,136147160,0.0064,4.19E-12,490089,Diabetes,Type 2 diabetes || id:ebi-a-GCST90018926,TRUE,reported,igd,2,1,TRUE
114,rs56094641,G,A,G,A,0.1166,-0.0586,0.352899,0.4187,FALSE,FALSE,FALSE,Hepatic failure,16,53806453,0.0669,NA,0.3808,"Hepatic failure, not elsewhere classified || id:finn-b-K11_HEPFAIL","Hepatic failure, not elsewhere classified","Hepatic failure, not elsewhere classified ||  || ",TRUE,igd,NA,NA,NA,NA,NA,NA,NA,16,53806453,0.0069,2.23E-64,490089,Diabetes,Type 2 diabetes || id:ebi-a-GCST90018926,TRUE,reported,igd,2,1,TRUE
115,rs56218782,C,T,C,T,-0.039,0.027,0.312633,0.3406,FALSE,FALSE,FALSE,Hepatic failure,4,140893287,0.0697,NA,0.698601,"Hepatic failure, not elsewhere classified || id:finn-b-K11_HEPFAIL","Hepatic failure, not elsewhere classified","Hepatic failure, not elsewhere classified ||  || ",TRUE,igd,NA,NA,NA,NA,NA,NA,NA,4,140893287,0.0068,1.11E-08,490089,Diabetes,Type 2 diabetes || id:ebi-a-GCST90018926,TRUE,reported,igd,2,1,TRUE
116,rs56348580,C,G,C,G,-0.0631,0.0319,0.301336,0.2827,FALSE,TRUE,FALSE,Hepatic failure,12,121432117,0.0737,NA,0.665001,"Hepatic failure, not elsewhere classified || id:finn-b-K11_HEPFAIL","Hepatic failure, not elsewhere classified","Hepatic failure, not elsewhere classified ||  || ",TRUE,igd,NA,NA,NA,NA,NA,NA,NA,12,121432117,0.0093,1.41E-11,490089,Diabetes,Type 2 diabetes || id:ebi-a-GCST90018926,TRUE,reported,igd,2,1,TRUE
117,rs576674,A,G,A,G,-0.0802,-0.0863,0.856359,0.9062,FALSE,FALSE,FALSE,Hepatic failure,13,33554302,0.1133,NA,0.4464,"Hepatic failure, not elsewhere classified || id:finn-b-K11_HEPFAIL","Hepatic failure, not elsewhere classified","Hepatic failure, not elsewhere classified ||  || ",TRUE,igd,NA,NA,NA,NA,NA,NA,NA,13,33554302,0.0091,1.72E-18,490089,Diabetes,Type 2 diabetes || id:ebi-a-GCST90018926,TRUE,reported,igd,2,1,TRUE
118,rs58090211,A,C,A,C,-0.0807,-0.2884,0.0766814,0.01532,FALSE,FALSE,FALSE,Hepatic failure,11,35433712,0.2718,NA,0.2886,"Hepatic failure, not elsewhere classified || id:finn-b-K11_HEPFAIL","Hepatic failure, not elsewhere classified","Hepatic failure, not elsewhere classified ||  || ",TRUE,igd,NA,NA,NA,NA,NA,NA,NA,11,35433712,0.0136,2.61E-09,490089,Diabetes,Type 2 diabetes || id:ebi-a-GCST90018926,TRUE,reported,igd,2,1,TRUE
119,rs5855072,TA,T,TA,T,0.126,-0.1499,0.318578,0.3076,FALSE,FALSE,FALSE,Hepatic failure,3,185497552,0.0715,NA,0.0360396,"Hepatic failure, not elsewhere classified || id:finn-b-K11_HEPFAIL","Hepatic failure, not elsewhere classified","Hepatic failure, not elsewhere classified ||  || ",TRUE,igd,NA,NA,NA,NA,NA,NA,NA,3,185497552,0.0067,3.08E-79,490089,Diabetes,Type 2 diabetes || id:ebi-a-GCST90018926,TRUE,reported,igd,2,1,TRUE
120,rs62262091,T,C,T,C,0.0876,0.3009,0.0970158,0.1007,FALSE,FALSE,FALSE,Hepatic failure,3,47693664,0.1101,NA,0.00627697,"Hepatic failure, not elsewhere classified || id:finn-b-K11_HEPFAIL","Hepatic failure, not elsewhere classified","Hepatic failure, not elsewhere classified ||  || ",TRUE,igd,NA,NA,NA,NA,NA,NA,NA,3,47693664,0.0148,2.95E-09,490089,Diabetes,Type 2 diabetes || id:ebi-a-GCST90018926,TRUE,reported,igd,2,1,TRUE
121,rs62319060,C,T,C,T,0.0371,-0.0151,0.470491,0.437,FALSE,FALSE,FALSE,Hepatic failure,4,96145415,0.0666,NA,0.8207,"Hepatic failure, not elsewhere classified || id:finn-b-K11_HEPFAIL","Hepatic failure, not elsewhere classified","Hepatic failure, not elsewhere classified ||  || ",TRUE,igd,NA,NA,NA,NA,NA,NA,NA,4,96145415,0.0066,1.95E-08,490089,Diabetes,Type 2 diabetes || id:ebi-a-GCST90018926,TRUE,reported,igd,2,1,TRUE
122,rs62405419,T,G,T,G,0.0565,0.1596,0.156975,0.09364,FALSE,FALSE,FALSE,Hepatic failure,6,50787459,0.1134,NA,0.1592,"Hepatic failure, not elsewhere classified || id:finn-b-K11_HEPFAIL","Hepatic failure, not elsewhere classified","Hepatic failure, not elsewhere classified ||  || ",TRUE,igd,NA,NA,NA,NA,NA,NA,NA,6,50787459,0.0082,4.60E-12,490089,Diabetes,Type 2 diabetes || id:ebi-a-GCST90018926,TRUE,reported,igd,2,1,TRUE
123,rs62508166,A,G,A,G,-0.1018,0.0056,0.178231,0.1851,FALSE,FALSE,FALSE,Hepatic failure,8,41537318,0.0855,NA,0.9479,"Hepatic failure, not elsewhere classified || id:finn-b-K11_HEPFAIL","Hepatic failure, not elsewhere classified","Hepatic failure, not elsewhere classified ||  || ",TRUE,igd,NA,NA,NA,NA,NA,NA,NA,8,41537318,0.0085,1.01E-32,490089,Diabetes,Type 2 diabetes || id:ebi-a-GCST90018926,TRUE,reported,igd,2,1,TRUE
124,rs633715,C,T,C,T,0.0491,0.0152,0.218583,0.226,FALSE,FALSE,FALSE,Hepatic failure,1,177852580,0.079,NA,0.8473,"Hepatic failure, not elsewhere classified || id:finn-b-K11_HEPFAIL","Hepatic failure, not elsewhere classified","Hepatic failure, not elsewhere classified ||  || ",TRUE,igd,NA,NA,NA,NA,NA,NA,NA,1,177852580,0.0075,5.66E-11,490089,Diabetes,Type 2 diabetes || id:ebi-a-GCST90018926,TRUE,reported,igd,2,1,TRUE
125,rs6438138,T,A,T,A,0.041,0.0529,0.306114,0.3248,FALSE,TRUE,FALSE,Hepatic failure,3,113026691,0.0706,NA,0.4539,"Hepatic failure, not elsewhere classified || id:finn-b-K11_HEPFAIL","Hepatic failure, not elsewhere classified","Hepatic failure, not elsewhere classified ||  || ",TRUE,igd,NA,NA,NA,NA,NA,NA,NA,3,113026691,0.0067,9.51E-10,490089,Diabetes,Type 2 diabetes || id:ebi-a-GCST90018926,TRUE,reported,igd,2,1,TRUE
126,rs6453133,G,A,G,A,-0.0438,-0.0726,0.357642,0.3357,FALSE,FALSE,FALSE,Hepatic failure,5,74692776,0.07,NA,0.2997,"Hepatic failure, not elsewhere classified || id:finn-b-K11_HEPFAIL","Hepatic failure, not elsewhere classified","Hepatic failure, not elsewhere classified ||  || ",TRUE,igd,NA,NA,NA,NA,NA,NA,NA,5,74692776,0.0065,1.56E-11,490089,Diabetes,Type 2 diabetes || id:ebi-a-GCST90018926,TRUE,reported,igd,2,1,TRUE
127,rs6496742,T,C,T,C,0.0582,-0.0274,0.303172,0.2533,FALSE,FALSE,FALSE,Hepatic failure,15,91523036,0.0759,NA,0.7177,"Hepatic failure, not elsewhere classified || id:finn-b-K11_HEPFAIL","Hepatic failure, not elsewhere classified","Hepatic failure, not elsewhere classified ||  || ",TRUE,igd,NA,NA,NA,NA,NA,NA,NA,15,91523036,0.0067,5.76E-18,490089,Diabetes,Type 2 diabetes || id:ebi-a-GCST90018926,TRUE,reported,igd,2,1,TRUE
128,rs6554060,G,A,G,A,0.0366,0.0726,0.376916,0.2917,FALSE,FALSE,FALSE,Hepatic failure,4,52776901,0.0726,NA,0.3174,"Hepatic failure, not elsewhere classified || id:finn-b-K11_HEPFAIL","Hepatic failure, not elsewhere classified","Hepatic failure, not elsewhere classified ||  || ",TRUE,igd,NA,NA,NA,NA,NA,NA,NA,4,52776901,0.0066,3.59E-08,490089,Diabetes,Type 2 diabetes || id:ebi-a-GCST90018926,TRUE,reported,igd,2,1,TRUE
129,rs6567160,C,T,C,T,0.0785,-0.0213,0.218731,0.1842,FALSE,FALSE,FALSE,Hepatic failure,18,57829135,0.0854,NA,0.8034,"Hepatic failure, not elsewhere classified || id:finn-b-K11_HEPFAIL","Hepatic failure, not elsewhere classified","Hepatic failure, not elsewhere classified ||  || ",TRUE,igd,NA,NA,NA,NA,NA,NA,NA,18,57829135,0.0076,4.88E-25,490089,Diabetes,Type 2 diabetes || id:ebi-a-GCST90018926,TRUE,reported,igd,2,1,TRUE
130,rs6813195,T,C,T,C,-0.062,-0.0496,0.353285,0.3326,FALSE,FALSE,FALSE,Hepatic failure,4,153520475,0.0705,NA,0.482,"Hepatic failure, not elsewhere classified || id:finn-b-K11_HEPFAIL","Hepatic failure, not elsewhere classified","Hepatic failure, not elsewhere classified ||  || ",TRUE,igd,NA,NA,NA,NA,NA,NA,NA,4,153520475,0.0066,4.38E-21,490089,Diabetes,Type 2 diabetes || id:ebi-a-GCST90018926,TRUE,reported,igd,2,1,TRUE
131,rs6853272,T,C,T,C,-0.0718,-0.1155,0.923642,0.9741,FALSE,FALSE,FALSE,Hepatic failure,4,71735967,0.2067,NA,0.576301,"Hepatic failure, not elsewhere classified || id:finn-b-K11_HEPFAIL","Hepatic failure, not elsewhere classified","Hepatic failure, not elsewhere classified ||  || ",TRUE,igd,NA,NA,NA,NA,NA,NA,NA,4,71735967,0.0103,3.84E-12,490089,Diabetes,Type 2 diabetes || id:ebi-a-GCST90018926,TRUE,reported,igd,2,1,TRUE
132,rs6878122,A,G,A,G,-0.0547,-0.0195,0.778957,0.7722,FALSE,FALSE,FALSE,Hepatic failure,5,76427311,0.0786,NA,0.804,"Hepatic failure, not elsewhere classified || id:finn-b-K11_HEPFAIL","Hepatic failure, not elsewhere classified","Hepatic failure, not elsewhere classified ||  || ",TRUE,igd,NA,NA,NA,NA,NA,NA,NA,5,76427311,0.0092,2.46E-09,490089,Diabetes,Type 2 diabetes || id:ebi-a-GCST90018926,TRUE,reported,igd,2,1,TRUE
133,rs6885132,G,C,G,C,-0.0449,-0.0288,0.195176,0.1173,FALSE,TRUE,FALSE,Hepatic failure,5,14768092,0.1036,NA,0.7812,"Hepatic failure, not elsewhere classified || id:finn-b-K11_HEPFAIL","Hepatic failure, not elsewhere classified","Hepatic failure, not elsewhere classified ||  || ",TRUE,igd,NA,NA,NA,NA,NA,NA,NA,5,14768092,0.0077,5.18E-09,490089,Diabetes,Type 2 diabetes || id:ebi-a-GCST90018926,TRUE,reported,igd,2,1,TRUE
134,rs6919504,G,A,G,A,0.0625,-0.5374,0.0677522,0.02207,FALSE,FALSE,FALSE,Hepatic failure,6,156976650,0.2244,NA,0.0166399,"Hepatic failure, not elsewhere classified || id:finn-b-K11_HEPFAIL","Hepatic failure, not elsewhere classified","Hepatic failure, not elsewhere classified ||  || ",TRUE,igd,NA,NA,NA,NA,NA,NA,NA,6,156976650,0.0111,1.68E-08,490089,Diabetes,Type 2 diabetes || id:ebi-a-GCST90018926,TRUE,reported,igd,2,1,TRUE
135,rs6985028,A,G,A,G,-0.0408,0.091,0.656712,0.6204,FALSE,FALSE,FALSE,Hepatic failure,8,30822094,0.0683,NA,0.1826,"Hepatic failure, not elsewhere classified || id:finn-b-K11_HEPFAIL","Hepatic failure, not elsewhere classified","Hepatic failure, not elsewhere classified ||  || ",TRUE,igd,NA,NA,NA,NA,NA,NA,NA,8,30822094,0.0073,2.82E-08,490089,Diabetes,Type 2 diabetes || id:ebi-a-GCST90018926,TRUE,reported,igd,2,1,TRUE
136,rs7030811,A,T,A,T,-0.0944,-0.0373,0.0395381,0.02248,FALSE,TRUE,FALSE,Hepatic failure,9,22288140,0.2228,NA,0.8672,"Hepatic failure, not elsewhere classified || id:finn-b-K11_HEPFAIL","Hepatic failure, not elsewhere classified","Hepatic failure, not elsewhere classified ||  || ",TRUE,igd,NA,NA,NA,NA,NA,NA,NA,9,22288140,0.0151,4.09E-10,490089,Diabetes,Type 2 diabetes || id:ebi-a-GCST90018926,TRUE,reported,igd,2,1,TRUE
137,rs7132351,A,G,A,G,0.063,0.0808,0.17439,0.1805,FALSE,FALSE,FALSE,Hepatic failure,12,118414926,0.0859,NA,0.3468,"Hepatic failure, not elsewhere classified || id:finn-b-K11_HEPFAIL","Hepatic failure, not elsewhere classified","Hepatic failure, not elsewhere classified ||  || ",TRUE,igd,NA,NA,NA,NA,NA,NA,NA,12,118414926,0.0079,1.78E-15,490089,Diabetes,Type 2 diabetes || id:ebi-a-GCST90018926,TRUE,reported,igd,2,1,TRUE
138,rs7132908,A,G,A,G,0.0394,-0.1052,0.358104,0.3837,FALSE,FALSE,FALSE,Hepatic failure,12,50263148,0.0682,NA,0.1229,"Hepatic failure, not elsewhere classified || id:finn-b-K11_HEPFAIL","Hepatic failure, not elsewhere classified","Hepatic failure, not elsewhere classified ||  || ",TRUE,igd,NA,NA,NA,NA,NA,NA,NA,12,50263148,0.0066,2.63E-09,490089,Diabetes,Type 2 diabetes || id:ebi-a-GCST90018926,TRUE,reported,igd,2,1,TRUE
139,rs7141,A,G,A,G,-0.0357,-0.0847,0.6394,0.6807,FALSE,FALSE,FALSE,Hepatic failure,17,7614601,0.0713,NA,0.2344,"Hepatic failure, not elsewhere classified || id:finn-b-K11_HEPFAIL","Hepatic failure, not elsewhere classified","Hepatic failure, not elsewhere classified ||  || ",TRUE,igd,NA,NA,NA,NA,NA,NA,NA,17,7614601,0.0065,3.75E-08,490089,Diabetes,Type 2 diabetes || id:ebi-a-GCST90018926,TRUE,reported,igd,2,1,TRUE
140,rs71424153,C,G,C,G,-0.0429,0.0111,0.259162,0.228,FALSE,TRUE,FALSE,Hepatic failure,2,65280894,0.079,NA,0.8884,"Hepatic failure, not elsewhere classified || id:finn-b-K11_HEPFAIL","Hepatic failure, not elsewhere classified","Hepatic failure, not elsewhere classified ||  || ",TRUE,igd,NA,NA,NA,NA,NA,NA,NA,2,65280894,0.007,9.23E-10,490089,Diabetes,Type 2 diabetes || id:ebi-a-GCST90018926,TRUE,reported,igd,2,1,TRUE
141,rs7172432,G,A,G,A,-0.0604,0.0647,0.452818,0.5533,FALSE,FALSE,FALSE,Hepatic failure,15,62396389,0.0665,NA,0.3308,"Hepatic failure, not elsewhere classified || id:finn-b-K11_HEPFAIL","Hepatic failure, not elsewhere classified","Hepatic failure, not elsewhere classified ||  || ",TRUE,igd,NA,NA,NA,NA,NA,NA,NA,15,62396389,0.0063,8.28E-22,490089,Diabetes,Type 2 diabetes || id:ebi-a-GCST90018926,TRUE,reported,igd,2,1,TRUE
142,rs7250869,C,T,C,T,-0.0488,-0.0158,0.628785,0.6737,FALSE,FALSE,FALSE,Hepatic failure,19,33887405,0.0706,NA,0.823,"Hepatic failure, not elsewhere classified || id:finn-b-K11_HEPFAIL","Hepatic failure, not elsewhere classified","Hepatic failure, not elsewhere classified ||  || ",TRUE,igd,NA,NA,NA,NA,NA,NA,NA,19,33887405,0.0065,5.17E-14,490089,Diabetes,Type 2 diabetes || id:ebi-a-GCST90018926,TRUE,reported,igd,2,1,TRUE
143,rs72640313,A,G,A,G,-0.0615,-0.0187,0.116012,0.07473,FALSE,FALSE,FALSE,Hepatic failure,13,91950181,0.1258,NA,0.8816,"Hepatic failure, not elsewhere classified || id:finn-b-K11_HEPFAIL","Hepatic failure, not elsewhere classified","Hepatic failure, not elsewhere classified ||  || ",TRUE,igd,NA,NA,NA,NA,NA,NA,NA,13,91950181,0.0094,6.62E-11,490089,Diabetes,Type 2 diabetes || id:ebi-a-GCST90018926,TRUE,reported,igd,2,1,TRUE
144,rs72802365,C,G,C,G,-0.1168,0.0614,0.0619909,0.07988,FALSE,TRUE,FALSE,Hepatic failure,16,75246035,0.1222,NA,0.6155,"Hepatic failure, not elsewhere classified || id:finn-b-K11_HEPFAIL","Hepatic failure, not elsewhere classified","Hepatic failure, not elsewhere classified ||  || ",TRUE,igd,NA,NA,NA,NA,NA,NA,NA,16,75246035,0.0146,1.21E-15,490089,Diabetes,Type 2 diabetes || id:ebi-a-GCST90018926,TRUE,reported,igd,2,1,TRUE
145,rs72830608,T,G,T,G,0.0482,0.1389,0.305978,0.2486,FALSE,FALSE,FALSE,Hepatic failure,6,20525488,0.0768,NA,0.0704206,"Hepatic failure, not elsewhere classified || id:finn-b-K11_HEPFAIL","Hepatic failure, not elsewhere classified","Hepatic failure, not elsewhere classified ||  || ",TRUE,igd,TRUE,rs72830608,rs9358341,T,G,C,A,6,20519120,0.0077,3.27E-10,490089,Diabetes,Type 2 diabetes || id:ebi-a-GCST90018926,TRUE,reported,igd,2,1,TRUE
146,rs72906810,G,A,G,A,-0.0876,-0.1113,0.0894907,0.05712,FALSE,FALSE,FALSE,Hepatic failure,1,51463424,0.1428,NA,0.4358,"Hepatic failure, not elsewhere classified || id:finn-b-K11_HEPFAIL","Hepatic failure, not elsewhere classified","Hepatic failure, not elsewhere classified ||  || ",TRUE,igd,TRUE,rs72906810,rs10888713,G,A,T,A,1,51457200,0.0124,1.97E-12,490089,Diabetes,Type 2 diabetes || id:ebi-a-GCST90018926,TRUE,reported,igd,2,1,TRUE
147,rs72951548,T,C,T,C,-0.0627,-0.0851,0.188488,0.2022,FALSE,FALSE,FALSE,Hepatic failure,6,118050841,0.0827,NA,0.3036,"Hepatic failure, not elsewhere classified || id:finn-b-K11_HEPFAIL","Hepatic failure, not elsewhere classified","Hepatic failure, not elsewhere classified ||  || ",TRUE,igd,NA,NA,NA,NA,NA,NA,NA,6,118050841,0.0078,1.24E-15,490089,Diabetes,Type 2 diabetes || id:ebi-a-GCST90018926,TRUE,reported,igd,2,1,TRUE
148,rs72964564,C,A,C,A,-0.1004,-0.0301,0.231426,0.1759,FALSE,FALSE,FALSE,Hepatic failure,3,123054770,0.087,NA,0.7289,"Hepatic failure, not elsewhere classified || id:finn-b-K11_HEPFAIL","Hepatic failure, not elsewhere classified","Hepatic failure, not elsewhere classified ||  || ",TRUE,igd,NA,NA,NA,NA,NA,NA,NA,3,123054770,0.0104,3.96E-22,490089,Diabetes,Type 2 diabetes || id:ebi-a-GCST90018926,TRUE,reported,igd,2,1,TRUE
149,rs73221113,A,G,A,G,0.0933,0.1874,0.039939,0.0515,FALSE,FALSE,FALSE,Hepatic failure,4,718868,0.1502,NA,0.212,"Hepatic failure, not elsewhere classified || id:finn-b-K11_HEPFAIL","Hepatic failure, not elsewhere classified","Hepatic failure, not elsewhere classified ||  || ",TRUE,igd,NA,NA,NA,NA,NA,NA,NA,4,718868,0.016,6.13E-09,490089,Diabetes,Type 2 diabetes || id:ebi-a-GCST90018926,TRUE,reported,igd,2,1,TRUE
150,rs73347525,G,A,G,A,-0.0536,-0.1482,0.201505,0.2217,FALSE,FALSE,FALSE,Hepatic failure,14,101255172,0.0806,NA,0.0659493,"Hepatic failure, not elsewhere classified || id:finn-b-K11_HEPFAIL","Hepatic failure, not elsewhere classified","Hepatic failure, not elsewhere classified ||  || ",TRUE,igd,NA,NA,NA,NA,NA,NA,NA,14,101255172,0.008,2.48E-11,490089,Diabetes,Type 2 diabetes || id:ebi-a-GCST90018926,TRUE,reported,igd,2,1,TRUE
151,rs73410774,T,G,T,G,0.2125,0.2611,0.0374096,0.05436,FALSE,FALSE,FALSE,Hepatic failure,6,32789739,0.1486,NA,0.0788406,"Hepatic failure, not elsewhere classified || id:finn-b-K11_HEPFAIL","Hepatic failure, not elsewhere classified","Hepatic failure, not elsewhere classified ||  || ",TRUE,igd,NA,NA,NA,NA,NA,NA,NA,6,32789739,0.0219,3.20E-22,490089,Diabetes,Type 2 diabetes || id:ebi-a-GCST90018926,TRUE,reported,igd,2,2,TRUE
152,rs74862545,T,C,T,C,-0.2052,0.0537,0.0223105,0.01949,FALSE,FALSE,FALSE,Hepatic failure,12,4365572,0.2424,NA,0.8246,"Hepatic failure, not elsewhere classified || id:finn-b-K11_HEPFAIL","Hepatic failure, not elsewhere classified","Hepatic failure, not elsewhere classified ||  || ",TRUE,igd,NA,NA,NA,NA,NA,NA,NA,12,4365572,0.0301,9.97E-12,490089,Diabetes,Type 2 diabetes || id:ebi-a-GCST90018926,TRUE,reported,igd,2,1,TRUE
153,rs75418188,T,C,T,C,0.1337,-0.2958,0.0276409,0.01693,FALSE,FALSE,FALSE,Hepatic failure,17,6945483,0.2584,NA,0.2522,"Hepatic failure, not elsewhere classified || id:finn-b-K11_HEPFAIL","Hepatic failure, not elsewhere classified","Hepatic failure, not elsewhere classified ||  || ",TRUE,igd,NA,NA,NA,NA,NA,NA,NA,17,6945483,0.0157,1.66E-17,490089,Diabetes,Type 2 diabetes || id:ebi-a-GCST90018926,TRUE,reported,igd,2,1,TRUE
154,rs755249,T,C,T,C,0.0617,-0.0425,0.217225,0.2259,FALSE,FALSE,FALSE,Hepatic failure,1,39995074,0.0792,NA,0.5913,"Hepatic failure, not elsewhere classified || id:finn-b-K11_HEPFAIL","Hepatic failure, not elsewhere classified","Hepatic failure, not elsewhere classified ||  || ",TRUE,igd,NA,NA,NA,NA,NA,NA,NA,1,39995074,0.0077,1.45E-15,490089,Diabetes,Type 2 diabetes || id:ebi-a-GCST90018926,TRUE,reported,igd,2,1,TRUE
155,rs75872811,G,A,G,A,-0.0727,-0.0673,0.0871287,0.1073,FALSE,FALSE,FALSE,Hepatic failure,10,63732315,0.1064,NA,0.5272,"Hepatic failure, not elsewhere classified || id:finn-b-K11_HEPFAIL","Hepatic failure, not elsewhere classified","Hepatic failure, not elsewhere classified ||  || ",TRUE,igd,NA,NA,NA,NA,NA,NA,NA,10,63732315,0.0102,1.03E-12,490089,Diabetes,Type 2 diabetes || id:ebi-a-GCST90018926,TRUE,reported,igd,2,1,TRUE
156,rs76177300,A,G,A,G,0.1309,-0.1686,0.0551313,0.05793,FALSE,FALSE,FALSE,Hepatic failure,5,102143311,0.1405,NA,0.2299,"Hepatic failure, not elsewhere classified || id:finn-b-K11_HEPFAIL","Hepatic failure, not elsewhere classified","Hepatic failure, not elsewhere classified ||  || ",TRUE,igd,NA,NA,NA,NA,NA,NA,NA,5,102143311,0.0187,2.59E-12,490089,Diabetes,Type 2 diabetes || id:ebi-a-GCST90018926,TRUE,reported,igd,2,1,TRUE
157,rs76895963,G,T,G,T,-0.4582,-0.1499,0.023748,0.03116,FALSE,FALSE,FALSE,Hepatic failure,12,4384844,0.1987,NA,0.4507,"Hepatic failure, not elsewhere classified || id:finn-b-K11_HEPFAIL","Hepatic failure, not elsewhere classified","Hepatic failure, not elsewhere classified ||  || ",TRUE,igd,NA,NA,NA,NA,NA,NA,NA,12,4384844,0.0303,8.22E-52,490089,Diabetes,Type 2 diabetes || id:ebi-a-GCST90018926,TRUE,reported,igd,2,1,TRUE
158,rs7741521,A,G,A,G,-0.0618,-0.0482,0.0717495,0.04899,FALSE,FALSE,FALSE,Hepatic failure,6,31442748,0.1522,NA,0.7514,"Hepatic failure, not elsewhere classified || id:finn-b-K11_HEPFAIL","Hepatic failure, not elsewhere classified","Hepatic failure, not elsewhere classified ||  || ",TRUE,igd,NA,NA,NA,NA,NA,NA,NA,6,31442748,0.011,2.11E-08,490089,Diabetes,Type 2 diabetes || id:ebi-a-GCST90018926,TRUE,reported,igd,2,1,TRUE
159,rs77464186,C,A,C,A,-0.1028,-0.0422,0.141673,0.2376,FALSE,FALSE,FALSE,Hepatic failure,11,72460398,0.0779,NA,0.5882,"Hepatic failure, not elsewhere classified || id:finn-b-K11_HEPFAIL","Hepatic failure, not elsewhere classified","Hepatic failure, not elsewhere classified ||  || ",TRUE,igd,NA,NA,NA,NA,NA,NA,NA,11,72460398,0.01,5.67E-25,490089,Diabetes,Type 2 diabetes || id:ebi-a-GCST90018926,TRUE,reported,igd,2,1,TRUE
160,rs7778167,A,G,A,G,0.0571,0.0583,0.216676,0.2222,FALSE,FALSE,FALSE,Hepatic failure,7,127851628,0.0801,NA,0.4669,"Hepatic failure, not elsewhere classified || id:finn-b-K11_HEPFAIL","Hepatic failure, not elsewhere classified","Hepatic failure, not elsewhere classified ||  || ",TRUE,igd,NA,NA,NA,NA,NA,NA,NA,7,127851628,0.0082,4.22E-12,490089,Diabetes,Type 2 diabetes || id:ebi-a-GCST90018926,TRUE,reported,igd,2,1,TRUE
161,rs78470967,A,T,A,T,-0.1272,-0.1303,0.042318,0.03939,FALSE,TRUE,FALSE,Hepatic failure,12,4521511,0.1712,NA,0.4464,"Hepatic failure, not elsewhere classified || id:finn-b-K11_HEPFAIL","Hepatic failure, not elsewhere classified","Hepatic failure, not elsewhere classified ||  || ",TRUE,igd,NA,NA,NA,NA,NA,NA,NA,12,4521511,0.0217,4.70E-09,490089,Diabetes,Type 2 diabetes || id:ebi-a-GCST90018926,TRUE,reported,igd,2,1,TRUE
162,rs8043085,T,G,T,G,0.0457,-0.0145,0.301228,0.2303,FALSE,FALSE,FALSE,Hepatic failure,15,38828140,0.0786,NA,0.8537,"Hepatic failure, not elsewhere classified || id:finn-b-K11_HEPFAIL","Hepatic failure, not elsewhere classified","Hepatic failure, not elsewhere classified ||  || ",TRUE,igd,NA,NA,NA,NA,NA,NA,NA,15,38828140,0.0068,1.84E-11,490089,Diabetes,Type 2 diabetes || id:ebi-a-GCST90018926,TRUE,reported,igd,2,1,TRUE
163,rs8100204,A,G,A,G,0.0552,0.0593,0.169058,0.1594,FALSE,FALSE,FALSE,Hepatic failure,19,19393714,0.0911,NA,0.5147,"Hepatic failure, not elsewhere classified || id:finn-b-K11_HEPFAIL","Hepatic failure, not elsewhere classified","Hepatic failure, not elsewhere classified ||  || ",TRUE,igd,NA,NA,NA,NA,NA,NA,NA,19,19393714,0.0082,2.08E-11,490089,Diabetes,Type 2 diabetes || id:ebi-a-GCST90018926,TRUE,reported,igd,2,1,TRUE
164,rs8100562,T,C,T,C,0.0559,0.0557,0.170998,0.1519,FALSE,FALSE,FALSE,Hepatic failure,19,7241501,0.0922,NA,0.545301,"Hepatic failure, not elsewhere classified || id:finn-b-K11_HEPFAIL","Hepatic failure, not elsewhere classified","Hepatic failure, not elsewhere classified ||  || ",TRUE,igd,NA,NA,NA,NA,NA,NA,NA,19,7241501,0.0088,1.89E-10,490089,Diabetes,Type 2 diabetes || id:ebi-a-GCST90018926,TRUE,reported,igd,2,1,TRUE
165,rs860262,A,C,A,C,-0.0668,-0.007,0.420673,0.4882,FALSE,FALSE,FALSE,Hepatic failure,7,28194397,0.0662,NA,0.9153,"Hepatic failure, not elsewhere classified || id:finn-b-K11_HEPFAIL","Hepatic failure, not elsewhere classified","Hepatic failure, not elsewhere classified ||  || ",TRUE,igd,NA,NA,NA,NA,NA,NA,NA,7,28194397,0.0068,9.18E-23,490089,Diabetes,Type 2 diabetes || id:ebi-a-GCST90018926,TRUE,reported,igd,2,1,TRUE
166,rs9265433,C,T,C,T,0.0625,-0.0221,0.445483,0.5695,FALSE,FALSE,FALSE,Hepatic failure,6,31296247,0.0675,NA,0.743401,"Hepatic failure, not elsewhere classified || id:finn-b-K11_HEPFAIL","Hepatic failure, not elsewhere classified","Hepatic failure, not elsewhere classified ||  || ",TRUE,igd,NA,NA,NA,NA,NA,NA,NA,6,31296247,0.0067,6.28E-21,490089,Diabetes,Type 2 diabetes || id:ebi-a-GCST90018926,TRUE,reported,igd,2,1,TRUE
167,rs9304665,A,T,A,T,0.0545,-0.0682,0.752917,0.72,FALSE,TRUE,FALSE,Hepatic failure,19,47602577,0.0736,NA,0.3541,"Hepatic failure, not elsewhere classified || id:finn-b-K11_HEPFAIL","Hepatic failure, not elsewhere classified","Hepatic failure, not elsewhere classified ||  || ",TRUE,igd,NA,NA,NA,NA,NA,NA,NA,19,47602577,0.0098,2.63E-08,490089,Diabetes,Type 2 diabetes || id:ebi-a-GCST90018926,TRUE,reported,igd,2,1,TRUE
168,rs9368222,A,C,A,C,0.1551,-0.1045,0.318552,0.3292,FALSE,FALSE,FALSE,Hepatic failure,6,20686996,0.0702,NA,0.1365,"Hepatic failure, not elsewhere classified || id:finn-b-K11_HEPFAIL","Hepatic failure, not elsewhere classified","Hepatic failure, not elsewhere classified ||  || ",TRUE,igd,NA,NA,NA,NA,NA,NA,NA,6,20686996,0.0066,2.04E-122,490089,Diabetes,Type 2 diabetes || id:ebi-a-GCST90018926,TRUE,reported,igd,2,1,TRUE
169,rs9379084,A,G,A,G,-0.0816,0.0313,0.156857,0.1138,FALSE,FALSE,FALSE,Hepatic failure,6,7231843,0.1055,NA,0.7671,"Hepatic failure, not elsewhere classified || id:finn-b-K11_HEPFAIL","Hepatic failure, not elsewhere classified","Hepatic failure, not elsewhere classified ||  || ",TRUE,igd,NA,NA,NA,NA,NA,NA,NA,6,7231843,0.0085,1.04E-21,490089,Diabetes,Type 2 diabetes || id:ebi-a-GCST90018926,TRUE,reported,igd,2,1,TRUE
170,rs9562987,A,G,A,G,-0.0413,-0.1,0.41532,0.2495,FALSE,FALSE,FALSE,Hepatic failure,13,51095908,0.0763,NA,0.1897,"Hepatic failure, not elsewhere classified || id:finn-b-K11_HEPFAIL","Hepatic failure, not elsewhere classified","Hepatic failure, not elsewhere classified ||  || ",TRUE,igd,NA,NA,NA,NA,NA,NA,NA,13,51095908,0.0069,2.31E-09,490089,Diabetes,Type 2 diabetes || id:ebi-a-GCST90018926,TRUE,reported,igd,2,1,TRUE
171,rs972119,G,A,G,A,-0.0465,-0.0993,0.215533,0.2524,FALSE,FALSE,FALSE,Hepatic failure,6,143170972,0.076,NA,0.1916,"Hepatic failure, not elsewhere classified || id:finn-b-K11_HEPFAIL","Hepatic failure, not elsewhere classified","Hepatic failure, not elsewhere classified ||  || ",TRUE,igd,NA,NA,NA,NA,NA,NA,NA,6,143170972,0.0074,4.38E-10,490089,Diabetes,Type 2 diabetes || id:ebi-a-GCST90018926,TRUE,reported,igd,2,1,TRUE
172,rs9844972,C,G,C,G,0.1036,-0.0401,0.0666559,0.05433,FALSE,TRUE,FALSE,Hepatic failure,3,150097635,0.1467,NA,0.7848,"Hepatic failure, not elsewhere classified || id:finn-b-K11_HEPFAIL","Hepatic failure, not elsewhere classified","Hepatic failure, not elsewhere classified ||  || ",TRUE,igd,NA,NA,NA,NA,NA,NA,NA,3,150097635,0.0176,4.26E-09,490089,Diabetes,Type 2 diabetes || id:ebi-a-GCST90018926,TRUE,reported,igd,2,1,TRUE
173,rs9873519,T,C,T,C,0.0373,0.1762,0.487086,0.5829,FALSE,FALSE,FALSE,Hepatic failure,3,124921457,0.0674,NA,0.00895798,"Hepatic failure, not elsewhere classified || id:finn-b-K11_HEPFAIL","Hepatic failure, not elsewhere classified","Hepatic failure, not elsewhere classified ||  || ",TRUE,igd,NA,NA,NA,NA,NA,NA,NA,3,124921457,0.0065,7.63E-09,490089,Diabetes,Type 2 diabetes || id:ebi-a-GCST90018926,TRUE,reported,igd,2,1,TRUE
