,SNP,effect_allele.exposure,other_allele.exposure,effect_allele.outcome,other_allele.outcome,beta.exposure,beta.outcome,eaf.exposure,eaf.outcome,remove,palindromic,ambiguous,id.outcome,chr,pos,se.outcome,samplesize.outcome,pval.outcome,outcome,originalname.outcome,outcome.deprecated,mr_keep.outcome,data_source.outcome,samplesize.exposure,chr.exposure,se.exposure,pval.exposure,pos.exposure,id.exposure,exposure,mr_keep.exposure,pval_origin.exposure,data_source.exposure,action,SNP_index,mr_keep
1,rs10830963,G,C,G,C,0.3217,0.0387,0.3579,0.3565,FALSE,TRUE,FALSE,Pneumonia,11,92708710,0.0179,NA,0.0311301,"Bacterial pneumonia, not elsewhere classified || id:finn-b-J10_PNEUMOBACTEROTH","Bacterial pneumonia, not elsewhere classified","Bacterial pneumonia, not elsewhere classified ||  || ",TRUE,igd,NA,11,0.021,8.76E-53,92708710,Diabetes,Diabetes mellitus in pregnancy || id:finn-b-O15_PREG_DM,TRUE,reported,igd,2,1,TRUE
2,rs1260326,C,T,C,T,0.1151,-0.0198,0.6502,0.6496,FALSE,FALSE,FALSE,Pneumonia,2,27730940,0.018,NA,0.2714,"Bacterial pneumonia, not elsewhere classified || id:finn-b-J10_PNEUMOBACTEROTH","Bacterial pneumonia, not elsewhere classified","Bacterial pneumonia, not elsewhere classified ||  || ",TRUE,igd,NA,2,0.021,4.50E-08,27730940,Diabetes,Diabetes mellitus in pregnancy || id:finn-b-O15_PREG_DM,TRUE,reported,igd,2,1,TRUE
3,rs59649116,A,C,A,C,-0.1412,-0.0323,0.2158,0.2154,FALSE,FALSE,FALSE,Pneumonia,5,95287113,0.0212,NA,0.1282,"Bacterial pneumonia, not elsewhere classified || id:finn-b-J10_PNEUMOBACTEROTH","Bacterial pneumonia, not elsewhere classified","Bacterial pneumonia, not elsewhere classified ||  || ",TRUE,igd,NA,5,0.0248,1.31E-08,95287113,Diabetes,Diabetes mellitus in pregnancy || id:finn-b-O15_PREG_DM,TRUE,reported,igd,2,1,TRUE
4,rs7074440,A,G,A,G,0.1897,0.0053,0.1931,0.1925,FALSE,FALSE,FALSE,Pneumonia,10,114785424,0.0219,NA,0.8077,"Bacterial pneumonia, not elsewhere classified || id:finn-b-J10_PNEUMOBACTEROTH","Bacterial pneumonia, not elsewhere classified","Bacterial pneumonia, not elsewhere classified ||  || ",TRUE,igd,NA,10,0.0255,1.03E-13,114785424,Diabetes,Diabetes mellitus in pregnancy || id:finn-b-O15_PREG_DM,TRUE,reported,igd,2,1,TRUE
5,rs73410774,T,G,T,G,0.5159,0.0169,0.05404,0.05428,FALSE,FALSE,FALSE,Pneumonia,6,32789739,0.0382,NA,0.6578,"Bacterial pneumonia, not elsewhere classified || id:finn-b-J10_PNEUMOBACTEROTH","Bacterial pneumonia, not elsewhere classified","Bacterial pneumonia, not elsewhere classified ||  || ",TRUE,igd,NA,6,0.0445,5.08E-31,32789739,Diabetes,Diabetes mellitus in pregnancy || id:finn-b-O15_PREG_DM,TRUE,reported,igd,2,1,TRUE
6,rs9275373,A,G,A,G,0.4303,0.0967,0.1217,0.1224,FALSE,FALSE,FALSE,Pneumonia,6,32668411,0.0263,NA,0.000239999,"Bacterial pneumonia, not elsewhere classified || id:finn-b-J10_PNEUMOBACTEROTH","Bacterial pneumonia, not elsewhere classified","Bacterial pneumonia, not elsewhere classified ||  || ",TRUE,igd,NA,6,0.0311,1.21E-43,32668411,Diabetes,Diabetes mellitus in pregnancy || id:finn-b-O15_PREG_DM,TRUE,reported,igd,2,1,TRUE
