,SNP,effect_allele.exposure,other_allele.exposure,effect_allele.outcome,other_allele.outcome,beta.exposure,beta.outcome,eaf.exposure,eaf.outcome,remove,palindromic,ambiguous,id.outcome,chr,pos,se.outcome,samplesize.outcome,pval.outcome,outcome,originalname.outcome,outcome.deprecated,mr_keep.outcome,data_source.outcome,se.exposure,samplesize.exposure,pval.exposure,pos.exposure,chr.exposure,id.exposure,exposure,mr_keep.exposure,pval_origin.exposure,data_source.exposure,action,SNP_index,mr_keep
1,rs10077431,A,C,A,C,-0.0487,-0.0081,0.214668,NA,FALSE,FALSE,FALSE,Heart failure,5,112927686,0.0095,977323,0.3941,Heart failure || id:ebi-a-GCST009541,Heart failure,Heart failure ||  || ,TRUE,igd,0.0089,62892,4.75E-08,112927686,5,Diabetes,Type 2 diabetes || id:ebi-a-GCST006867,TRUE,reported,igd,2,1,TRUE
2,rs10087241,A,G,A,G,-0.0475,-0.0103,0.594893,NA,FALSE,FALSE,FALSE,Heart failure,8,30863722,0.0079,977323,0.1915,Heart failure || id:ebi-a-GCST009541,Heart failure,Heart failure ||  || ,TRUE,igd,0.008,62892,2.80E-09,30863722,8,Diabetes,Type 2 diabetes || id:ebi-a-GCST006867,TRUE,reported,igd,2,1,TRUE
3,rs10100265,C,A,C,A,-0.0491,-0.0163,0.61049,NA,FALSE,FALSE,FALSE,Heart failure,8,10633159,0.0083,977323,0.0493003,Heart failure || id:ebi-a-GCST009541,Heart failure,Heart failure ||  || ,TRUE,igd,0.0079,62892,6.29E-10,10633159,8,Diabetes,Type 2 diabetes || id:ebi-a-GCST006867,TRUE,reported,igd,2,1,TRUE
4,rs10114341,C,T,C,T,-0.0409,0.0114,0.440754,NA,FALSE,FALSE,FALSE,Heart failure,9,96919182,0.0079,977323,0.1495,Heart failure || id:ebi-a-GCST009541,Heart failure,Heart failure ||  || ,TRUE,igd,0.0072,62892,1.15E-08,96919182,9,Diabetes,Type 2 diabetes || id:ebi-a-GCST006867,TRUE,reported,igd,2,1,TRUE
5,rs10401969,C,T,C,T,0.0921,-0.0449,0.0765858,NA,FALSE,FALSE,FALSE,Heart failure,19,19407718,0.0151,977323,0.002848,Heart failure || id:ebi-a-GCST009541,Heart failure,Heart failure ||  || ,TRUE,igd,0.0133,62892,4.13E-12,19407718,19,Diabetes,Type 2 diabetes || id:ebi-a-GCST006867,TRUE,reported,igd,2,1,TRUE
6,rs1050226,G,A,G,A,-0.0491,-0.0206,0.406792,NA,FALSE,FALSE,FALSE,Heart failure,6,7281654,0.0093,977323,0.0274802,Heart failure || id:ebi-a-GCST009541,Heart failure,Heart failure ||  || ,TRUE,igd,0.0074,62892,3.34E-11,7281654,6,Diabetes,Type 2 diabetes || id:ebi-a-GCST006867,TRUE,reported,igd,2,1,TRUE
7,rs1061813,A,G,A,G,-0.0429,-0.0091,0.537119,NA,FALSE,FALSE,FALSE,Heart failure,5,14847331,0.0079,977323,0.2459,Heart failure || id:ebi-a-GCST009541,Heart failure,Heart failure ||  || ,TRUE,igd,0.0073,62892,3.37E-09,14847331,5,Diabetes,Type 2 diabetes || id:ebi-a-GCST006867,TRUE,reported,igd,2,1,TRUE
8,rs1063355,G,T,G,T,0.0709,0.0054,0.602436,NA,FALSE,FALSE,FALSE,Heart failure,6,32627714,0.0083,977323,0.5165,Heart failure || id:ebi-a-GCST009541,Heart failure,Heart failure ||  || ,TRUE,igd,0.0079,62892,3.72E-19,32627714,6,Diabetes,Type 2 diabetes || id:ebi-a-GCST006867,TRUE,reported,igd,2,1,TRUE
9,rs10740322,A,G,A,G,0.0477,0.0096,0.687104,NA,FALSE,FALSE,FALSE,Heart failure,10,71485458,0.0085,977323,0.2563,Heart failure || id:ebi-a-GCST009541,Heart failure,Heart failure ||  || ,TRUE,igd,0.0085,62892,2.11E-08,71485458,10,Diabetes,Type 2 diabetes || id:ebi-a-GCST006867,TRUE,reported,igd,2,1,TRUE
10,rs10811661,C,T,C,T,-0.1569,0.0227,0.173605,NA,FALSE,FALSE,FALSE,Heart failure,9,22134094,0.0104,977323,0.0295597,Heart failure || id:ebi-a-GCST009541,Heart failure,Heart failure ||  || ,TRUE,igd,0.0098,62892,4.13E-58,22134094,9,Diabetes,Type 2 diabetes || id:ebi-a-GCST006867,TRUE,reported,igd,2,1,TRUE
11,rs10842994,T,C,T,C,-0.0755,-0.0073,0.197025,NA,FALSE,FALSE,FALSE,Heart failure,12,27965150,0.0101,977323,0.4685,Heart failure || id:ebi-a-GCST009541,Heart failure,Heart failure ||  || ,TRUE,igd,0.0091,62892,1.02E-16,27965150,12,Diabetes,Type 2 diabetes || id:ebi-a-GCST006867,TRUE,reported,igd,2,1,TRUE
12,rs10974438,C,A,C,A,0.0591,0.0083,0.351215,NA,FALSE,FALSE,FALSE,Heart failure,9,4291928,0.0083,977323,0.3204,Heart failure || id:ebi-a-GCST009541,Heart failure,Heart failure ||  || ,TRUE,igd,0.0075,62892,3.01E-15,4291928,9,Diabetes,Type 2 diabetes || id:ebi-a-GCST006867,TRUE,reported,igd,2,1,TRUE
13,rs11098676,C,T,C,T,0.054,0.0069,0.787639,NA,FALSE,FALSE,FALSE,Heart failure,4,123833154,0.0094,977323,0.4654,Heart failure || id:ebi-a-GCST009541,Heart failure,Heart failure ||  || ,TRUE,igd,0.0096,62892,2.03E-08,123833154,4,Diabetes,Type 2 diabetes || id:ebi-a-GCST006867,TRUE,reported,igd,2,1,TRUE
14,rs11107116,T,G,T,G,0.0467,0.0097,0.219714,NA,FALSE,FALSE,FALSE,Heart failure,12,93978504,0.0093,977323,0.2959,Heart failure || id:ebi-a-GCST009541,Heart failure,Heart failure ||  || ,TRUE,igd,0.0085,62892,3.75E-08,93978504,12,Diabetes,Type 2 diabetes || id:ebi-a-GCST006867,TRUE,reported,igd,2,1,TRUE
15,rs1111875,T,C,T,C,-0.0948,-0.0021,0.408262,NA,FALSE,FALSE,FALSE,Heart failure,10,94462882,0.0079,977323,0.7888,Heart failure || id:ebi-a-GCST009541,Heart failure,Heart failure ||  || ,TRUE,igd,0.0072,62892,3.61E-39,94462882,10,Diabetes,Type 2 diabetes || id:ebi-a-GCST006867,TRUE,reported,igd,2,1,TRUE
16,rs11257655,T,C,T,C,0.0737,0.0041,0.206773,NA,FALSE,FALSE,FALSE,Heart failure,10,12307894,0.0095,977323,0.670101,Heart failure || id:ebi-a-GCST009541,Heart failure,Heart failure ||  || ,TRUE,igd,0.0087,62892,1.97E-17,12307894,10,Diabetes,Type 2 diabetes || id:ebi-a-GCST006867,TRUE,reported,igd,2,1,TRUE
17,rs1127655,T,C,T,C,-0.0438,0.0068,0.529064,NA,FALSE,FALSE,FALSE,Heart failure,1,117530507,0.0079,977323,0.3916,Heart failure || id:ebi-a-GCST009541,Heart failure,Heart failure ||  || ,TRUE,igd,0.0079,62892,2.47E-08,117530507,1,Diabetes,Type 2 diabetes || id:ebi-a-GCST006867,TRUE,reported,igd,2,1,TRUE
18,rs11708067,G,A,G,A,-0.0965,0.0041,0.23899,NA,FALSE,FALSE,FALSE,Heart failure,3,123065778,0.0095,977323,0.6656,Heart failure || id:ebi-a-GCST009541,Heart failure,Heart failure ||  || ,TRUE,igd,0.0086,62892,5.93E-29,123065778,3,Diabetes,Type 2 diabetes || id:ebi-a-GCST006867,TRUE,reported,igd,2,1,TRUE
19,rs11925227,A,G,A,G,-0.0534,-0.009,0.183439,NA,FALSE,FALSE,FALSE,Heart failure,3,170766618,0.0104,977323,0.3854,Heart failure || id:ebi-a-GCST009541,Heart failure,Heart failure ||  || ,TRUE,igd,0.0095,62892,2.25E-08,170766618,3,Diabetes,Type 2 diabetes || id:ebi-a-GCST006867,TRUE,reported,igd,2,1,TRUE
20,rs11926707,C,T,C,T,0.0463,-2.00E-04,0.625556,NA,FALSE,FALSE,FALSE,Heart failure,3,46925539,0.0081,977323,0.9842,Heart failure || id:ebi-a-GCST009541,Heart failure,Heart failure ||  || ,TRUE,igd,0.0082,62892,1.69E-08,46925539,3,Diabetes,Type 2 diabetes || id:ebi-a-GCST006867,TRUE,reported,igd,2,1,TRUE
21,rs12088739,G,A,G,A,-0.0884,-0.0058,0.0898481,NA,FALSE,FALSE,FALSE,Heart failure,1,51506886,0.0135,977323,0.666699,Heart failure || id:ebi-a-GCST009541,Heart failure,Heart failure ||  || ,TRUE,igd,0.013,62892,9.79E-12,51506886,1,Diabetes,Type 2 diabetes || id:ebi-a-GCST006867,TRUE,reported,igd,2,1,TRUE
22,rs12299509,G,A,G,A,0.0467,-0.0114,0.478622,NA,FALSE,FALSE,FALSE,Heart failure,12,4406281,0.0083,977323,0.1703,Heart failure || id:ebi-a-GCST009541,Heart failure,Heart failure ||  || ,TRUE,igd,0.0073,62892,2.09E-10,4406281,12,Diabetes,Type 2 diabetes || id:ebi-a-GCST006867,TRUE,reported,igd,2,1,TRUE
23,rs12617659,T,C,T,C,-0.0685,0.0048,0.147238,NA,FALSE,FALSE,FALSE,Heart failure,2,121309759,0.0113,977323,0.670601,Heart failure || id:ebi-a-GCST009541,Heart failure,Heart failure ||  || ,TRUE,igd,0.0103,62892,2.83E-11,121309759,2,Diabetes,Type 2 diabetes || id:ebi-a-GCST006867,TRUE,reported,igd,2,1,TRUE
24,rs12910825,G,A,G,A,0.0517,0.0156,0.360391,NA,FALSE,FALSE,FALSE,Heart failure,15,91511260,0.0081,977323,0.0545695,Heart failure || id:ebi-a-GCST009541,Heart failure,Heart failure ||  || ,TRUE,igd,0.0074,62892,2.16E-12,91511260,15,Diabetes,Type 2 diabetes || id:ebi-a-GCST006867,TRUE,reported,igd,2,1,TRUE
25,rs12945601,C,T,C,T,-0.048,-0.0187,0.613603,NA,FALSE,FALSE,FALSE,Heart failure,17,17653411,0.008,977323,0.01862,Heart failure || id:ebi-a-GCST009541,Heart failure,Heart failure ||  || ,TRUE,igd,0.008,62892,1.72E-09,17653411,17,Diabetes,Type 2 diabetes || id:ebi-a-GCST006867,TRUE,reported,igd,2,1,TRUE
26,rs12970134,A,G,A,G,0.0555,0.0219,0.26512,NA,FALSE,FALSE,FALSE,Heart failure,18,57884750,0.0088,977323,0.0131999,Heart failure || id:ebi-a-GCST009541,Heart failure,Heart failure ||  || ,TRUE,igd,0.008,62892,5.31E-12,57884750,18,Diabetes,Type 2 diabetes || id:ebi-a-GCST006867,TRUE,reported,igd,2,1,TRUE
27,rs13239186,T,C,T,C,0.0539,0.01,0.302029,NA,FALSE,FALSE,FALSE,Heart failure,7,117510621,0.0084,977323,0.234,Heart failure || id:ebi-a-GCST009541,Heart failure,Heart failure ||  || ,TRUE,igd,0.0085,62892,2.70E-10,117510621,7,Diabetes,Type 2 diabetes || id:ebi-a-GCST006867,TRUE,reported,igd,2,1,TRUE
28,rs13330951,G,A,G,A,-0.0456,-0.031,0.488314,NA,FALSE,FALSE,FALSE,Heart failure,16,69563842,0.0079,977323,9.32E-05,Heart failure || id:ebi-a-GCST009541,Heart failure,Heart failure ||  || ,TRUE,igd,0.0081,62892,1.54E-08,69563842,16,Diabetes,Type 2 diabetes || id:ebi-a-GCST006867,TRUE,reported,igd,2,1,TRUE
29,rs13389219,T,C,T,C,-0.0722,-1.00E-04,0.394368,NA,FALSE,FALSE,FALSE,Heart failure,2,165528876,0.0081,977323,0.9893,Heart failure || id:ebi-a-GCST009541,Heart failure,Heart failure ||  || ,TRUE,igd,0.0074,62892,2.11E-22,165528876,2,Diabetes,Type 2 diabetes || id:ebi-a-GCST006867,TRUE,reported,igd,2,1,TRUE
30,rs1359790,A,G,A,G,-0.0796,-0.0032,0.2867,NA,FALSE,FALSE,FALSE,Heart failure,13,80717156,0.0088,977323,0.7124,Heart failure || id:ebi-a-GCST009541,Heart failure,Heart failure ||  || ,TRUE,igd,0.008,62892,2.80E-23,80717156,13,Diabetes,Type 2 diabetes || id:ebi-a-GCST006867,TRUE,reported,igd,2,1,TRUE
31,rs1496653,G,A,G,A,-0.0769,0.0103,0.204782,NA,FALSE,FALSE,FALSE,Heart failure,3,23454790,0.0096,977323,0.2838,Heart failure || id:ebi-a-GCST009541,Heart failure,Heart failure ||  || ,TRUE,igd,0.0088,62892,2.57E-18,23454790,3,Diabetes,Type 2 diabetes || id:ebi-a-GCST006867,TRUE,reported,igd,2,1,TRUE
32,rs1552224,C,A,C,A,-0.1034,0.0085,0.15421,NA,FALSE,FALSE,FALSE,Heart failure,11,72433098,0.0106,977323,0.4246,Heart failure || id:ebi-a-GCST009541,Heart failure,Heart failure ||  || ,TRUE,igd,0.0101,62892,8.64E-25,72433098,11,Diabetes,Type 2 diabetes || id:ebi-a-GCST006867,TRUE,reported,igd,2,1,TRUE
33,rs16988333,G,A,G,A,-0.0745,-0.0042,0.0904035,NA,FALSE,FALSE,FALSE,Heart failure,22,30552813,0.0139,977323,0.7627,Heart failure || id:ebi-a-GCST009541,Heart failure,Heart failure ||  || ,TRUE,igd,0.013,62892,9.17E-09,30552813,22,Diabetes,Type 2 diabetes || id:ebi-a-GCST006867,TRUE,reported,igd,2,1,TRUE
34,rs17086692,T,G,T,G,-0.0467,0.0038,0.313426,NA,FALSE,FALSE,FALSE,Heart failure,4,53134293,0.0084,977323,0.6524,Heart failure || id:ebi-a-GCST009541,Heart failure,Heart failure ||  || ,TRUE,igd,0.0084,62892,2.48E-08,53134293,4,Diabetes,Type 2 diabetes || id:ebi-a-GCST006867,TRUE,reported,igd,2,1,TRUE
35,rs17168486,T,C,T,C,0.0742,0.0129,0.173603,NA,FALSE,FALSE,FALSE,Heart failure,7,14898282,0.0101,977323,0.1991,Heart failure || id:ebi-a-GCST009541,Heart failure,Heart failure ||  || ,TRUE,igd,0.0094,62892,2.18E-15,14898282,7,Diabetes,Type 2 diabetes || id:ebi-a-GCST006867,TRUE,reported,igd,2,1,TRUE
36,rs17405722,A,G,A,G,0.087,0.0225,0.0741526,NA,FALSE,FALSE,FALSE,Heart failure,17,40542501,0.0145,977323,0.119,Heart failure || id:ebi-a-GCST009541,Heart failure,Heart failure ||  || ,TRUE,igd,0.0146,62892,2.28E-09,40542501,17,Diabetes,Type 2 diabetes || id:ebi-a-GCST006867,TRUE,reported,igd,2,1,TRUE
37,rs17631783,T,C,T,C,-0.0487,0.0093,0.26346,NA,FALSE,FALSE,FALSE,Heart failure,17,61687600,0.0103,977323,0.364,Heart failure || id:ebi-a-GCST009541,Heart failure,Heart failure ||  || ,TRUE,igd,0.0089,62892,3.95E-08,61687600,17,Diabetes,Type 2 diabetes || id:ebi-a-GCST006867,TRUE,reported,igd,2,1,TRUE
38,rs17791513,G,A,G,A,-0.1027,0.0329,0.0605985,NA,FALSE,FALSE,FALSE,Heart failure,9,81905590,0.0156,977323,0.0351901,Heart failure || id:ebi-a-GCST009541,Heart failure,Heart failure ||  || ,TRUE,igd,0.0148,62892,4.61E-12,81905590,9,Diabetes,Type 2 diabetes || id:ebi-a-GCST006867,TRUE,reported,igd,2,1,TRUE
39,rs1801214,T,C,T,C,0.0903,0.0196,0.599585,NA,FALSE,FALSE,FALSE,Heart failure,4,6303022,0.0081,977323,0.0151199,Heart failure || id:ebi-a-GCST009541,Heart failure,Heart failure ||  || ,TRUE,igd,0.0074,62892,5.52E-34,6303022,4,Diabetes,Type 2 diabetes || id:ebi-a-GCST006867,TRUE,reported,igd,2,1,TRUE
40,rs1899951,T,C,T,C,-0.1118,-0.0073,0.123288,NA,FALSE,FALSE,FALSE,Heart failure,3,12394840,0.0118,977323,0.539699,Heart failure || id:ebi-a-GCST009541,Heart failure,Heart failure ||  || ,TRUE,igd,0.0109,62892,1.64E-24,12394840,3,Diabetes,Type 2 diabetes || id:ebi-a-GCST006867,TRUE,reported,igd,2,1,TRUE
41,rs2237892,T,C,T,C,-0.096,-0.0047,0.0624896,NA,FALSE,FALSE,FALSE,Heart failure,11,2839751,0.016,977323,0.768,Heart failure || id:ebi-a-GCST009541,Heart failure,Heart failure ||  || ,TRUE,igd,0.0157,62892,8.75E-10,2839751,11,Diabetes,Type 2 diabetes || id:ebi-a-GCST006867,TRUE,reported,igd,2,1,TRUE
42,rs2246618,T,C,T,C,0.0513,-0.0079,0.307253,NA,FALSE,FALSE,FALSE,Heart failure,6,31478986,0.0089,977323,0.3702,Heart failure || id:ebi-a-GCST009541,Heart failure,Heart failure ||  || ,TRUE,igd,0.0084,62892,1.20E-09,31478986,6,Diabetes,Type 2 diabetes || id:ebi-a-GCST006867,TRUE,reported,igd,2,1,TRUE
43,rs2261181,T,C,T,C,0.0985,-0.0207,0.09647,NA,FALSE,FALSE,FALSE,Heart failure,12,66212318,0.0138,977323,0.1349,Heart failure || id:ebi-a-GCST009541,Heart failure,Heart failure ||  || ,TRUE,igd,0.0118,62892,9.18E-17,66212318,12,Diabetes,Type 2 diabetes || id:ebi-a-GCST006867,TRUE,reported,igd,2,1,TRUE
44,rs2294120,G,A,G,A,-0.0443,-0.0061,0.455879,NA,FALSE,FALSE,FALSE,Heart failure,8,146003567,0.0079,977323,0.4415,Heart failure || id:ebi-a-GCST009541,Heart failure,Heart failure ||  || ,TRUE,igd,0.0079,62892,1.62E-08,146003567,8,Diabetes,Type 2 diabetes || id:ebi-a-GCST006867,TRUE,reported,igd,2,1,TRUE
45,rs2296173,G,A,G,A,0.065,-0.0051,0.212011,NA,FALSE,FALSE,FALSE,Heart failure,1,39913351,0.0095,977323,0.5886,Heart failure || id:ebi-a-GCST009541,Heart failure,Heart failure ||  || ,TRUE,igd,0.0087,62892,7.66E-14,39913351,1,Diabetes,Type 2 diabetes || id:ebi-a-GCST006867,TRUE,reported,igd,2,1,TRUE
46,rs2299383,T,C,T,C,0.0412,0.0019,0.423455,NA,FALSE,FALSE,FALSE,Heart failure,7,103418846,0.0079,977323,0.8104,Heart failure || id:ebi-a-GCST009541,Heart failure,Heart failure ||  || ,TRUE,igd,0.0073,62892,1.49E-08,103418846,7,Diabetes,Type 2 diabetes || id:ebi-a-GCST006867,TRUE,reported,igd,2,1,TRUE
47,rs243019,C,T,C,T,0.0566,0.0036,0.455831,NA,FALSE,FALSE,FALSE,Heart failure,2,60585806,0.0079,977323,0.6455,Heart failure || id:ebi-a-GCST009541,Heart failure,Heart failure ||  || ,TRUE,igd,0.0071,62892,2.29E-15,60585806,2,Diabetes,Type 2 diabetes || id:ebi-a-GCST006867,TRUE,reported,igd,2,1,TRUE
48,rs2493394,G,A,G,A,0.073,0.0054,0.107338,NA,FALSE,FALSE,FALSE,Heart failure,1,120471224,0.0128,977323,0.6707,Heart failure || id:ebi-a-GCST009541,Heart failure,Heart failure ||  || ,TRUE,igd,0.0113,62892,1.15E-10,120471224,1,Diabetes,Type 2 diabetes || id:ebi-a-GCST006867,TRUE,reported,igd,2,1,TRUE
49,rs2796441,A,G,A,G,-0.0715,0.0109,0.416458,NA,FALSE,FALSE,FALSE,Heart failure,9,84308948,0.0081,977323,0.178,Heart failure || id:ebi-a-GCST009541,Heart failure,Heart failure ||  || ,TRUE,igd,0.0073,62892,1.96E-22,84308948,9,Diabetes,Type 2 diabetes || id:ebi-a-GCST006867,TRUE,reported,igd,2,1,TRUE
50,rs2820426,G,A,G,A,0.0521,0.005,0.610058,NA,FALSE,FALSE,FALSE,Heart failure,1,219660535,0.0081,977323,0.5365,Heart failure || id:ebi-a-GCST009541,Heart failure,Heart failure ||  || ,TRUE,igd,0.0073,62892,1.30E-12,219660535,1,Diabetes,Type 2 diabetes || id:ebi-a-GCST006867,TRUE,reported,igd,2,1,TRUE
51,rs2867125,C,T,C,T,0.0601,0.0326,0.827825,NA,FALSE,FALSE,FALSE,Heart failure,2,622827,0.0105,977323,0.00195101,Heart failure || id:ebi-a-GCST009541,Heart failure,Heart failure ||  || ,TRUE,igd,0.0096,62892,4.33E-10,622827,2,Diabetes,Type 2 diabetes || id:ebi-a-GCST006867,TRUE,reported,igd,2,1,TRUE
52,rs2908282,A,G,A,G,0.0552,0.022,0.177395,NA,FALSE,FALSE,FALSE,Heart failure,7,44248828,0.0106,977323,0.0380303,Heart failure || id:ebi-a-GCST009541,Heart failure,Heart failure ||  || ,TRUE,igd,0.0094,62892,4.25E-09,44248828,7,Diabetes,Type 2 diabetes || id:ebi-a-GCST006867,TRUE,reported,igd,2,1,TRUE
53,rs2925979,C,T,C,T,-0.0534,0.0083,0.70085,NA,FALSE,FALSE,FALSE,Heart failure,16,81534790,0.0086,977323,0.3334,Heart failure || id:ebi-a-GCST009541,Heart failure,Heart failure ||  || ,TRUE,igd,0.0078,62892,9.06E-12,81534790,16,Diabetes,Type 2 diabetes || id:ebi-a-GCST006867,TRUE,reported,igd,2,1,TRUE
54,rs2943656,G,A,G,A,0.0902,0.0051,0.635133,NA,FALSE,FALSE,FALSE,Heart failure,2,227121918,0.0081,977323,0.525,Heart failure || id:ebi-a-GCST009541,Heart failure,Heart failure ||  || ,TRUE,igd,0.0074,62892,6.70E-34,227121918,2,Diabetes,Type 2 diabetes || id:ebi-a-GCST006867,TRUE,reported,igd,2,1,TRUE
55,rs3217992,T,C,T,C,0.0527,0.038,0.369901,NA,FALSE,FALSE,FALSE,Heart failure,9,22003223,0.0082,977323,3.22E-06,Heart failure || id:ebi-a-GCST009541,Heart failure,Heart failure ||  || ,TRUE,igd,0.0073,62892,7.23E-13,22003223,9,Diabetes,Type 2 diabetes || id:ebi-a-GCST006867,TRUE,reported,igd,2,1,TRUE
56,rs340874,C,T,C,T,0.0626,0.0052,0.563904,NA,FALSE,FALSE,FALSE,Heart failure,1,214159256,0.008,977323,0.5111,Heart failure || id:ebi-a-GCST009541,Heart failure,Heart failure ||  || ,TRUE,igd,0.0073,62892,8.41E-18,214159256,1,Diabetes,Type 2 diabetes || id:ebi-a-GCST006867,TRUE,reported,igd,2,1,TRUE
57,rs348330,A,G,A,G,-0.0487,-0.014,0.633451,NA,FALSE,FALSE,FALSE,Heart failure,1,229672955,0.0083,977323,0.09244,Heart failure || id:ebi-a-GCST009541,Heart failure,Heart failure ||  || ,TRUE,igd,0.0081,62892,1.86E-09,229672955,1,Diabetes,Type 2 diabetes || id:ebi-a-GCST006867,TRUE,reported,igd,2,1,TRUE
58,rs3756784,G,T,G,T,0.0505,0.0053,0.185838,NA,FALSE,FALSE,FALSE,Heart failure,6,131950233,0.0098,977323,0.5923,Heart failure || id:ebi-a-GCST009541,Heart failure,Heart failure ||  || ,TRUE,igd,0.0091,62892,2.59E-08,131950233,6,Diabetes,Type 2 diabetes || id:ebi-a-GCST006867,TRUE,reported,igd,2,1,TRUE
59,rs3802177,A,G,A,G,-0.1217,-0.006,0.311281,NA,FALSE,FALSE,FALSE,Heart failure,8,118185025,0.0085,977323,0.478,Heart failure || id:ebi-a-GCST009541,Heart failure,Heart failure ||  || ,TRUE,igd,0.008,62892,2.32E-52,118185025,8,Diabetes,Type 2 diabetes || id:ebi-a-GCST006867,TRUE,reported,igd,2,1,TRUE
60,rs459193,G,A,G,A,0.0711,0.006,0.745338,NA,FALSE,FALSE,FALSE,Heart failure,5,55806751,0.009,977323,0.5086,Heart failure || id:ebi-a-GCST009541,Heart failure,Heart failure ||  || ,TRUE,igd,0.0083,62892,8.81E-18,55806751,5,Diabetes,Type 2 diabetes || id:ebi-a-GCST006867,TRUE,reported,igd,2,1,TRUE
61,rs4622883,G,A,G,A,-0.0435,0.0042,0.508544,NA,FALSE,FALSE,FALSE,Heart failure,3,152188290,0.0078,977323,0.5948,Heart failure || id:ebi-a-GCST009541,Heart failure,Heart failure ||  || ,TRUE,igd,0.0078,62892,3.02E-08,152188290,3,Diabetes,Type 2 diabetes || id:ebi-a-GCST006867,TRUE,reported,igd,2,1,TRUE
62,rs4686471,C,T,C,T,0.0534,0.0178,0.609775,NA,FALSE,FALSE,FALSE,Heart failure,3,187740899,0.008,977323,0.0266901,Heart failure || id:ebi-a-GCST009541,Heart failure,Heart failure ||  || ,TRUE,igd,0.0081,62892,4.28E-11,187740899,3,Diabetes,Type 2 diabetes || id:ebi-a-GCST006867,TRUE,reported,igd,2,1,TRUE
63,rs4812829,A,G,A,G,0.0532,0.0026,0.160871,NA,FALSE,FALSE,FALSE,Heart failure,20,42989267,0.0106,977323,0.8031,Heart failure || id:ebi-a-GCST009541,Heart failure,Heart failure ||  || ,TRUE,igd,0.0095,62892,2.44E-08,42989267,20,Diabetes,Type 2 diabetes || id:ebi-a-GCST006867,TRUE,reported,igd,2,1,TRUE
64,rs4823182,G,A,G,A,0.0482,-0.0091,0.335748,NA,FALSE,FALSE,FALSE,Heart failure,22,44377442,0.0083,977323,0.2741,Heart failure || id:ebi-a-GCST009541,Heart failure,Heart failure ||  || ,TRUE,igd,0.0077,62892,3.36E-10,44377442,22,Diabetes,Type 2 diabetes || id:ebi-a-GCST006867,TRUE,reported,igd,2,1,TRUE
65,rs4865796,A,G,A,G,0.053,-0.0147,0.69309,NA,FALSE,FALSE,FALSE,Heart failure,5,53272664,0.0084,977323,0.0816601,Heart failure || id:ebi-a-GCST009541,Heart failure,Heart failure ||  || ,TRUE,igd,0.0078,62892,1.33E-11,53272664,5,Diabetes,Type 2 diabetes || id:ebi-a-GCST006867,TRUE,reported,igd,2,1,TRUE
66,rs516946,C,T,C,T,0.0824,-0.0057,0.760633,NA,FALSE,FALSE,FALSE,Heart failure,8,41519248,0.0094,977323,0.543599,Heart failure || id:ebi-a-GCST009541,Heart failure,Heart failure ||  || ,TRUE,igd,0.0085,62892,3.16E-22,41519248,8,Diabetes,Type 2 diabetes || id:ebi-a-GCST006867,TRUE,reported,igd,2,1,TRUE
67,rs5215,T,C,T,C,-0.0678,-0.0123,0.639941,NA,FALSE,FALSE,FALSE,Heart failure,11,17408630,0.0081,977323,0.1303,Heart failure || id:ebi-a-GCST009541,Heart failure,Heart failure ||  || ,TRUE,igd,0.0073,62892,2.09E-20,17408630,11,Diabetes,Type 2 diabetes || id:ebi-a-GCST006867,TRUE,reported,igd,2,1,TRUE
68,rs576674,A,G,A,G,-0.0654,0.0111,0.832515,NA,FALSE,FALSE,FALSE,Heart failure,13,33554302,0.0106,977323,0.2949,Heart failure || id:ebi-a-GCST009541,Heart failure,Heart failure ||  || ,TRUE,igd,0.0097,62892,1.79E-11,33554302,13,Diabetes,Type 2 diabetes || id:ebi-a-GCST006867,TRUE,reported,igd,2,1,TRUE
69,rs6059662,G,A,G,A,0.0446,-0.0024,0.663176,NA,FALSE,FALSE,FALSE,Heart failure,20,32675727,0.0084,977323,0.779701,Heart failure || id:ebi-a-GCST009541,Heart failure,Heart failure ||  || ,TRUE,igd,0.0079,62892,1.51E-08,32675727,20,Diabetes,Type 2 diabetes || id:ebi-a-GCST006867,TRUE,reported,igd,2,1,TRUE
70,rs61953351,T,G,T,G,-0.07,-0.0095,0.249902,NA,FALSE,FALSE,FALSE,Heart failure,12,121456616,0.0089,977323,0.2832,Heart failure || id:ebi-a-GCST009541,Heart failure,Heart failure ||  || ,TRUE,igd,0.0091,62892,1.98E-14,121456616,12,Diabetes,Type 2 diabetes || id:ebi-a-GCST006867,TRUE,reported,igd,2,1,TRUE
71,rs622217,C,T,C,T,-0.0485,-0.0047,0.483932,NA,FALSE,FALSE,FALSE,Heart failure,6,160766770,0.0079,977323,0.5526,Heart failure || id:ebi-a-GCST009541,Heart failure,Heart failure ||  || ,TRUE,igd,0.0077,62892,3.13E-10,160766770,6,Diabetes,Type 2 diabetes || id:ebi-a-GCST006867,TRUE,reported,igd,2,1,TRUE
72,rs6515236,C,A,C,A,-0.0504,-0.0047,0.24933,NA,FALSE,FALSE,FALSE,Heart failure,20,22435749,0.009,977323,0.6017,Heart failure || id:ebi-a-GCST009541,Heart failure,Heart failure ||  || ,TRUE,igd,0.0091,62892,3.34E-08,22435749,20,Diabetes,Type 2 diabetes || id:ebi-a-GCST006867,TRUE,reported,igd,2,1,TRUE
73,rs67232546,T,C,T,C,0.0596,-0.0054,0.209222,NA,FALSE,FALSE,FALSE,Heart failure,11,128398938,0.0099,977323,0.5852,Heart failure || id:ebi-a-GCST009541,Heart failure,Heart failure ||  || ,TRUE,igd,0.0096,62892,4.66E-10,128398938,11,Diabetes,Type 2 diabetes || id:ebi-a-GCST006867,TRUE,reported,igd,2,1,TRUE
74,rs6767484,G,A,G,A,0.1209,0.0232,0.312261,NA,FALSE,FALSE,FALSE,Heart failure,3,185520578,0.0084,977323,0.00545896,Heart failure || id:ebi-a-GCST009541,Heart failure,Heart failure ||  || ,TRUE,igd,0.0076,62892,2.70E-56,185520578,3,Diabetes,Type 2 diabetes || id:ebi-a-GCST006867,TRUE,reported,igd,2,1,TRUE
75,rs6785040,C,T,C,T,-0.0633,-0.0059,0.15066,NA,FALSE,FALSE,FALSE,Heart failure,3,63897915,0.0124,977323,0.6373,Heart failure || id:ebi-a-GCST009541,Heart failure,Heart failure ||  || ,TRUE,igd,0.0111,62892,1.26E-08,63897915,3,Diabetes,Type 2 diabetes || id:ebi-a-GCST006867,TRUE,reported,igd,2,1,TRUE
76,rs6795735,T,C,T,C,-0.0558,-0.006,0.410912,NA,FALSE,FALSE,FALSE,Heart failure,3,64705365,0.008,977323,0.4577,Heart failure || id:ebi-a-GCST009541,Heart failure,Heart failure ||  || ,TRUE,igd,0.0073,62892,1.63E-14,64705365,3,Diabetes,Type 2 diabetes || id:ebi-a-GCST006867,TRUE,reported,igd,2,1,TRUE
77,rs6878122,A,G,A,G,-0.0564,-0.0153,0.681791,NA,FALSE,FALSE,FALSE,Heart failure,5,76427311,0.0087,977323,0.0778807,Heart failure || id:ebi-a-GCST009541,Heart failure,Heart failure ||  || ,TRUE,igd,0.0079,62892,1.19E-12,76427311,5,Diabetes,Type 2 diabetes || id:ebi-a-GCST006867,TRUE,reported,igd,2,1,TRUE
78,rs6960043,C,T,C,T,0.064,0.0056,0.521837,NA,FALSE,FALSE,FALSE,Heart failure,7,15052860,0.0079,977323,0.479001,Heart failure || id:ebi-a-GCST009541,Heart failure,Heart failure ||  || ,TRUE,igd,0.0071,62892,3.61E-19,15052860,7,Diabetes,Type 2 diabetes || id:ebi-a-GCST006867,TRUE,reported,igd,2,1,TRUE
79,rs7144011,T,G,T,G,0.0482,0.0194,0.221063,NA,FALSE,FALSE,FALSE,Heart failure,14,79940383,0.0094,977323,0.0384503,Heart failure || id:ebi-a-GCST009541,Heart failure,Heart failure ||  || ,TRUE,igd,0.0085,62892,1.64E-08,79940383,14,Diabetes,Type 2 diabetes || id:ebi-a-GCST006867,TRUE,reported,igd,2,1,TRUE
80,rs7177055,A,G,A,G,0.0647,0.0105,0.718289,NA,FALSE,FALSE,FALSE,Heart failure,15,77832762,0.0087,977323,0.23,Heart failure || id:ebi-a-GCST009541,Heart failure,Heart failure ||  || ,TRUE,igd,0.0079,62892,2.75E-16,77832762,15,Diabetes,Type 2 diabetes || id:ebi-a-GCST006867,TRUE,reported,igd,2,1,TRUE
81,rs7240767,C,T,C,T,0.0451,-0.0095,0.383677,NA,FALSE,FALSE,FALSE,Heart failure,18,7070642,0.0082,977323,0.2472,Heart failure || id:ebi-a-GCST009541,Heart failure,Heart failure ||  || ,TRUE,igd,0.0081,62892,2.16E-08,7070642,18,Diabetes,Type 2 diabetes || id:ebi-a-GCST006867,TRUE,reported,igd,2,1,TRUE
82,rs72892910,T,G,T,G,0.0648,0.0196,0.172394,NA,FALSE,FALSE,FALSE,Heart failure,6,50816887,0.0102,977323,0.0547596,Heart failure || id:ebi-a-GCST009541,Heart failure,Heart failure ||  || ,TRUE,igd,0.0099,62892,6.43E-11,50816887,6,Diabetes,Type 2 diabetes || id:ebi-a-GCST006867,TRUE,reported,igd,2,1,TRUE
83,rs735949,C,T,C,T,-0.0711,-0.0044,0.14115,NA,FALSE,FALSE,FALSE,Heart failure,4,185716232,0.0113,977323,0.698601,Heart failure || id:ebi-a-GCST009541,Heart failure,Heart failure ||  || ,TRUE,igd,0.0106,62892,1.95E-11,185716232,4,Diabetes,Type 2 diabetes || id:ebi-a-GCST006867,TRUE,reported,igd,2,1,TRUE
84,rs753270,C,T,C,T,0.0528,0.0062,0.583535,NA,FALSE,FALSE,FALSE,Heart failure,10,80964975,0.0079,977323,0.4332,Heart failure || id:ebi-a-GCST009541,Heart failure,Heart failure ||  || ,TRUE,igd,0.0079,62892,2.70E-11,80964975,10,Diabetes,Type 2 diabetes || id:ebi-a-GCST006867,TRUE,reported,igd,2,1,TRUE
85,rs7561798,G,A,G,A,0.04,0.0107,0.482171,NA,FALSE,FALSE,FALSE,Heart failure,2,228973660,0.008,977323,0.1787,Heart failure || id:ebi-a-GCST009541,Heart failure,Heart failure ||  || ,TRUE,igd,0.0072,62892,2.79E-08,228973660,2,Diabetes,Type 2 diabetes || id:ebi-a-GCST006867,TRUE,reported,igd,2,1,TRUE
86,rs7572970,G,A,G,A,0.059,0.0029,0.722047,NA,FALSE,FALSE,FALSE,Heart failure,2,161136656,0.0089,977323,0.7475,Heart failure || id:ebi-a-GCST009541,Heart failure,Heart failure ||  || ,TRUE,igd,0.0087,62892,1.39E-11,161136656,2,Diabetes,Type 2 diabetes || id:ebi-a-GCST006867,TRUE,reported,igd,2,1,TRUE
87,rs7607777,T,G,T,G,-0.137,0.0059,0.105906,NA,FALSE,FALSE,FALSE,Heart failure,2,43629931,0.0132,977323,0.656,Heart failure || id:ebi-a-GCST009541,Heart failure,Heart failure ||  || ,TRUE,igd,0.0125,62892,9.40E-28,43629931,2,Diabetes,Type 2 diabetes || id:ebi-a-GCST006867,TRUE,reported,igd,2,1,TRUE
88,rs7674212,T,G,T,G,-0.0465,0.0013,0.408864,NA,FALSE,FALSE,FALSE,Heart failure,4,103988899,0.0079,977323,0.8695,Heart failure || id:ebi-a-GCST009541,Heart failure,Heart failure ||  || ,TRUE,igd,0.0075,62892,6.18E-10,103988899,4,Diabetes,Type 2 diabetes || id:ebi-a-GCST006867,TRUE,reported,igd,2,1,TRUE
89,rs7685296,T,C,T,C,-0.0511,-0.007,0.279365,NA,FALSE,FALSE,FALSE,Heart failure,4,153254121,0.0088,977323,0.4236,Heart failure || id:ebi-a-GCST009541,Heart failure,Heart failure ||  || ,TRUE,igd,0.0081,62892,2.32E-10,153254121,4,Diabetes,Type 2 diabetes || id:ebi-a-GCST006867,TRUE,reported,igd,2,1,TRUE
90,rs7729395,T,C,T,C,0.1373,0.0198,0.0509409,NA,FALSE,FALSE,FALSE,Heart failure,5,102100576,0.019,977323,0.2968,Heart failure || id:ebi-a-GCST009541,Heart failure,Heart failure ||  || ,TRUE,igd,0.016,62892,1.10E-17,102100576,5,Diabetes,Type 2 diabetes || id:ebi-a-GCST006867,TRUE,reported,igd,2,1,TRUE
91,rs7756992,G,A,G,A,0.1297,7.00E-04,0.266896,NA,FALSE,FALSE,FALSE,Heart failure,6,20679709,0.0089,977323,0.9335,Heart failure || id:ebi-a-GCST009541,Heart failure,Heart failure ||  || ,TRUE,igd,0.0078,62892,6.00E-62,20679709,6,Diabetes,Type 2 diabetes || id:ebi-a-GCST006867,TRUE,reported,igd,2,1,TRUE
92,rs7786095,G,A,G,A,-0.0743,-0.0342,0.10386,NA,FALSE,FALSE,FALSE,Heart failure,7,156983847,0.0131,977323,0.00921807,Heart failure || id:ebi-a-GCST009541,Heart failure,Heart failure ||  || ,TRUE,igd,0.0129,62892,9.64E-09,156983847,7,Diabetes,Type 2 diabetes || id:ebi-a-GCST006867,TRUE,reported,igd,2,1,TRUE
93,rs780094,C,T,C,T,0.0692,-0.0085,0.612845,NA,FALSE,FALSE,FALSE,Heart failure,2,27741237,0.0081,977323,0.2905,Heart failure || id:ebi-a-GCST009541,Heart failure,Heart failure ||  || ,TRUE,igd,0.0074,62892,5.16E-21,27741237,2,Diabetes,Type 2 diabetes || id:ebi-a-GCST006867,TRUE,reported,igd,2,1,TRUE
94,rs7845219,C,T,C,T,-0.0422,-0.0077,0.492786,NA,FALSE,FALSE,FALSE,Heart failure,8,95937502,0.0079,977323,0.3295,Heart failure || id:ebi-a-GCST009541,Heart failure,Heart failure ||  || ,TRUE,igd,0.0072,62892,4.54E-09,95937502,8,Diabetes,Type 2 diabetes || id:ebi-a-GCST006867,TRUE,reported,igd,2,1,TRUE
95,rs7903146,T,C,T,C,0.3059,0.0033,0.291585,NA,FALSE,FALSE,FALSE,Heart failure,10,114758349,0.0088,977323,0.702499,Heart failure || id:ebi-a-GCST009541,Heart failure,Heart failure ||  || ,TRUE,igd,0.0077,62892,1.00E-200,114758349,10,Diabetes,Type 2 diabetes || id:ebi-a-GCST006867,TRUE,reported,igd,2,1,TRUE
96,rs7929543,C,A,C,A,0.0828,0.0452,0.0831599,NA,FALSE,FALSE,FALSE,Heart failure,11,49351026,0.0138,977323,0.001071,Heart failure || id:ebi-a-GCST009541,Heart failure,Heart failure ||  || ,TRUE,igd,0.0138,62892,2.20E-09,49351026,11,Diabetes,Type 2 diabetes || id:ebi-a-GCST006867,TRUE,reported,igd,2,1,TRUE
97,rs7955901,T,C,T,C,-0.0444,-0.0061,0.556668,NA,FALSE,FALSE,FALSE,Heart failure,12,71433293,0.0078,977323,0.4365,Heart failure || id:ebi-a-GCST009541,Heart failure,Heart failure ||  || ,TRUE,igd,0.0072,62892,7.16E-10,71433293,12,Diabetes,Type 2 diabetes || id:ebi-a-GCST006867,TRUE,reported,igd,2,1,TRUE
98,rs8068804,A,G,A,G,0.0587,0.0058,0.325097,NA,FALSE,FALSE,FALSE,Heart failure,17,3985864,0.0085,977323,0.4978,Heart failure || id:ebi-a-GCST009541,Heart failure,Heart failure ||  || ,TRUE,igd,0.0078,62892,4.41E-14,3985864,17,Diabetes,Type 2 diabetes || id:ebi-a-GCST006867,TRUE,reported,igd,2,1,TRUE
99,rs8108269,G,T,G,T,0.0644,-0.0243,0.281015,NA,FALSE,FALSE,FALSE,Heart failure,19,46158513,0.0087,977323,0.00501903,Heart failure || id:ebi-a-GCST009541,Heart failure,Heart failure ||  || ,TRUE,igd,0.0079,62892,3.11E-16,46158513,19,Diabetes,Type 2 diabetes || id:ebi-a-GCST006867,TRUE,reported,igd,2,1,TRUE
100,rs825476,T,C,T,C,0.0524,-0.0065,0.580549,NA,FALSE,FALSE,FALSE,Heart failure,12,124568456,0.008,977323,0.4154,Heart failure || id:ebi-a-GCST009541,Heart failure,Heart failure ||  || ,TRUE,igd,0.0073,62892,6.80E-13,124568456,12,Diabetes,Type 2 diabetes || id:ebi-a-GCST006867,TRUE,reported,igd,2,1,TRUE
101,rs840967,A,C,A,C,-0.0497,-8.00E-04,0.605922,NA,FALSE,FALSE,FALSE,Heart failure,2,65701757,0.008,977323,0.9238,Heart failure || id:ebi-a-GCST009541,Heart failure,Heart failure ||  || ,TRUE,igd,0.008,62892,5.44E-10,65701757,2,Diabetes,Type 2 diabetes || id:ebi-a-GCST006867,TRUE,reported,igd,2,1,TRUE
102,rs849135,A,G,A,G,-0.0999,0.01,0.499052,NA,FALSE,FALSE,FALSE,Heart failure,7,28196413,0.0078,977323,0.2003,Heart failure || id:ebi-a-GCST009541,Heart failure,Heart failure ||  || ,TRUE,igd,0.0072,62892,1.04E-43,28196413,7,Diabetes,Type 2 diabetes || id:ebi-a-GCST006867,TRUE,reported,igd,2,1,TRUE
103,rs853974,C,T,C,T,-0.0601,0.0223,0.737586,NA,FALSE,FALSE,FALSE,Heart failure,6,127068983,0.0089,977323,0.0126,Heart failure || id:ebi-a-GCST009541,Heart failure,Heart failure ||  || ,TRUE,igd,0.0088,62892,7.86E-12,127068983,6,Diabetes,Type 2 diabetes || id:ebi-a-GCST006867,TRUE,reported,igd,2,1,TRUE
104,rs9369425,A,G,A,G,-0.0546,-0.0042,0.708185,NA,FALSE,FALSE,FALSE,Heart failure,6,43810974,0.0086,977323,0.6281,Heart failure || id:ebi-a-GCST009541,Heart failure,Heart failure ||  || ,TRUE,igd,0.0085,62892,1.13E-10,43810974,6,Diabetes,Type 2 diabetes || id:ebi-a-GCST006867,TRUE,reported,igd,2,1,TRUE
105,rs9894220,G,A,G,A,-0.0585,-0.0208,0.43374,NA,FALSE,FALSE,FALSE,Heart failure,17,46989154,0.0079,977323,0.00830807,Heart failure || id:ebi-a-GCST009541,Heart failure,Heart failure ||  || ,TRUE,igd,0.0079,62892,1.52E-13,46989154,17,Diabetes,Type 2 diabetes || id:ebi-a-GCST006867,TRUE,reported,igd,2,1,TRUE
106,rs9928094,G,A,G,A,0.1045,0.0428,0.42602,NA,FALSE,FALSE,FALSE,Heart failure,16,53799905,0.0079,977323,5.20E-08,Heart failure || id:ebi-a-GCST009541,Heart failure,Heart failure ||  || ,TRUE,igd,0.0072,62892,3.59E-47,53799905,16,Diabetes,Type 2 diabetes || id:ebi-a-GCST006867,TRUE,reported,igd,2,1,TRUE
107,rs993380,G,A,G,A,-0.0507,-0.0108,0.66555,NA,FALSE,FALSE,FALSE,Heart failure,4,83584496,0.0084,977323,0.194,Heart failure || id:ebi-a-GCST009541,Heart failure,Heart failure ||  || ,TRUE,igd,0.0081,62892,4.59E-10,83584496,4,Diabetes,Type 2 diabetes || id:ebi-a-GCST006867,TRUE,reported,igd,2,1,TRUE
108,rs9940149,A,G,A,G,-0.058,-2.00E-04,0.178556,NA,FALSE,FALSE,FALSE,Heart failure,16,300641,0.0106,977323,0.9872,Heart failure || id:ebi-a-GCST009541,Heart failure,Heart failure ||  || ,TRUE,igd,0.0095,62892,9.29E-10,300641,16,Diabetes,Type 2 diabetes || id:ebi-a-GCST006867,TRUE,reported,igd,2,1,TRUE
