,SNP,effect_allele.exposure,other_allele.exposure,effect_allele.outcome,other_allele.outcome,beta.exposure,beta.outcome,eaf.exposure,eaf.outcome,remove,palindromic,ambiguous,id.outcome,chr,pos,se.outcome,samplesize.outcome,pval.outcome,outcome,originalname.outcome,outcome.deprecated,mr_keep.outcome,data_source.outcome,chr.exposure,pos.exposure,se.exposure,pval.exposure,samplesize.exposure,id.exposure,exposure,mr_keep.exposure,pval_origin.exposure,data_source.exposure,action,SNP_index,mr_keep
1,rs10184004,T,C,T,C,-0.00444314,-9.66E-05,0.40787,0.407063,FALSE,FALSE,FALSE,Coronary heart disease,2,165508389,0.000392337,361194,0.805584,Major coronary heart disease event || id:ukb-d-I9_CHD,Major coronary heart disease event,Major coronary heart disease event ||  || ,TRUE,igd,2,165508389,0.000443483,3.70E-23,484598,Diabetes,Diabetes || id:ebi-a-GCST90038633,TRUE,reported,igd,2,1,TRUE
2,rs10748582,A,T,A,T,-0.00575289,-0.00111171,0.379862,0.380341,FALSE,TRUE,FALSE,Coronary heart disease,10,94477219,0.000397269,361194,0.0051363,Major coronary heart disease event || id:ukb-d-I9_CHD,Major coronary heart disease event,Major coronary heart disease event ||  || ,TRUE,igd,10,94477219,0.000449558,4.40E-38,484598,Diabetes,Diabetes || id:ebi-a-GCST90038633,TRUE,reported,igd,2,1,TRUE
3,rs10811660,A,G,A,G,-0.00715209,-0.000698098,0.171579,0.173251,FALSE,FALSE,FALSE,Coronary heart disease,9,22134068,0.000509229,361194,0.170409,Major coronary heart disease event || id:ukb-d-I9_CHD,Major coronary heart disease event,Major coronary heart disease event ||  || ,TRUE,igd,9,22134068,0.000575204,9.40E-36,484598,Diabetes,Diabetes || id:ebi-a-GCST90038633,TRUE,reported,igd,2,1,TRUE
4,rs10830963,G,C,G,C,0.00381206,-0.000194353,0.273982,0.275054,FALSE,TRUE,FALSE,Coronary heart disease,11,92708710,0.000430797,361194,0.651884,Major coronary heart disease event || id:ukb-d-I9_CHD,Major coronary heart disease event,Major coronary heart disease event ||  || ,TRUE,igd,11,92708710,0.000486295,1.40E-15,484598,Diabetes,Diabetes || id:ebi-a-GCST90038633,TRUE,reported,igd,2,1,TRUE
5,rs10974438,C,A,C,A,0.00300568,-0.000711339,0.348993,0.349724,FALSE,FALSE,FALSE,Coronary heart disease,9,4291928,0.00040416,361194,0.0784007,Major coronary heart disease event || id:ukb-d-I9_CHD,Major coronary heart disease event,Major coronary heart disease event ||  || ,TRUE,igd,9,4291928,0.000455617,3.70E-11,484598,Diabetes,Diabetes || id:ebi-a-GCST90038633,TRUE,reported,igd,2,1,TRUE
6,rs113851927,GT,G,GT,G,0.00574653,0.000401882,0.323239,0.312103,FALSE,FALSE,FALSE,Coronary heart disease,3,185537636,0.000418665,361194,0.337099,Major coronary heart disease event || id:ukb-d-I9_CHD,Major coronary heart disease event,Major coronary heart disease event ||  || ,TRUE,igd,3,185537636,0.000470811,5.70E-35,484598,Diabetes,Diabetes || id:ebi-a-GCST90038633,TRUE,reported,igd,2,1,TRUE
7,rs116782923,T,A,T,A,0.00809742,-0.000431443,0.050647,0.0538539,FALSE,TRUE,FALSE,Coronary heart disease,5,102331465,0.000856165,361194,0.614313,Major coronary heart disease event || id:ukb-d-I9_CHD,Major coronary heart disease event,Major coronary heart disease event ||  || ,TRUE,igd,5,102331465,0.000990865,3.90E-16,484598,Diabetes,Diabetes || id:ebi-a-GCST90038633,TRUE,reported,igd,2,1,TRUE
8,rs11708067,G,A,G,A,-0.00475631,-0.000273787,0.238862,0.245439,FALSE,FALSE,FALSE,Coronary heart disease,3,123065778,0.000447838,361194,0.540967,Major coronary heart disease event || id:ukb-d-I9_CHD,Major coronary heart disease event,Major coronary heart disease event ||  || ,TRUE,igd,3,123065778,0.00050841,5.50E-21,484598,Diabetes,Diabetes || id:ebi-a-GCST90038633,TRUE,reported,igd,2,1,TRUE
9,rs11759026,G,A,G,A,0.00420727,-0.000517463,0.228945,0.227368,FALSE,FALSE,FALSE,Coronary heart disease,6,126792095,0.000461535,361194,0.262213,Major coronary heart disease event || id:ukb-d-I9_CHD,Major coronary heart disease event,Major coronary heart disease event ||  || ,TRUE,igd,6,126792095,0.000519052,4.40E-16,484598,Diabetes,Diabetes || id:ebi-a-GCST90038633,TRUE,reported,igd,2,1,TRUE
10,rs12231806,T,C,T,C,0.00345505,0.000368615,0.138193,0.139329,FALSE,FALSE,FALSE,Coronary heart disease,12,121462157,0.000557657,361194,0.508609,Major coronary heart disease event || id:ukb-d-I9_CHD,Major coronary heart disease event,Major coronary heart disease event ||  || ,TRUE,igd,12,121462157,0.000629792,2.50E-08,484598,Diabetes,Diabetes || id:ebi-a-GCST90038633,TRUE,reported,igd,2,1,TRUE
11,rs12454712,C,T,C,T,-0.00282517,-7.73E-05,0.377737,0.376554,FALSE,FALSE,FALSE,Coronary heart disease,18,60845884,0.000397495,361194,0.845777,Major coronary heart disease event || id:ukb-d-I9_CHD,Major coronary heart disease event,Major coronary heart disease event ||  || ,TRUE,igd,18,60845884,0.000447453,2.30E-10,484598,Diabetes,Diabetes || id:ebi-a-GCST90038633,TRUE,reported,igd,2,1,TRUE
12,rs12780155,A,T,A,T,0.00416546,0.00121895,0.201224,0.19978,FALSE,TRUE,FALSE,Coronary heart disease,10,12261852,0.000482569,361194,0.0115385,Major coronary heart disease event || id:ukb-d-I9_CHD,Major coronary heart disease event,Major coronary heart disease event ||  || ,TRUE,igd,10,12261852,0.000541209,1.50E-14,484598,Diabetes,Diabetes || id:ebi-a-GCST90038633,TRUE,reported,igd,2,1,TRUE
13,rs13064760,T,C,T,C,-0.00569093,0.00101366,0.115882,0.1191,FALSE,FALSE,FALSE,Coronary heart disease,3,12369401,0.000594146,361194,0.0879954,Major coronary heart disease event || id:ukb-d-I9_CHD,Major coronary heart disease event,Major coronary heart disease event ||  || ,TRUE,igd,3,12369401,0.000676436,9.90E-18,484598,Diabetes,Diabetes || id:ebi-a-GCST90038633,TRUE,reported,igd,2,1,TRUE
14,rs1333045,C,T,C,T,0.00265068,0.00494332,0.51538,0.515263,FALSE,FALSE,FALSE,Coronary heart disease,9,22119195,0.000386232,361194,1.70E-37,Major coronary heart disease event || id:ukb-d-I9_CHD,Major coronary heart disease event,Major coronary heart disease event ||  || ,TRUE,igd,9,22119195,0.000434368,6.20E-10,484598,Diabetes,Diabetes || id:ebi-a-GCST90038633,TRUE,reported,igd,2,1,TRUE
15,rs1359790,A,G,A,G,-0.00431343,-0.000365621,0.281339,0.289241,FALSE,FALSE,FALSE,Coronary heart disease,13,80717156,0.000425088,361194,0.389731,Major coronary heart disease event || id:ukb-d-I9_CHD,Major coronary heart disease event,Major coronary heart disease event ||  || ,TRUE,igd,13,80717156,0.000482779,7.10E-19,484598,Diabetes,Diabetes || id:ebi-a-GCST90038633,TRUE,reported,igd,2,1,TRUE
16,rs144100339,CG,C,CG,C,-0.0029082,-0.0010875,0.232173,0.233355,FALSE,FALSE,FALSE,Coronary heart disease,20,62434922,0.000457411,361194,0.0174309,Major coronary heart disease event || id:ukb-d-I9_CHD,Major coronary heart disease event,Major coronary heart disease event ||  || ,TRUE,igd,20,62434922,0.000515276,1.60E-08,484598,Diabetes,Diabetes || id:ebi-a-GCST90038633,TRUE,reported,igd,2,1,TRUE
17,rs1531583,T,G,T,G,0.0063584,0.000184233,0.044852,0.038883,FALSE,FALSE,FALSE,Coronary heart disease,4,744972,0.000998126,361194,0.853559,Major coronary heart disease event || id:ukb-d-I9_CHD,Major coronary heart disease event,Major coronary heart disease event ||  || ,TRUE,igd,4,744972,0.001067,1.50E-09,484598,Diabetes,Diabetes || id:ebi-a-GCST90038633,TRUE,reported,igd,2,1,TRUE
18,rs1664781,A,G,A,G,0.00289037,0.000501646,0.697381,0.693097,FALSE,FALSE,FALSE,Coronary heart disease,5,53276301,0.000417725,361194,0.229791,Major coronary heart disease event || id:ukb-d-I9_CHD,Major coronary heart disease event,Major coronary heart disease event ||  || ,TRUE,igd,5,53276301,0.000471773,6.10E-10,484598,Diabetes,Diabetes || id:ebi-a-GCST90038633,TRUE,reported,igd,2,1,TRUE
19,rs17168486,T,C,T,C,0.00332316,0.000989976,0.176251,0.173517,FALSE,FALSE,FALSE,Coronary heart disease,7,14898282,0.000511082,361194,0.0527436,Major coronary heart disease event || id:ukb-d-I9_CHD,Major coronary heart disease event,Major coronary heart disease event ||  || ,TRUE,igd,7,14898282,0.00057375,5.30E-09,484598,Diabetes,Diabetes || id:ebi-a-GCST90038633,TRUE,reported,igd,2,1,TRUE
20,rs17513135,T,C,T,C,0.00290973,0.000396256,0.219862,0.227566,FALSE,FALSE,FALSE,Coronary heart disease,1,40035686,0.000459885,361194,0.388885,Major coronary heart disease event || id:ukb-d-I9_CHD,Major coronary heart disease event,Major coronary heart disease event ||  || ,TRUE,igd,1,40035686,0.000524591,3.00E-08,484598,Diabetes,Diabetes || id:ebi-a-GCST90038633,TRUE,reported,igd,2,1,TRUE
21,rs1800961,T,C,T,C,0.00910872,-0.000185019,0.030327,0.0314845,FALSE,FALSE,FALSE,Coronary heart disease,20,43042364,0.00110304,361194,0.866792,Major coronary heart disease event || id:ukb-d-I9_CHD,Major coronary heart disease event,Major coronary heart disease event ||  || ,TRUE,igd,20,43042364,0.00126181,4.30E-13,484598,Diabetes,Diabetes || id:ebi-a-GCST90038633,TRUE,reported,igd,2,1,TRUE
22,rs1801645,T,C,T,C,-0.00284847,-0.00038184,0.737252,0.740904,FALSE,FALSE,FALSE,Coronary heart disease,22,50356850,0.000439629,361194,0.385094,Major coronary heart disease event || id:ukb-d-I9_CHD,Major coronary heart disease event,Major coronary heart disease event ||  || ,TRUE,igd,22,50356850,0.000492844,8.60E-09,484598,Diabetes,Diabetes || id:ebi-a-GCST90038633,TRUE,reported,igd,2,1,TRUE
23,rs197475,A,G,A,G,0.00254255,-0.000455038,0.642373,0.633405,FALSE,FALSE,FALSE,Coronary heart disease,6,143075829,0.000400446,361194,0.255821,Major coronary heart disease event || id:ukb-d-I9_CHD,Major coronary heart disease event,Major coronary heart disease event ||  || ,TRUE,igd,6,143075829,0.00045429,1.70E-08,484598,Diabetes,Diabetes || id:ebi-a-GCST90038633,TRUE,reported,igd,2,1,TRUE
24,rs200015011,CTCG,C,CTCG,C,-0.00318056,-0.000344129,0.484001,0.495705,FALSE,FALSE,FALSE,Coronary heart disease,7,130426554,0.00038961,361194,0.377093,Major coronary heart disease event || id:ukb-d-I9_CHD,Major coronary heart disease event,Major coronary heart disease event ||  || ,TRUE,igd,7,130426554,0.000440704,5.30E-13,484598,Diabetes,Diabetes || id:ebi-a-GCST90038633,TRUE,reported,igd,2,1,TRUE
25,rs2237895,C,A,C,A,0.00471014,0.000597006,0.410499,0.415176,FALSE,FALSE,FALSE,Coronary heart disease,11,2857194,0.000390194,361194,0.126012,Major coronary heart disease event || id:ukb-d-I9_CHD,Major coronary heart disease event,Major coronary heart disease event ||  || ,TRUE,igd,11,2857194,0.000440104,7.90E-27,484598,Diabetes,Diabetes || id:ebi-a-GCST90038633,TRUE,reported,igd,2,1,TRUE
26,rs2258238,T,A,T,A,0.00510868,0.000219684,0.112479,0.104916,FALSE,TRUE,FALSE,Coronary heart disease,12,66221060,0.000630848,361194,0.727664,Major coronary heart disease event || id:ukb-d-I9_CHD,Major coronary heart disease event,Major coronary heart disease event ||  || ,TRUE,igd,12,66221060,0.000692224,1.30E-13,484598,Diabetes,Diabetes || id:ebi-a-GCST90038633,TRUE,reported,igd,2,1,TRUE
27,rs231361,A,G,A,G,0.00373582,-0.000853374,0.259318,0.251023,FALSE,FALSE,FALSE,Coronary heart disease,11,2691500,0.000444945,361194,0.0551201,Major coronary heart disease event || id:ukb-d-I9_CHD,Major coronary heart disease event,Major coronary heart disease event ||  || ,TRUE,igd,11,2691500,0.000498293,4.30E-14,484598,Diabetes,Diabetes || id:ebi-a-GCST90038633,TRUE,reported,igd,2,1,TRUE
28,rs2422133,G,A,G,A,-0.00282339,-0.000353147,0.398134,0.392361,FALSE,FALSE,FALSE,Coronary heart disease,3,170663148,0.000395104,361194,0.371425,Major coronary heart disease event || id:ukb-d-I9_CHD,Major coronary heart disease event,Major coronary heart disease event ||  || ,TRUE,igd,3,170663148,0.000443851,2.80E-10,484598,Diabetes,Diabetes || id:ebi-a-GCST90038633,TRUE,reported,igd,2,1,TRUE
29,rs2796441,A,G,A,G,-0.00373401,-7.64E-05,0.414886,0.419927,FALSE,FALSE,FALSE,Coronary heart disease,9,84308948,0.000389548,361194,0.844611,Major coronary heart disease event || id:ukb-d-I9_CHD,Major coronary heart disease event,Major coronary heart disease event ||  || ,TRUE,igd,9,84308948,0.00043997,2.30E-17,484598,Diabetes,Diabetes || id:ebi-a-GCST90038633,TRUE,reported,igd,2,1,TRUE
30,rs2820465,T,G,T,G,0.00246256,0.00113252,0.591259,0.593193,FALSE,FALSE,FALSE,Coronary heart disease,1,219675209,0.000391691,361194,0.00383601,Major coronary heart disease event || id:ukb-d-I9_CHD,Major coronary heart disease event,Major coronary heart disease event ||  || ,TRUE,igd,1,219675209,0.000440976,1.40E-08,484598,Diabetes,Diabetes || id:ebi-a-GCST90038633,TRUE,reported,igd,2,1,TRUE
31,rs2972144,G,A,G,A,0.00437469,0.000542867,0.653029,0.647164,FALSE,FALSE,FALSE,Coronary heart disease,2,227101411,0.000402983,361194,0.177941,Major coronary heart disease event || id:ukb-d-I9_CHD,Major coronary heart disease event,Major coronary heart disease event ||  || ,TRUE,igd,2,227101411,0.000455048,3.30E-22,484598,Diabetes,Diabetes || id:ebi-a-GCST90038633,TRUE,reported,igd,2,1,TRUE
32,rs34204798,CG,C,CG,C,-0.00366499,-0.000271095,0.452278,0.459576,FALSE,FALSE,FALSE,Coronary heart disease,10,80951130,0.000387836,361194,0.484557,Major coronary heart disease event || id:ukb-d-I9_CHD,Major coronary heart disease event,Major coronary heart disease event ||  || ,TRUE,igd,10,80951130,0.000437155,3.40E-17,484598,Diabetes,Diabetes || id:ebi-a-GCST90038633,TRUE,reported,igd,2,1,TRUE
33,rs34715063,C,T,C,T,0.00461637,-0.000731272,0.125235,0.129635,FALSE,FALSE,FALSE,Coronary heart disease,15,38873115,0.000576601,361194,0.204711,Major coronary heart disease event || id:ukb-d-I9_CHD,Major coronary heart disease event,Major coronary heart disease event ||  || ,TRUE,igd,15,38873115,0.000658778,3.40E-12,484598,Diabetes,Diabetes || id:ebi-a-GCST90038633,TRUE,reported,igd,2,1,TRUE
34,rs34907036,TGAA,T,TGAA,T,-0.00374702,-0.000663206,0.147567,0.149136,FALSE,FALSE,FALSE,Coronary heart disease,2,121310024,0.000542756,361194,0.221738,Major coronary heart disease event || id:ukb-d-I9_CHD,Major coronary heart disease event,Major coronary heart disease event ||  || ,TRUE,igd,2,121310024,0.000612501,1.60E-09,484598,Diabetes,Diabetes || id:ebi-a-GCST90038633,TRUE,reported,igd,2,1,TRUE
35,rs35350651,AC,A,AC,A,-0.00266582,-0.00233251,0.522336,0.503996,FALSE,FALSE,FALSE,Coronary heart disease,12,111907431,0.000385406,361194,1.43E-09,Major coronary heart disease event || id:ukb-d-I9_CHD,Major coronary heart disease event,Major coronary heart disease event ||  || ,TRUE,igd,12,111907431,0.000440758,7.60E-10,484598,Diabetes,Diabetes || id:ebi-a-GCST90038633,TRUE,reported,igd,2,1,TRUE
36,rs35352848,C,T,C,T,-0.00395399,0.000812441,0.20735,0.204437,FALSE,FALSE,FALSE,Coronary heart disease,3,23455582,0.000477467,361194,0.0888383,Major coronary heart disease event || id:ukb-d-I9_CHD,Major coronary heart disease event,Major coronary heart disease event ||  || ,TRUE,igd,3,23455582,0.000534556,7.30E-14,484598,Diabetes,Diabetes || id:ebi-a-GCST90038633,TRUE,reported,igd,2,1,TRUE
37,rs35845603,G,A,G,A,0.00363068,0.000284074,0.349548,0.339484,FALSE,FALSE,FALSE,Coronary heart disease,19,46160458,0.00040709,361194,0.485293,Major coronary heart disease event || id:ukb-d-I9_CHD,Major coronary heart disease event,Major coronary heart disease event ||  || ,TRUE,igd,19,46160458,0.00045588,2.20E-15,484598,Diabetes,Diabetes || id:ebi-a-GCST90038633,TRUE,reported,igd,2,1,TRUE
38,rs35994107,ATG,A,ATG,A,0.0044055,0.000432415,0.64818,0.639199,FALSE,FALSE,FALSE,Coronary heart disease,4,6301275,0.000402154,361194,0.282264,Major coronary heart disease event || id:ukb-d-I9_CHD,Major coronary heart disease event,Major coronary heart disease event ||  || ,TRUE,igd,4,6301275,0.000455635,1.40E-22,484598,Diabetes,Diabetes || id:ebi-a-GCST90038633,TRUE,reported,igd,2,1,TRUE
39,rs3802177,A,G,A,G,-0.00491333,-0.000523487,0.30471,0.311005,FALSE,FALSE,FALSE,Coronary heart disease,8,118185025,0.000416551,361194,0.208857,Major coronary heart disease event || id:ukb-d-I9_CHD,Major coronary heart disease event,Major coronary heart disease event ||  || ,TRUE,igd,8,118185025,0.000472284,1.90E-25,484598,Diabetes,Diabetes || id:ebi-a-GCST90038633,TRUE,reported,igd,2,1,TRUE
40,rs3837148,AG,A,AG,A,-0.00265551,1.70E-05,0.354165,0.347366,FALSE,FALSE,FALSE,Coronary heart disease,7,156989448,0.000404878,361194,0.966576,Major coronary heart disease event || id:ukb-d-I9_CHD,Major coronary heart disease event,Major coronary heart disease event ||  || ,TRUE,igd,7,156989448,0.000454682,8.10E-09,484598,Diabetes,Diabetes || id:ebi-a-GCST90038633,TRUE,reported,igd,2,1,TRUE
41,rs3959569,C,G,C,G,0.00251341,0.000181622,0.327519,0.335151,FALSE,TRUE,FALSE,Coronary heart disease,15,42115747,0.000408141,361194,0.656321,Major coronary heart disease event || id:ukb-d-I9_CHD,Major coronary heart disease event,Major coronary heart disease event ||  || ,TRUE,igd,15,42115747,0.00046303,3.70E-08,484598,Diabetes,Diabetes || id:ebi-a-GCST90038633,TRUE,reported,igd,2,1,TRUE
42,rs467022,T,C,T,C,0.003692,0.00101881,0.729431,0.745494,FALSE,FALSE,FALSE,Coronary heart disease,5,55805639,0.000465299,361194,0.0285555,Major coronary heart disease event || id:ukb-d-I9_CHD,Major coronary heart disease event,Major coronary heart disease event ||  || ,TRUE,igd,5,55805639,0.000495835,8.90E-14,484598,Diabetes,Diabetes || id:ebi-a-GCST90038633,TRUE,reported,igd,2,1,TRUE
43,rs4686471,C,T,C,T,0.00294909,0.00071253,0.617005,0.609323,FALSE,FALSE,FALSE,Coronary heart disease,3,187740899,0.000396544,361194,0.0723602,Major coronary heart disease event || id:ukb-d-I9_CHD,Major coronary heart disease event,Major coronary heart disease event ||  || ,TRUE,igd,3,187740899,0.000448727,1.80E-11,484598,Diabetes,Diabetes || id:ebi-a-GCST90038633,TRUE,reported,igd,2,1,TRUE
44,rs4805881,C,A,C,A,-0.00261934,-0.0011379,0.662233,0.665616,FALSE,FALSE,FALSE,Coronary heart disease,19,33896432,0.000408599,361194,0.00535501,Major coronary heart disease event || id:ukb-d-I9_CHD,Major coronary heart disease event,Major coronary heart disease event ||  || ,TRUE,igd,19,33896432,0.000460312,1.50E-08,484598,Diabetes,Diabetes || id:ebi-a-GCST90038633,TRUE,reported,igd,2,1,TRUE
45,rs4886876,T,C,T,C,0.00309022,0.00068666,0.735562,0.749735,FALSE,FALSE,FALSE,Coronary heart disease,15,77838491,0.000444883,361194,0.12272,Major coronary heart disease event || id:ukb-d-I9_CHD,Major coronary heart disease event,Major coronary heart disease event ||  || ,TRUE,igd,15,77838491,0.000495584,4.20E-10,484598,Diabetes,Diabetes || id:ebi-a-GCST90038633,TRUE,reported,igd,2,1,TRUE
46,rs508419,G,A,G,A,0.00404875,-0.000218036,0.758126,0.758569,FALSE,FALSE,FALSE,Coronary heart disease,8,41522991,0.000450744,361194,0.628581,Major coronary heart disease event || id:ukb-d-I9_CHD,Major coronary heart disease event,Major coronary heart disease event ||  || ,TRUE,igd,8,41522991,0.000506367,1.50E-15,484598,Diabetes,Diabetes || id:ebi-a-GCST90038633,TRUE,reported,igd,2,1,TRUE
47,rs5213,T,C,T,C,-0.00377271,1.63E-05,0.657898,0.651865,FALSE,FALSE,FALSE,Coronary heart disease,11,17408404,0.000405319,361194,0.967995,Major coronary heart disease event || id:ukb-d-I9_CHD,Major coronary heart disease event,Major coronary heart disease event ||  || ,TRUE,igd,11,17408404,0.000458928,8.70E-17,484598,Diabetes,Diabetes || id:ebi-a-GCST90038633,TRUE,reported,igd,2,1,TRUE
48,rs58602428,A,G,A,G,0.00349383,0.00123785,0.717849,0.714096,FALSE,FALSE,FALSE,Coronary heart disease,9,139246739,0.000434299,361194,0.00436918,Major coronary heart disease event || id:ukb-d-I9_CHD,Major coronary heart disease event,Major coronary heart disease event ||  || ,TRUE,igd,9,139246739,0.000490347,2.10E-12,484598,Diabetes,Diabetes || id:ebi-a-GCST90038633,TRUE,reported,igd,2,1,TRUE
49,rs62286986,C,G,C,G,0.00316303,-1.80E-05,0.179146,0.18622,FALSE,TRUE,FALSE,Coronary heart disease,4,1786135,0.000497742,361194,0.97111,Major coronary heart disease event || id:ukb-d-I9_CHD,Major coronary heart disease event,Major coronary heart disease event ||  || ,TRUE,igd,4,1786135,0.000569454,2.10E-08,484598,Diabetes,Diabetes || id:ebi-a-GCST90038633,TRUE,reported,igd,2,1,TRUE
50,rs62530366,G,A,G,A,0.00254951,1.63E-05,0.381113,0.384885,FALSE,FALSE,FALSE,Coronary heart disease,8,145536056,0.000398382,361194,0.96739,Major coronary heart disease event || id:ukb-d-I9_CHD,Major coronary heart disease event,Major coronary heart disease event ||  || ,TRUE,igd,8,145536056,0.000450339,2.30E-08,484598,Diabetes,Diabetes || id:ebi-a-GCST90038633,TRUE,reported,igd,2,1,TRUE
51,rs6662160,T,C,T,C,-0.00420486,-0.000771848,0.09183,0.0906947,FALSE,FALSE,FALSE,Coronary heart disease,1,51531838,0.000672823,361194,0.251309,Major coronary heart disease event || id:ukb-d-I9_CHD,Major coronary heart disease event,Major coronary heart disease event ||  || ,TRUE,igd,1,51531838,0.000753467,1.30E-08,484598,Diabetes,Diabetes || id:ebi-a-GCST90038633,TRUE,reported,igd,2,1,TRUE
52,rs6679677,A,C,A,C,0.00440178,0.0020337,0.096716,0.102468,FALSE,FALSE,FALSE,Coronary heart disease,1,114303808,0.00063443,361194,0.00134812,Major coronary heart disease event || id:ukb-d-I9_CHD,Major coronary heart disease event,Major coronary heart disease event ||  || ,TRUE,igd,1,114303808,0.000732853,3.40E-09,484598,Diabetes,Diabetes || id:ebi-a-GCST90038633,TRUE,reported,igd,2,1,TRUE
53,rs67131976,T,C,T,C,0.00755405,0.000387244,0.175434,0.172343,FALSE,FALSE,FALSE,Coronary heart disease,6,20686878,0.000509736,361194,0.447437,Major coronary heart disease event || id:ukb-d-I9_CHD,Major coronary heart disease event,Major coronary heart disease event ||  || ,TRUE,igd,6,20686878,0.000569347,4.90E-41,484598,Diabetes,Diabetes || id:ebi-a-GCST90038633,TRUE,reported,igd,2,1,TRUE
54,rs67861508,G,A,G,A,-0.00307473,0.0004997,0.336339,0.342456,FALSE,FALSE,FALSE,Coronary heart disease,8,95742295,0.000407222,361194,0.219788,Major coronary heart disease event || id:ukb-d-I9_CHD,Major coronary heart disease event,Major coronary heart disease event ||  || ,TRUE,igd,8,95742295,0.000460472,1.30E-11,484598,Diabetes,Diabetes || id:ebi-a-GCST90038633,TRUE,reported,igd,2,1,TRUE
55,rs6837269,A,G,A,G,-0.00265538,0.000226748,0.304854,0.289522,FALSE,FALSE,FALSE,Coronary heart disease,4,153519112,0.000430884,361194,0.598723,Major coronary heart disease event || id:ukb-d-I9_CHD,Major coronary heart disease event,Major coronary heart disease event ||  || ,TRUE,igd,4,153519112,0.000483378,3.70E-08,484598,Diabetes,Diabetes || id:ebi-a-GCST90038633,TRUE,reported,igd,2,1,TRUE
56,rs6885132,G,C,G,C,-0.00467634,-0.000539798,0.105854,0.0998964,FALSE,TRUE,FALSE,Coronary heart disease,5,14768092,0.000652853,361194,0.408334,Major coronary heart disease event || id:ukb-d-I9_CHD,Major coronary heart disease event,Major coronary heart disease event ||  || ,TRUE,igd,5,14768092,0.000720538,6.40E-11,484598,Diabetes,Diabetes || id:ebi-a-GCST90038633,TRUE,reported,igd,2,1,TRUE
57,rs6905288,A,G,A,G,0.00273093,0.00133858,0.573,0.567349,FALSE,FALSE,FALSE,Coronary heart disease,6,43758873,0.000388999,361194,0.000579469,Major coronary heart disease event || id:ukb-d-I9_CHD,Major coronary heart disease event,Major coronary heart disease event ||  || ,TRUE,igd,6,43758873,0.000438603,2.70E-10,484598,Diabetes,Diabetes || id:ebi-a-GCST90038633,TRUE,reported,igd,2,1,TRUE
58,rs6947830,A,G,A,G,0.00354337,0.000404032,0.553019,0.548916,FALSE,FALSE,FALSE,Coronary heart disease,7,15064984,0.000386963,361194,0.296434,Major coronary heart disease event || id:ukb-d-I9_CHD,Major coronary heart disease event,Major coronary heart disease event ||  || ,TRUE,igd,7,15064984,0.0004355,4.10E-16,484598,Diabetes,Diabetes || id:ebi-a-GCST90038633,TRUE,reported,igd,2,1,TRUE
59,rs7183842,A,G,A,G,-0.00338121,-0.000287557,0.720672,0.721361,FALSE,FALSE,FALSE,Coronary heart disease,15,90400030,0.000430957,361194,0.504611,Major coronary heart disease event || id:ukb-d-I9_CHD,Major coronary heart disease event,Major coronary heart disease event ||  || ,TRUE,igd,15,90400030,0.000483995,4.30E-12,484598,Diabetes,Diabetes || id:ebi-a-GCST90038633,TRUE,reported,igd,2,1,TRUE
60,rs72631105,A,G,A,G,0.00322174,8.80E-05,0.186473,0.184624,FALSE,FALSE,FALSE,Coronary heart disease,10,122915345,0.000496307,361194,0.859209,Major coronary heart disease event || id:ukb-d-I9_CHD,Major coronary heart disease event,Major coronary heart disease event ||  || ,TRUE,igd,10,122915345,0.00055791,5.80E-09,484598,Diabetes,Diabetes || id:ebi-a-GCST90038633,TRUE,reported,igd,2,1,TRUE
61,rs72802342,A,C,A,C,-0.00659109,-0.00160211,0.075124,0.0771732,FALSE,FALSE,FALSE,Coronary heart disease,16,75234872,0.000733197,361194,0.0288822,Major coronary heart disease event || id:ukb-d-I9_CHD,Major coronary heart disease event,Major coronary heart disease event ||  || ,TRUE,igd,16,75234872,0.000836838,3.40E-15,484598,Diabetes,Diabetes || id:ebi-a-GCST90038633,TRUE,reported,igd,2,1,TRUE
62,rs73410774,T,G,T,G,0.011904,-0.0010822,0.031173,0.0315468,FALSE,FALSE,FALSE,Coronary heart disease,6,32789739,0.00110202,361194,0.326092,Major coronary heart disease event || id:ukb-d-I9_CHD,Major coronary heart disease event,Major coronary heart disease event ||  || ,TRUE,igd,6,32789739,0.00124471,5.70E-22,484598,Diabetes,Diabetes || id:ebi-a-GCST90038633,TRUE,reported,igd,2,2,TRUE
63,rs7501939,C,T,C,T,-0.00412288,3.97E-06,0.602026,0.602325,FALSE,FALSE,FALSE,Coronary heart disease,17,36101156,0.000393808,361194,0.991966,Major coronary heart disease event || id:ukb-d-I9_CHD,Major coronary heart disease event,Major coronary heart disease event ||  || ,TRUE,igd,17,36101156,0.000442731,8.00E-21,484598,Diabetes,Diabetes || id:ebi-a-GCST90038633,TRUE,reported,igd,2,1,TRUE
64,rs7531962,A,G,A,G,0.00401019,-0.00108866,0.10273,0.0949486,FALSE,FALSE,FALSE,Coronary heart disease,1,146746023,0.000656814,361194,0.0974227,Major coronary heart disease event || id:ukb-d-I9_CHD,Major coronary heart disease event,Major coronary heart disease event ||  || ,TRUE,igd,1,146746023,0.000718715,2.90E-08,484598,Diabetes,Diabetes || id:ebi-a-GCST90038633,TRUE,reported,igd,2,1,TRUE
65,rs76675804,C,T,C,T,-0.00583301,0.00129908,0.09718,0.100772,FALSE,FALSE,FALSE,Coronary heart disease,2,43611883,0.000641226,361194,0.042772,Major coronary heart disease event || id:ukb-d-I9_CHD,Major coronary heart disease event,Major coronary heart disease event ||  || ,TRUE,igd,2,43611883,0.000732526,1.40E-15,484598,Diabetes,Diabetes || id:ebi-a-GCST90038633,TRUE,reported,igd,2,1,TRUE
66,rs76895963,G,T,G,T,-0.0213571,-0.00159307,0.020229,0.0210203,FALSE,FALSE,FALSE,Coronary heart disease,12,4384844,0.00148146,361194,0.282225,Major coronary heart disease event || id:ukb-d-I9_CHD,Major coronary heart disease event,Major coronary heart disease event ||  || ,TRUE,igd,12,4384844,0.00170423,2.80E-37,484598,Diabetes,Diabetes || id:ebi-a-GCST90038633,TRUE,reported,igd,2,1,TRUE
67,rs77464186,C,A,C,A,-0.00596951,-0.000111286,0.15355,0.157407,FALSE,FALSE,FALSE,Coronary heart disease,11,72460398,0.000528696,361194,0.833285,Major coronary heart disease event || id:ukb-d-I9_CHD,Major coronary heart disease event,Major coronary heart disease event ||  || ,TRUE,igd,11,72460398,0.000600884,1.30E-22,484598,Diabetes,Diabetes || id:ebi-a-GCST90038633,TRUE,reported,igd,2,1,TRUE
68,rs780094,C,T,C,T,0.00318888,-0.000432762,0.621356,0.618225,FALSE,FALSE,FALSE,Coronary heart disease,2,27741237,0.000396344,361194,0.274885,Major coronary heart disease event || id:ukb-d-I9_CHD,Major coronary heart disease event,Major coronary heart disease event ||  || ,TRUE,igd,2,27741237,0.000447467,1.40E-12,484598,Diabetes,Diabetes || id:ebi-a-GCST90038633,TRUE,reported,igd,2,1,TRUE
69,rs7903146,T,C,T,C,0.0160448,0.00110039,0.289723,0.290309,FALSE,FALSE,FALSE,Coronary heart disease,10,114758349,0.000424077,361194,0.0094652,Major coronary heart disease event || id:ukb-d-I9_CHD,Major coronary heart disease event,Major coronary heart disease event ||  || ,TRUE,igd,10,114758349,0.00047701,1.00E-200,484598,Diabetes,Diabetes || id:ebi-a-GCST90038633,TRUE,reported,igd,2,1,TRUE
70,rs79687284,C,G,C,G,0.00947691,-0.000592327,0.033543,0.0347843,FALSE,TRUE,FALSE,Coronary heart disease,1,214150821,0.00105185,361194,0.573348,Major coronary heart disease event || id:ukb-d-I9_CHD,Major coronary heart disease event,Major coronary heart disease event ||  || ,TRUE,igd,1,214150821,0.00120406,2.20E-15,484598,Diabetes,Diabetes || id:ebi-a-GCST90038633,TRUE,reported,igd,2,1,TRUE
71,rs8017808,T,G,T,G,-0.00306446,-0.000394772,0.252957,0.245452,FALSE,FALSE,FALSE,Coronary heart disease,14,38848419,0.000450795,361194,0.381181,Major coronary heart disease event || id:ukb-d-I9_CHD,Major coronary heart disease event,Major coronary heart disease event ||  || ,TRUE,igd,14,38848419,0.000504127,8.90E-10,484598,Diabetes,Diabetes || id:ebi-a-GCST90038633,TRUE,reported,igd,2,1,TRUE
72,rs8107974,T,A,T,A,0.00501059,-0.000924282,0.078268,0.0763517,FALSE,TRUE,FALSE,Coronary heart disease,19,19388500,0.00072668,361194,0.203401,Major coronary heart disease event || id:ukb-d-I9_CHD,Major coronary heart disease event,Major coronary heart disease event ||  || ,TRUE,igd,19,19388500,0.00080904,7.10E-10,484598,Diabetes,Diabetes || id:ebi-a-GCST90038633,TRUE,reported,igd,2,1,TRUE
73,rs849135,A,G,A,G,-0.00436883,-6.22E-05,0.488576,0.501382,FALSE,FALSE,FALSE,Coronary heart disease,7,28196413,0.000385529,361194,0.871893,Major coronary heart disease event || id:ukb-d-I9_CHD,Major coronary heart disease event,Major coronary heart disease event ||  || ,TRUE,igd,7,28196413,0.000435781,1.70E-23,484598,Diabetes,Diabetes || id:ebi-a-GCST90038633,TRUE,reported,igd,2,1,TRUE
74,rs9274619,A,G,A,G,0.0125542,0.00094938,0.086646,0.0878876,FALSE,FALSE,FALSE,Coronary heart disease,6,32635954,0.000699131,361194,0.174483,Major coronary heart disease event || id:ukb-d-I9_CHD,Major coronary heart disease event,Major coronary heart disease event ||  || ,TRUE,igd,6,32635954,0.000790029,1.40E-57,484598,Diabetes,Diabetes || id:ebi-a-GCST90038633,TRUE,reported,igd,2,1,TRUE
75,rs9379084,A,G,A,G,-0.00624007,0.000574932,0.113709,0.115389,FALSE,FALSE,FALSE,Coronary heart disease,6,7231843,0.000621353,361194,0.354816,Major coronary heart disease event || id:ukb-d-I9_CHD,Major coronary heart disease event,Major coronary heart disease event ||  || ,TRUE,igd,6,7231843,0.000703625,3.30E-19,484598,Diabetes,Diabetes || id:ebi-a-GCST90038633,TRUE,reported,igd,2,1,TRUE
76,rs9931702,T,C,T,C,-0.0025772,-0.00029867,0.462938,0.454458,FALSE,FALSE,FALSE,Coronary heart disease,16,53526551,0.000388217,361194,0.441692,Major coronary heart disease event || id:ukb-d-I9_CHD,Major coronary heart disease event,Major coronary heart disease event ||  || ,TRUE,igd,16,53526551,0.000438903,2.50E-09,484598,Diabetes,Diabetes || id:ebi-a-GCST90038633,TRUE,reported,igd,2,1,TRUE
