,SNP,effect_allele.exposure,other_allele.exposure,effect_allele.outcome,other_allele.outcome,beta.exposure,beta.outcome,eaf.exposure,eaf.outcome,remove,palindromic,ambiguous,id.outcome,chr,pos,se.outcome,samplesize.outcome,pval.outcome,outcome,originalname.outcome,outcome.deprecated,mr_keep.outcome,data_source.outcome,se.exposure,samplesize.exposure,pval.exposure,pos.exposure,chr.exposure,id.exposure,exposure,mr_keep.exposure,pval_origin.exposure,data_source.exposure,action,SNP_index,mr_keep
1,rs10077431,A,C,A,C,-0.0487,0.0026,0.214668,0.167595,FALSE,FALSE,FALSE,Hyperthyroidism,5,112927686,0.029,460499,0.9291,Hyperthyroidism || id:ebi-a-GCST90018860,Hyperthyroidism,Hyperthyroidism ||  || ,TRUE,igd,0.0089,62892,4.75E-08,112927686,5,Diabetes,Type 2 diabetes || id:ebi-a-GCST006867,TRUE,reported,igd,2,1,TRUE
2,rs10087241,A,G,A,G,-0.0475,6.00E-04,0.594893,0.694841,FALSE,FALSE,FALSE,Hyperthyroidism,8,30863722,0.024,460499,0.981,Hyperthyroidism || id:ebi-a-GCST90018860,Hyperthyroidism,Hyperthyroidism ||  || ,TRUE,igd,0.008,62892,2.80E-09,30863722,8,Diabetes,Type 2 diabetes || id:ebi-a-GCST006867,TRUE,reported,igd,2,1,TRUE
3,rs10100265,C,A,C,A,-0.0491,-0.0233,0.61049,0.522251,FALSE,FALSE,FALSE,Hyperthyroidism,8,10633159,0.022,460499,0.2894,Hyperthyroidism || id:ebi-a-GCST90018860,Hyperthyroidism,Hyperthyroidism ||  || ,TRUE,igd,0.0079,62892,6.29E-10,10633159,8,Diabetes,Type 2 diabetes || id:ebi-a-GCST006867,TRUE,reported,igd,2,1,TRUE
4,rs10114341,C,T,C,T,-0.0409,0.0189,0.440754,0.360544,FALSE,FALSE,FALSE,Hyperthyroidism,9,96919182,0.0227,460499,0.4037,Hyperthyroidism || id:ebi-a-GCST90018860,Hyperthyroidism,Hyperthyroidism ||  || ,TRUE,igd,0.0072,62892,1.15E-08,96919182,9,Diabetes,Type 2 diabetes || id:ebi-a-GCST006867,TRUE,reported,igd,2,1,TRUE
5,rs10401969,C,T,C,T,0.0921,-0.0883,0.0765858,0.0804704,FALSE,FALSE,FALSE,Hyperthyroidism,19,19407718,0.0399,460499,0.02688,Hyperthyroidism || id:ebi-a-GCST90018860,Hyperthyroidism,Hyperthyroidism ||  || ,TRUE,igd,0.0133,62892,4.13E-12,19407718,19,Diabetes,Type 2 diabetes || id:ebi-a-GCST006867,TRUE,reported,igd,2,1,TRUE
6,rs1050226,G,A,G,A,-0.0491,0.0256,0.406792,0.405257,FALSE,FALSE,FALSE,Hyperthyroidism,6,7281654,0.0218,460499,0.239,Hyperthyroidism || id:ebi-a-GCST90018860,Hyperthyroidism,Hyperthyroidism ||  || ,TRUE,igd,0.0074,62892,3.34E-11,7281654,6,Diabetes,Type 2 diabetes || id:ebi-a-GCST006867,TRUE,reported,igd,2,1,TRUE
7,rs1061813,A,G,A,G,-0.0429,0.0245,0.537119,0.653979,FALSE,FALSE,FALSE,Hyperthyroidism,5,14847331,0.0235,460499,0.2969,Hyperthyroidism || id:ebi-a-GCST90018860,Hyperthyroidism,Hyperthyroidism ||  || ,TRUE,igd,0.0073,62892,3.37E-09,14847331,5,Diabetes,Type 2 diabetes || id:ebi-a-GCST006867,TRUE,reported,igd,2,1,TRUE
8,rs1063355,G,T,G,T,0.0709,0.2182,0.602436,0.57521,FALSE,FALSE,FALSE,Hyperthyroidism,6,32627714,0.0236,460499,2.48E-20,Hyperthyroidism || id:ebi-a-GCST90018860,Hyperthyroidism,Hyperthyroidism ||  || ,TRUE,igd,0.0079,62892,3.72E-19,32627714,6,Diabetes,Type 2 diabetes || id:ebi-a-GCST006867,TRUE,reported,igd,2,1,TRUE
9,rs10740322,A,G,A,G,0.0477,0.0087,0.687104,0.711281,FALSE,FALSE,FALSE,Hyperthyroidism,10,71485458,0.0237,460499,0.713801,Hyperthyroidism || id:ebi-a-GCST90018860,Hyperthyroidism,Hyperthyroidism ||  || ,TRUE,igd,0.0085,62892,2.11E-08,71485458,10,Diabetes,Type 2 diabetes || id:ebi-a-GCST006867,TRUE,reported,igd,2,1,TRUE
10,rs10811661,C,T,C,T,-0.1569,0.0039,0.173605,0.239313,FALSE,FALSE,FALSE,Hyperthyroidism,9,22134094,0.0267,460499,0.8849,Hyperthyroidism || id:ebi-a-GCST90018860,Hyperthyroidism,Hyperthyroidism ||  || ,TRUE,igd,0.0098,62892,4.13E-58,22134094,9,Diabetes,Type 2 diabetes || id:ebi-a-GCST006867,TRUE,reported,igd,2,1,TRUE
11,rs10830963,G,C,G,C,0.0909,0.0347,0.275768,0.330209,FALSE,TRUE,FALSE,Hyperthyroidism,11,92708710,0.0227,460499,0.127,Hyperthyroidism || id:ebi-a-GCST90018860,Hyperthyroidism,Hyperthyroidism ||  || ,TRUE,igd,0.008,62892,5.85E-30,92708710,11,Diabetes,Type 2 diabetes || id:ebi-a-GCST006867,TRUE,reported,igd,2,1,TRUE
12,rs10842994,T,C,T,C,-0.0755,-0.0341,0.197025,0.189617,FALSE,FALSE,FALSE,Hyperthyroidism,12,27965150,0.0273,460499,0.2117,Hyperthyroidism || id:ebi-a-GCST90018860,Hyperthyroidism,Hyperthyroidism ||  || ,TRUE,igd,0.0091,62892,1.02E-16,27965150,12,Diabetes,Type 2 diabetes || id:ebi-a-GCST006867,TRUE,reported,igd,2,1,TRUE
13,rs10974438,C,A,C,A,0.0591,-0.0075,0.351215,0.358944,FALSE,FALSE,FALSE,Hyperthyroidism,9,4291928,0.0222,460499,0.7373,Hyperthyroidism || id:ebi-a-GCST90018860,Hyperthyroidism,Hyperthyroidism ||  || ,TRUE,igd,0.0075,62892,3.01E-15,4291928,9,Diabetes,Type 2 diabetes || id:ebi-a-GCST006867,TRUE,reported,igd,2,1,TRUE
14,rs11098676,C,T,C,T,0.054,-0.0123,0.787639,0.839763,FALSE,FALSE,FALSE,Hyperthyroidism,4,123833154,0.0293,460499,0.6734,Hyperthyroidism || id:ebi-a-GCST90018860,Hyperthyroidism,Hyperthyroidism ||  || ,TRUE,igd,0.0096,62892,2.03E-08,123833154,4,Diabetes,Type 2 diabetes || id:ebi-a-GCST006867,TRUE,reported,igd,2,1,TRUE
15,rs11107116,T,G,T,G,0.0467,0.0014,0.219714,0.246982,FALSE,FALSE,FALSE,Hyperthyroidism,12,93978504,0.0247,460499,0.9562,Hyperthyroidism || id:ebi-a-GCST90018860,Hyperthyroidism,Hyperthyroidism ||  || ,TRUE,igd,0.0085,62892,3.75E-08,93978504,12,Diabetes,Type 2 diabetes || id:ebi-a-GCST006867,TRUE,reported,igd,2,1,TRUE
16,rs1111875,T,C,T,C,-0.0948,0.0328,0.408262,0.504188,FALSE,FALSE,FALSE,Hyperthyroidism,10,94462882,0.0219,460499,0.1347,Hyperthyroidism || id:ebi-a-GCST90018860,Hyperthyroidism,Hyperthyroidism ||  || ,TRUE,igd,0.0072,62892,3.61E-39,94462882,10,Diabetes,Type 2 diabetes || id:ebi-a-GCST006867,TRUE,reported,igd,2,1,TRUE
17,rs11257655,T,C,T,C,0.0737,0.0488,0.206773,0.283186,FALSE,FALSE,FALSE,Hyperthyroidism,10,12307894,0.0245,460499,0.0468198,Hyperthyroidism || id:ebi-a-GCST90018860,Hyperthyroidism,Hyperthyroidism ||  || ,TRUE,igd,0.0087,62892,1.97E-17,12307894,10,Diabetes,Type 2 diabetes || id:ebi-a-GCST006867,TRUE,reported,igd,2,1,TRUE
18,rs1127655,T,C,T,C,-0.0438,0.0142,0.529064,0.558449,FALSE,FALSE,FALSE,Hyperthyroidism,1,117530507,0.0215,460499,0.5106,Hyperthyroidism || id:ebi-a-GCST90018860,Hyperthyroidism,Hyperthyroidism ||  || ,TRUE,igd,0.0079,62892,2.47E-08,117530507,1,Diabetes,Type 2 diabetes || id:ebi-a-GCST006867,TRUE,reported,igd,2,1,TRUE
19,rs11708067,G,A,G,A,-0.0965,0.0133,0.23899,0.163827,FALSE,FALSE,FALSE,Hyperthyroidism,3,123065778,0.0298,460499,0.656299,Hyperthyroidism || id:ebi-a-GCST90018860,Hyperthyroidism,Hyperthyroidism ||  || ,TRUE,igd,0.0086,62892,5.93E-29,123065778,3,Diabetes,Type 2 diabetes || id:ebi-a-GCST006867,TRUE,reported,igd,2,1,TRUE
20,rs11925227,A,G,A,G,-0.0534,-0.0132,0.183439,0.172499,FALSE,FALSE,FALSE,Hyperthyroidism,3,170766618,0.0285,460499,0.6418,Hyperthyroidism || id:ebi-a-GCST90018860,Hyperthyroidism,Hyperthyroidism ||  || ,TRUE,igd,0.0095,62892,2.25E-08,170766618,3,Diabetes,Type 2 diabetes || id:ebi-a-GCST006867,TRUE,reported,igd,2,1,TRUE
21,rs11926707,C,T,C,T,0.0463,-0.0243,0.625556,0.660221,FALSE,FALSE,FALSE,Hyperthyroidism,3,46925539,0.0228,460499,0.2863,Hyperthyroidism || id:ebi-a-GCST90018860,Hyperthyroidism,Hyperthyroidism ||  || ,TRUE,igd,0.0082,62892,1.69E-08,46925539,3,Diabetes,Type 2 diabetes || id:ebi-a-GCST006867,TRUE,reported,igd,2,1,TRUE
22,rs12088739,G,A,G,A,-0.0884,-0.0091,0.0898481,0.0821637,FALSE,FALSE,FALSE,Hyperthyroidism,1,51506886,0.0399,460499,0.819,Hyperthyroidism || id:ebi-a-GCST90018860,Hyperthyroidism,Hyperthyroidism ||  || ,TRUE,igd,0.013,62892,9.79E-12,51506886,1,Diabetes,Type 2 diabetes || id:ebi-a-GCST006867,TRUE,reported,igd,2,1,TRUE
23,rs12299509,G,A,G,A,0.0467,-0.0075,0.478622,0.488391,FALSE,FALSE,FALSE,Hyperthyroidism,12,4406281,0.0215,460499,0.726901,Hyperthyroidism || id:ebi-a-GCST90018860,Hyperthyroidism,Hyperthyroidism ||  || ,TRUE,igd,0.0073,62892,2.09E-10,4406281,12,Diabetes,Type 2 diabetes || id:ebi-a-GCST006867,TRUE,reported,igd,2,1,TRUE
24,rs12617659,T,C,T,C,-0.0685,0.0429,0.147238,0.144436,FALSE,FALSE,FALSE,Hyperthyroidism,2,121309759,0.0303,460499,0.157,Hyperthyroidism || id:ebi-a-GCST90018860,Hyperthyroidism,Hyperthyroidism ||  || ,TRUE,igd,0.0103,62892,2.83E-11,121309759,2,Diabetes,Type 2 diabetes || id:ebi-a-GCST006867,TRUE,reported,igd,2,1,TRUE
25,rs12910825,G,A,G,A,0.0517,0.0247,0.360391,0.534487,FALSE,FALSE,FALSE,Hyperthyroidism,15,91511260,0.0251,460499,0.3262,Hyperthyroidism || id:ebi-a-GCST90018860,Hyperthyroidism,Hyperthyroidism ||  || ,TRUE,igd,0.0074,62892,2.16E-12,91511260,15,Diabetes,Type 2 diabetes || id:ebi-a-GCST006867,TRUE,reported,igd,2,1,TRUE
26,rs12945601,C,T,C,T,-0.048,-0.0416,0.613603,0.475329,FALSE,FALSE,FALSE,Hyperthyroidism,17,17653411,0.0232,460499,0.0728702,Hyperthyroidism || id:ebi-a-GCST90018860,Hyperthyroidism,Hyperthyroidism ||  || ,TRUE,igd,0.008,62892,1.72E-09,17653411,17,Diabetes,Type 2 diabetes || id:ebi-a-GCST006867,TRUE,reported,igd,2,1,TRUE
27,rs12970134,A,G,A,G,0.0555,0.0095,0.26512,0.224528,FALSE,FALSE,FALSE,Hyperthyroidism,18,57884750,0.0259,460499,0.713099,Hyperthyroidism || id:ebi-a-GCST90018860,Hyperthyroidism,Hyperthyroidism ||  || ,TRUE,igd,0.008,62892,5.31E-12,57884750,18,Diabetes,Type 2 diabetes || id:ebi-a-GCST006867,TRUE,reported,igd,2,1,TRUE
28,rs13239186,T,C,T,C,0.0539,-0.0113,0.302029,0.269345,FALSE,FALSE,FALSE,Hyperthyroidism,7,117510621,0.0241,460499,0.640801,Hyperthyroidism || id:ebi-a-GCST90018860,Hyperthyroidism,Hyperthyroidism ||  || ,TRUE,igd,0.0085,62892,2.70E-10,117510621,7,Diabetes,Type 2 diabetes || id:ebi-a-GCST006867,TRUE,reported,igd,2,1,TRUE
29,rs13330951,G,A,G,A,-0.0456,-0.0339,0.488314,0.39176,FALSE,FALSE,FALSE,Hyperthyroidism,16,69563842,0.0228,460499,0.1366,Hyperthyroidism || id:ebi-a-GCST90018860,Hyperthyroidism,Hyperthyroidism ||  || ,TRUE,igd,0.0081,62892,1.54E-08,69563842,16,Diabetes,Type 2 diabetes || id:ebi-a-GCST006867,TRUE,reported,igd,2,1,TRUE
30,rs13389219,T,C,T,C,-0.0722,0.0022,0.394368,0.298649,FALSE,FALSE,FALSE,Hyperthyroidism,2,165528876,0.024,460499,0.9259,Hyperthyroidism || id:ebi-a-GCST90018860,Hyperthyroidism,Hyperthyroidism ||  || ,TRUE,igd,0.0074,62892,2.11E-22,165528876,2,Diabetes,Type 2 diabetes || id:ebi-a-GCST006867,TRUE,reported,igd,2,1,TRUE
31,rs1359790,A,G,A,G,-0.0796,0.0479,0.2867,0.284246,FALSE,FALSE,FALSE,Hyperthyroidism,13,80717156,0.0236,460499,0.0420698,Hyperthyroidism || id:ebi-a-GCST90018860,Hyperthyroidism,Hyperthyroidism ||  || ,TRUE,igd,0.008,62892,2.80E-23,80717156,13,Diabetes,Type 2 diabetes || id:ebi-a-GCST006867,TRUE,reported,igd,2,1,TRUE
32,rs1496653,G,A,G,A,-0.0769,0.0428,0.204782,0.211535,FALSE,FALSE,FALSE,Hyperthyroidism,3,23454790,0.0256,460499,0.0942497,Hyperthyroidism || id:ebi-a-GCST90018860,Hyperthyroidism,Hyperthyroidism ||  || ,TRUE,igd,0.0088,62892,2.57E-18,23454790,3,Diabetes,Type 2 diabetes || id:ebi-a-GCST006867,TRUE,reported,igd,2,1,TRUE
33,rs1552224,C,A,C,A,-0.1034,0.0571,0.15421,0.138413,FALSE,FALSE,FALSE,Hyperthyroidism,11,72433098,0.03,460499,0.0567898,Hyperthyroidism || id:ebi-a-GCST90018860,Hyperthyroidism,Hyperthyroidism ||  || ,TRUE,igd,0.0101,62892,8.64E-25,72433098,11,Diabetes,Type 2 diabetes || id:ebi-a-GCST006867,TRUE,reported,igd,2,1,TRUE
34,rs16988333,G,A,G,A,-0.0745,-0.0654,0.0904035,0.0915129,FALSE,FALSE,FALSE,Hyperthyroidism,22,30552813,0.0424,460499,0.1229,Hyperthyroidism || id:ebi-a-GCST90018860,Hyperthyroidism,Hyperthyroidism ||  || ,TRUE,igd,0.013,62892,9.17E-09,30552813,22,Diabetes,Type 2 diabetes || id:ebi-a-GCST006867,TRUE,reported,igd,2,1,TRUE
35,rs17086692,T,G,T,G,-0.0467,0.0158,0.313426,0.291455,FALSE,FALSE,FALSE,Hyperthyroidism,4,53134293,0.0235,460499,0.5009,Hyperthyroidism || id:ebi-a-GCST90018860,Hyperthyroidism,Hyperthyroidism ||  || ,TRUE,igd,0.0084,62892,2.48E-08,53134293,4,Diabetes,Type 2 diabetes || id:ebi-a-GCST006867,TRUE,reported,igd,2,1,TRUE
36,rs17168486,T,C,T,C,0.0742,0.0186,0.173603,0.239987,FALSE,FALSE,FALSE,Hyperthyroidism,7,14898282,0.0259,460499,0.4736,Hyperthyroidism || id:ebi-a-GCST90018860,Hyperthyroidism,Hyperthyroidism ||  || ,TRUE,igd,0.0094,62892,2.18E-15,14898282,7,Diabetes,Type 2 diabetes || id:ebi-a-GCST006867,TRUE,reported,igd,2,1,TRUE
37,rs17405722,A,G,A,G,0.087,0.1175,0.0741526,0.0665123,FALSE,FALSE,FALSE,Hyperthyroidism,17,40542501,0.0413,460499,0.00443997,Hyperthyroidism || id:ebi-a-GCST90018860,Hyperthyroidism,Hyperthyroidism ||  || ,TRUE,igd,0.0146,62892,2.28E-09,40542501,17,Diabetes,Type 2 diabetes || id:ebi-a-GCST006867,TRUE,reported,igd,2,1,TRUE
38,rs17411031,G,C,G,C,-0.045,-0.0062,0.261729,0.238606,FALSE,TRUE,FALSE,Hyperthyroidism,8,19852310,0.025,460499,0.803,Hyperthyroidism || id:ebi-a-GCST90018860,Hyperthyroidism,Hyperthyroidism ||  || ,TRUE,igd,0.0081,62892,3.04E-08,19852310,8,Diabetes,Type 2 diabetes || id:ebi-a-GCST006867,TRUE,reported,igd,2,1,TRUE
39,rs1758632,G,C,G,C,0.0491,0.0078,0.623407,0.636139,FALSE,TRUE,FALSE,Hyperthyroidism,9,34025640,0.0222,460499,0.724201,Hyperthyroidism || id:ebi-a-GCST90018860,Hyperthyroidism,Hyperthyroidism ||  || ,TRUE,igd,0.0081,62892,1.36E-09,34025640,9,Diabetes,Type 2 diabetes || id:ebi-a-GCST006867,TRUE,reported,igd,2,1,TRUE
40,rs17631783,T,C,T,C,-0.0487,0.0208,0.26346,0.253872,FALSE,FALSE,FALSE,Hyperthyroidism,17,61687600,0.0281,460499,0.4606,Hyperthyroidism || id:ebi-a-GCST90018860,Hyperthyroidism,Hyperthyroidism ||  || ,TRUE,igd,0.0089,62892,3.95E-08,61687600,17,Diabetes,Type 2 diabetes || id:ebi-a-GCST006867,TRUE,reported,igd,2,1,TRUE
41,rs17791513,G,A,G,A,-0.1027,0.0431,0.0605985,0.0711699,FALSE,FALSE,FALSE,Hyperthyroidism,9,81905590,0.0395,460499,0.2751,Hyperthyroidism || id:ebi-a-GCST90018860,Hyperthyroidism,Hyperthyroidism ||  || ,TRUE,igd,0.0148,62892,4.61E-12,81905590,9,Diabetes,Type 2 diabetes || id:ebi-a-GCST006867,TRUE,reported,igd,2,1,TRUE
42,rs1801214,T,C,T,C,0.0903,-0.0062,0.599585,0.699219,FALSE,FALSE,FALSE,Hyperthyroidism,4,6303022,0.0244,460499,0.7988,Hyperthyroidism || id:ebi-a-GCST90018860,Hyperthyroidism,Hyperthyroidism ||  || ,TRUE,igd,0.0074,62892,5.52E-34,6303022,4,Diabetes,Type 2 diabetes || id:ebi-a-GCST006867,TRUE,reported,igd,2,1,TRUE
43,rs1899951,T,C,T,C,-0.1118,0.0264,0.123288,0.105789,FALSE,FALSE,FALSE,Hyperthyroidism,3,12394840,0.0334,460499,0.4292,Hyperthyroidism || id:ebi-a-GCST90018860,Hyperthyroidism,Hyperthyroidism ||  || ,TRUE,igd,0.0109,62892,1.64E-24,12394840,3,Diabetes,Type 2 diabetes || id:ebi-a-GCST006867,TRUE,reported,igd,2,1,TRUE
44,rs2237892,T,C,T,C,-0.096,0.003,0.0624896,0.148476,FALSE,FALSE,FALSE,Hyperthyroidism,11,2839751,0.0345,460499,0.931,Hyperthyroidism || id:ebi-a-GCST90018860,Hyperthyroidism,Hyperthyroidism ||  || ,TRUE,igd,0.0157,62892,8.75E-10,2839751,11,Diabetes,Type 2 diabetes || id:ebi-a-GCST006867,TRUE,reported,igd,2,1,TRUE
45,rs2246618,T,C,T,C,0.0513,0.2265,0.307253,0.265189,FALSE,FALSE,FALSE,Hyperthyroidism,6,31478986,0.0247,460499,5.48E-20,Hyperthyroidism || id:ebi-a-GCST90018860,Hyperthyroidism,Hyperthyroidism ||  || ,TRUE,igd,0.0084,62892,1.20E-09,31478986,6,Diabetes,Type 2 diabetes || id:ebi-a-GCST006867,TRUE,reported,igd,2,1,TRUE
46,rs2261181,T,C,T,C,0.0985,-0.0135,0.09647,0.101085,FALSE,FALSE,FALSE,Hyperthyroidism,12,66212318,0.0365,460499,0.7115,Hyperthyroidism || id:ebi-a-GCST90018860,Hyperthyroidism,Hyperthyroidism ||  || ,TRUE,igd,0.0118,62892,9.18E-17,66212318,12,Diabetes,Type 2 diabetes || id:ebi-a-GCST006867,TRUE,reported,igd,2,1,TRUE
47,rs2294120,G,A,G,A,-0.0443,0.016,0.455879,0.533731,FALSE,FALSE,FALSE,Hyperthyroidism,8,146003567,0.022,460499,0.4685,Hyperthyroidism || id:ebi-a-GCST90018860,Hyperthyroidism,Hyperthyroidism ||  || ,TRUE,igd,0.0079,62892,1.62E-08,146003567,8,Diabetes,Type 2 diabetes || id:ebi-a-GCST006867,TRUE,reported,igd,2,1,TRUE
48,rs2296173,G,A,G,A,0.065,0.0357,0.212011,0.196119,FALSE,FALSE,FALSE,Hyperthyroidism,1,39913351,0.027,460499,0.1861,Hyperthyroidism || id:ebi-a-GCST90018860,Hyperthyroidism,Hyperthyroidism ||  || ,TRUE,igd,0.0087,62892,7.66E-14,39913351,1,Diabetes,Type 2 diabetes || id:ebi-a-GCST006867,TRUE,reported,igd,2,1,TRUE
49,rs2299383,T,C,T,C,0.0412,-0.0078,0.423455,0.419629,FALSE,FALSE,FALSE,Hyperthyroidism,7,103418846,0.0216,460499,0.7193,Hyperthyroidism || id:ebi-a-GCST90018860,Hyperthyroidism,Hyperthyroidism ||  || ,TRUE,igd,0.0073,62892,1.49E-08,103418846,7,Diabetes,Type 2 diabetes || id:ebi-a-GCST006867,TRUE,reported,igd,2,1,TRUE
50,rs243019,C,T,C,T,0.0566,-0.031,0.455831,0.517711,FALSE,FALSE,FALSE,Hyperthyroidism,2,60585806,0.0218,460499,0.155,Hyperthyroidism || id:ebi-a-GCST90018860,Hyperthyroidism,Hyperthyroidism ||  || ,TRUE,igd,0.0071,62892,2.29E-15,60585806,2,Diabetes,Type 2 diabetes || id:ebi-a-GCST006867,TRUE,reported,igd,2,1,TRUE
51,rs2493394,G,A,G,A,0.073,0.0383,0.107338,0.0889415,FALSE,FALSE,FALSE,Hyperthyroidism,1,120471224,0.0362,460499,0.2904,Hyperthyroidism || id:ebi-a-GCST90018860,Hyperthyroidism,Hyperthyroidism ||  || ,TRUE,igd,0.0113,62892,1.15E-10,120471224,1,Diabetes,Type 2 diabetes || id:ebi-a-GCST006867,TRUE,reported,igd,2,1,TRUE
52,rs2796441,A,G,A,G,-0.0715,8.00E-04,0.416458,0.474377,FALSE,FALSE,FALSE,Hyperthyroidism,9,84308948,0.0216,460499,0.9691,Hyperthyroidism || id:ebi-a-GCST90018860,Hyperthyroidism,Hyperthyroidism ||  || ,TRUE,igd,0.0073,62892,1.96E-22,84308948,9,Diabetes,Type 2 diabetes || id:ebi-a-GCST006867,TRUE,reported,igd,2,1,TRUE
53,rs2820426,G,A,G,A,0.0521,0.0079,0.610058,0.569949,FALSE,FALSE,FALSE,Hyperthyroidism,1,219660535,0.0217,460499,0.716199,Hyperthyroidism || id:ebi-a-GCST90018860,Hyperthyroidism,Hyperthyroidism ||  || ,TRUE,igd,0.0073,62892,1.30E-12,219660535,1,Diabetes,Type 2 diabetes || id:ebi-a-GCST006867,TRUE,reported,igd,2,1,TRUE
54,rs2867125,C,T,C,T,0.0601,0.0496,0.827825,0.849917,FALSE,FALSE,FALSE,Hyperthyroidism,2,622827,0.0297,460499,0.0946608,Hyperthyroidism || id:ebi-a-GCST90018860,Hyperthyroidism,Hyperthyroidism ||  || ,TRUE,igd,0.0096,62892,4.33E-10,622827,2,Diabetes,Type 2 diabetes || id:ebi-a-GCST006867,TRUE,reported,igd,2,1,TRUE
55,rs2908282,A,G,A,G,0.0552,-0.0174,0.177395,0.172594,FALSE,FALSE,FALSE,Hyperthyroidism,7,44248828,0.0293,460499,0.5539,Hyperthyroidism || id:ebi-a-GCST90018860,Hyperthyroidism,Hyperthyroidism ||  || ,TRUE,igd,0.0094,62892,4.25E-09,44248828,7,Diabetes,Type 2 diabetes || id:ebi-a-GCST006867,TRUE,reported,igd,2,1,TRUE
56,rs2925979,C,T,C,T,-0.0534,-0.0278,0.70085,0.685887,FALSE,FALSE,FALSE,Hyperthyroidism,16,81534790,0.023,460499,0.2267,Hyperthyroidism || id:ebi-a-GCST90018860,Hyperthyroidism,Hyperthyroidism ||  || ,TRUE,igd,0.0078,62892,9.06E-12,81534790,16,Diabetes,Type 2 diabetes || id:ebi-a-GCST006867,TRUE,reported,igd,2,1,TRUE
57,rs2943656,G,A,G,A,0.0902,0.0189,0.635133,0.707137,FALSE,FALSE,FALSE,Hyperthyroidism,2,227121918,0.0238,460499,0.4267,Hyperthyroidism || id:ebi-a-GCST90018860,Hyperthyroidism,Hyperthyroidism ||  || ,TRUE,igd,0.0074,62892,6.70E-34,227121918,2,Diabetes,Type 2 diabetes || id:ebi-a-GCST006867,TRUE,reported,igd,2,1,TRUE
58,rs3217992,T,C,T,C,0.0527,0.019,0.369901,0.417288,FALSE,FALSE,FALSE,Hyperthyroidism,9,22003223,0.0219,460499,0.3836,Hyperthyroidism || id:ebi-a-GCST90018860,Hyperthyroidism,Hyperthyroidism ||  || ,TRUE,igd,0.0073,62892,7.23E-13,22003223,9,Diabetes,Type 2 diabetes || id:ebi-a-GCST006867,TRUE,reported,igd,2,1,TRUE
59,rs340874,C,T,C,T,0.0626,0.0057,0.563904,0.493849,FALSE,FALSE,FALSE,Hyperthyroidism,1,214159256,0.0216,460499,0.792399,Hyperthyroidism || id:ebi-a-GCST90018860,Hyperthyroidism,Hyperthyroidism ||  || ,TRUE,igd,0.0073,62892,8.41E-18,214159256,1,Diabetes,Type 2 diabetes || id:ebi-a-GCST006867,TRUE,reported,igd,2,1,TRUE
60,rs348330,A,G,A,G,-0.0487,0.0095,0.633451,0.540457,FALSE,FALSE,FALSE,Hyperthyroidism,1,229672955,0.0228,460499,0.677699,Hyperthyroidism || id:ebi-a-GCST90018860,Hyperthyroidism,Hyperthyroidism ||  || ,TRUE,igd,0.0081,62892,1.86E-09,229672955,1,Diabetes,Type 2 diabetes || id:ebi-a-GCST006867,TRUE,reported,igd,2,1,TRUE
61,rs3756784,G,T,G,T,0.0505,0.0139,0.185838,0.239727,FALSE,FALSE,FALSE,Hyperthyroidism,6,131950233,0.0254,460499,0.584901,Hyperthyroidism || id:ebi-a-GCST90018860,Hyperthyroidism,Hyperthyroidism ||  || ,TRUE,igd,0.0091,62892,2.59E-08,131950233,6,Diabetes,Type 2 diabetes || id:ebi-a-GCST006867,TRUE,reported,igd,2,1,TRUE
62,rs3802177,A,G,A,G,-0.1217,-0.0119,0.311281,0.354237,FALSE,FALSE,FALSE,Hyperthyroidism,8,118185025,0.0223,460499,0.5927,Hyperthyroidism || id:ebi-a-GCST90018860,Hyperthyroidism,Hyperthyroidism ||  || ,TRUE,igd,0.008,62892,2.32E-52,118185025,8,Diabetes,Type 2 diabetes || id:ebi-a-GCST006867,TRUE,reported,igd,2,1,TRUE
63,rs459193,G,A,G,A,0.0711,-0.0359,0.745338,0.65858,FALSE,FALSE,FALSE,Hyperthyroidism,5,55806751,0.0231,460499,0.1204,Hyperthyroidism || id:ebi-a-GCST90018860,Hyperthyroidism,Hyperthyroidism ||  || ,TRUE,igd,0.0083,62892,8.81E-18,55806751,5,Diabetes,Type 2 diabetes || id:ebi-a-GCST006867,TRUE,reported,igd,2,1,TRUE
64,rs4622883,G,A,G,A,-0.0435,0.0189,0.508544,0.411692,FALSE,FALSE,FALSE,Hyperthyroidism,3,152188290,0.0222,460499,0.3964,Hyperthyroidism || id:ebi-a-GCST90018860,Hyperthyroidism,Hyperthyroidism ||  || ,TRUE,igd,0.0078,62892,3.02E-08,152188290,3,Diabetes,Type 2 diabetes || id:ebi-a-GCST006867,TRUE,reported,igd,2,1,TRUE
65,rs4686471,C,T,C,T,0.0534,0.0169,0.609775,0.715985,FALSE,FALSE,FALSE,Hyperthyroidism,3,187740899,0.0249,460499,0.4975,Hyperthyroidism || id:ebi-a-GCST90018860,Hyperthyroidism,Hyperthyroidism ||  || ,TRUE,igd,0.0081,62892,4.28E-11,187740899,3,Diabetes,Type 2 diabetes || id:ebi-a-GCST006867,TRUE,reported,igd,2,1,TRUE
66,rs4812829,A,G,A,G,0.0532,0.0024,0.160871,0.249774,FALSE,FALSE,FALSE,Hyperthyroidism,20,42989267,0.0259,460499,0.9272,Hyperthyroidism || id:ebi-a-GCST90018860,Hyperthyroidism,Hyperthyroidism ||  || ,TRUE,igd,0.0095,62892,2.44E-08,42989267,20,Diabetes,Type 2 diabetes || id:ebi-a-GCST006867,TRUE,reported,igd,2,1,TRUE
67,rs4823182,G,A,G,A,0.0482,0.0043,0.335748,0.401252,FALSE,FALSE,FALSE,Hyperthyroidism,22,44377442,0.0219,460499,0.8449,Hyperthyroidism || id:ebi-a-GCST90018860,Hyperthyroidism,Hyperthyroidism ||  || ,TRUE,igd,0.0077,62892,3.36E-10,44377442,22,Diabetes,Type 2 diabetes || id:ebi-a-GCST006867,TRUE,reported,igd,2,1,TRUE
68,rs4865796,A,G,A,G,0.053,0.0138,0.69309,0.726313,FALSE,FALSE,FALSE,Hyperthyroidism,5,53272664,0.0239,460499,0.5633,Hyperthyroidism || id:ebi-a-GCST90018860,Hyperthyroidism,Hyperthyroidism ||  || ,TRUE,igd,0.0078,62892,1.33E-11,53272664,5,Diabetes,Type 2 diabetes || id:ebi-a-GCST006867,TRUE,reported,igd,2,1,TRUE
69,rs516946,C,T,C,T,0.0824,-0.0142,0.760633,0.795321,FALSE,FALSE,FALSE,Hyperthyroidism,8,41519248,0.0266,460499,0.5946,Hyperthyroidism || id:ebi-a-GCST90018860,Hyperthyroidism,Hyperthyroidism ||  || ,TRUE,igd,0.0085,62892,3.16E-22,41519248,8,Diabetes,Type 2 diabetes || id:ebi-a-GCST006867,TRUE,reported,igd,2,1,TRUE
70,rs5215,T,C,T,C,-0.0678,0.0426,0.639941,0.617162,FALSE,FALSE,FALSE,Hyperthyroidism,11,17408630,0.0219,460499,0.0515003,Hyperthyroidism || id:ebi-a-GCST90018860,Hyperthyroidism,Hyperthyroidism ||  || ,TRUE,igd,0.0073,62892,2.09E-20,17408630,11,Diabetes,Type 2 diabetes || id:ebi-a-GCST006867,TRUE,reported,igd,2,1,TRUE
71,rs55966194,G,C,G,C,-0.0526,-0.0353,0.281312,0.193387,FALSE,TRUE,FALSE,Hyperthyroidism,20,45599090,0.0279,460499,0.2068,Hyperthyroidism || id:ebi-a-GCST90018860,Hyperthyroidism,Hyperthyroidism ||  || ,TRUE,igd,0.0088,62892,2.25E-09,45599090,20,Diabetes,Type 2 diabetes || id:ebi-a-GCST006867,TRUE,reported,igd,2,1,TRUE
72,rs576674,A,G,A,G,-0.0654,0.0384,0.832515,0.855743,FALSE,FALSE,FALSE,Hyperthyroidism,13,33554302,0.0314,460499,0.2206,Hyperthyroidism || id:ebi-a-GCST90018860,Hyperthyroidism,Hyperthyroidism ||  || ,TRUE,igd,0.0097,62892,1.79E-11,33554302,13,Diabetes,Type 2 diabetes || id:ebi-a-GCST006867,TRUE,reported,igd,2,1,TRUE
73,rs6059662,G,A,G,A,0.0446,0.0461,0.663176,0.707938,FALSE,FALSE,FALSE,Hyperthyroidism,20,32675727,0.0242,460499,0.0562095,Hyperthyroidism || id:ebi-a-GCST90018860,Hyperthyroidism,Hyperthyroidism ||  || ,TRUE,igd,0.0079,62892,1.51E-08,32675727,20,Diabetes,Type 2 diabetes || id:ebi-a-GCST006867,TRUE,reported,igd,2,1,TRUE
74,rs61953351,T,G,T,G,-0.07,0.0344,0.249902,0.189006,FALSE,FALSE,FALSE,Hyperthyroidism,12,121456616,0.0274,460499,0.2088,Hyperthyroidism || id:ebi-a-GCST90018860,Hyperthyroidism,Hyperthyroidism ||  || ,TRUE,igd,0.0091,62892,1.98E-14,121456616,12,Diabetes,Type 2 diabetes || id:ebi-a-GCST006867,TRUE,reported,igd,2,1,TRUE
75,rs622217,C,T,C,T,-0.0485,0.0424,0.483932,0.429124,FALSE,FALSE,FALSE,Hyperthyroidism,6,160766770,0.0218,460499,0.0521699,Hyperthyroidism || id:ebi-a-GCST90018860,Hyperthyroidism,Hyperthyroidism ||  || ,TRUE,igd,0.0077,62892,3.13E-10,160766770,6,Diabetes,Type 2 diabetes || id:ebi-a-GCST006867,TRUE,reported,igd,2,1,TRUE
76,rs6515236,C,A,C,A,-0.0504,-0.0128,0.24933,0.354769,FALSE,FALSE,FALSE,Hyperthyroidism,20,22435749,0.0247,460499,0.6047,Hyperthyroidism || id:ebi-a-GCST90018860,Hyperthyroidism,Hyperthyroidism ||  || ,TRUE,igd,0.0091,62892,3.34E-08,22435749,20,Diabetes,Type 2 diabetes || id:ebi-a-GCST006867,TRUE,reported,igd,2,1,TRUE
77,rs67232546,T,C,T,C,0.0596,0.0147,0.209222,0.182919,FALSE,FALSE,FALSE,Hyperthyroidism,11,128398938,0.0285,460499,0.6061,Hyperthyroidism || id:ebi-a-GCST90018860,Hyperthyroidism,Hyperthyroidism ||  || ,TRUE,igd,0.0096,62892,4.66E-10,128398938,11,Diabetes,Type 2 diabetes || id:ebi-a-GCST006867,TRUE,reported,igd,2,1,TRUE
78,rs6767484,G,A,G,A,0.1209,0.0974,0.312261,0.312241,FALSE,FALSE,FALSE,Hyperthyroidism,3,185520578,0.023,460499,2.23E-05,Hyperthyroidism || id:ebi-a-GCST90018860,Hyperthyroidism,Hyperthyroidism ||  || ,TRUE,igd,0.0076,62892,2.70E-56,185520578,3,Diabetes,Type 2 diabetes || id:ebi-a-GCST006867,TRUE,reported,igd,2,1,TRUE
79,rs6785040,C,T,C,T,-0.0633,-0.0021,0.15066,0.217569,FALSE,FALSE,FALSE,Hyperthyroidism,3,63897915,0.0263,460499,0.9371,Hyperthyroidism || id:ebi-a-GCST90018860,Hyperthyroidism,Hyperthyroidism ||  || ,TRUE,igd,0.0111,62892,1.26E-08,63897915,3,Diabetes,Type 2 diabetes || id:ebi-a-GCST006867,TRUE,reported,igd,2,1,TRUE
80,rs6795735,T,C,T,C,-0.0558,-0.0158,0.410912,0.51526,FALSE,FALSE,FALSE,Hyperthyroidism,3,64705365,0.0231,460499,0.4925,Hyperthyroidism || id:ebi-a-GCST90018860,Hyperthyroidism,Hyperthyroidism ||  || ,TRUE,igd,0.0073,62892,1.63E-14,64705365,3,Diabetes,Type 2 diabetes || id:ebi-a-GCST006867,TRUE,reported,igd,2,1,TRUE
81,rs6878122,A,G,A,G,-0.0564,-0.0212,0.681791,0.780163,FALSE,FALSE,FALSE,Hyperthyroidism,5,76427311,0.0268,460499,0.4292,Hyperthyroidism || id:ebi-a-GCST90018860,Hyperthyroidism,Hyperthyroidism ||  || ,TRUE,igd,0.0079,62892,1.19E-12,76427311,5,Diabetes,Type 2 diabetes || id:ebi-a-GCST006867,TRUE,reported,igd,2,1,TRUE
82,rs6960043,C,T,C,T,0.064,-0.0058,0.521837,0.505127,FALSE,FALSE,FALSE,Hyperthyroidism,7,15052860,0.0215,460499,0.785599,Hyperthyroidism || id:ebi-a-GCST90018860,Hyperthyroidism,Hyperthyroidism ||  || ,TRUE,igd,0.0071,62892,3.61E-19,15052860,7,Diabetes,Type 2 diabetes || id:ebi-a-GCST006867,TRUE,reported,igd,2,1,TRUE
83,rs7144011,T,G,T,G,0.0482,-0.031,0.221063,0.227238,FALSE,FALSE,FALSE,Hyperthyroidism,14,79940383,0.0287,460499,0.279,Hyperthyroidism || id:ebi-a-GCST90018860,Hyperthyroidism,Hyperthyroidism ||  || ,TRUE,igd,0.0085,62892,1.64E-08,79940383,14,Diabetes,Type 2 diabetes || id:ebi-a-GCST006867,TRUE,reported,igd,2,1,TRUE
84,rs7177055,A,G,A,G,0.0647,0.0128,0.718289,0.62062,FALSE,FALSE,FALSE,Hyperthyroidism,15,77832762,0.0231,460499,0.5783,Hyperthyroidism || id:ebi-a-GCST90018860,Hyperthyroidism,Hyperthyroidism ||  || ,TRUE,igd,0.0079,62892,2.75E-16,77832762,15,Diabetes,Type 2 diabetes || id:ebi-a-GCST006867,TRUE,reported,igd,2,1,TRUE
85,rs7240767,C,T,C,T,0.0451,0.0072,0.383677,0.477801,FALSE,FALSE,FALSE,Hyperthyroidism,18,7070642,0.0222,460499,0.744399,Hyperthyroidism || id:ebi-a-GCST90018860,Hyperthyroidism,Hyperthyroidism ||  || ,TRUE,igd,0.0081,62892,2.16E-08,7070642,18,Diabetes,Type 2 diabetes || id:ebi-a-GCST006867,TRUE,reported,igd,2,1,TRUE
86,rs72802358,C,G,C,G,-0.1168,-7.00E-04,0.101594,0.0772839,FALSE,TRUE,FALSE,Hyperthyroidism,16,75243657,0.0396,460499,0.9856,Hyperthyroidism || id:ebi-a-GCST90018860,Hyperthyroidism,Hyperthyroidism ||  || ,TRUE,igd,0.0133,62892,1.97E-18,75243657,16,Diabetes,Type 2 diabetes || id:ebi-a-GCST006867,TRUE,reported,igd,2,1,TRUE
87,rs72892910,T,G,T,G,0.0648,0.0085,0.172394,0.188076,FALSE,FALSE,FALSE,Hyperthyroidism,6,50816887,0.0271,460499,0.753199,Hyperthyroidism || id:ebi-a-GCST90018860,Hyperthyroidism,Hyperthyroidism ||  || ,TRUE,igd,0.0099,62892,6.43E-11,50816887,6,Diabetes,Type 2 diabetes || id:ebi-a-GCST006867,TRUE,reported,igd,2,1,TRUE
88,rs735949,C,T,C,T,-0.0711,-0.0141,0.14115,0.130572,FALSE,FALSE,FALSE,Hyperthyroidism,4,185716232,0.0369,460499,0.702,Hyperthyroidism || id:ebi-a-GCST90018860,Hyperthyroidism,Hyperthyroidism ||  || ,TRUE,igd,0.0106,62892,1.95E-11,185716232,4,Diabetes,Type 2 diabetes || id:ebi-a-GCST006867,TRUE,reported,igd,2,1,TRUE
89,rs753270,C,T,C,T,0.0528,0.0256,0.583535,0.644532,FALSE,FALSE,FALSE,Hyperthyroidism,10,80964975,0.0226,460499,0.2567,Hyperthyroidism || id:ebi-a-GCST90018860,Hyperthyroidism,Hyperthyroidism ||  || ,TRUE,igd,0.0079,62892,2.70E-11,80964975,10,Diabetes,Type 2 diabetes || id:ebi-a-GCST006867,TRUE,reported,igd,2,1,TRUE
90,rs7561798,G,A,G,A,0.04,-0.0047,0.482171,0.538678,FALSE,FALSE,FALSE,Hyperthyroidism,2,228973660,0.0218,460499,0.8297,Hyperthyroidism || id:ebi-a-GCST90018860,Hyperthyroidism,Hyperthyroidism ||  || ,TRUE,igd,0.0072,62892,2.79E-08,228973660,2,Diabetes,Type 2 diabetes || id:ebi-a-GCST006867,TRUE,reported,igd,2,1,TRUE
91,rs7572970,G,A,G,A,0.059,-0.0494,0.722047,0.767963,FALSE,FALSE,FALSE,Hyperthyroidism,2,161136656,0.0256,460499,0.0538902,Hyperthyroidism || id:ebi-a-GCST90018860,Hyperthyroidism,Hyperthyroidism ||  || ,TRUE,igd,0.0087,62892,1.39E-11,161136656,2,Diabetes,Type 2 diabetes || id:ebi-a-GCST006867,TRUE,reported,igd,2,1,TRUE
92,rs7607777,T,G,T,G,-0.137,-0.062,0.105906,0.0675992,FALSE,FALSE,FALSE,Hyperthyroidism,2,43629931,0.0439,460499,0.1582,Hyperthyroidism || id:ebi-a-GCST90018860,Hyperthyroidism,Hyperthyroidism ||  || ,TRUE,igd,0.0125,62892,9.40E-28,43629931,2,Diabetes,Type 2 diabetes || id:ebi-a-GCST006867,TRUE,reported,igd,2,1,TRUE
93,rs7674212,T,G,T,G,-0.0465,0.0252,0.408864,0.398062,FALSE,FALSE,FALSE,Hyperthyroidism,4,103988899,0.0219,460499,0.2496,Hyperthyroidism || id:ebi-a-GCST90018860,Hyperthyroidism,Hyperthyroidism ||  || ,TRUE,igd,0.0075,62892,6.18E-10,103988899,4,Diabetes,Type 2 diabetes || id:ebi-a-GCST006867,TRUE,reported,igd,2,1,TRUE
94,rs7685296,T,C,T,C,-0.0511,0.0055,0.279365,0.34201,FALSE,FALSE,FALSE,Hyperthyroidism,4,153254121,0.0231,460499,0.8128,Hyperthyroidism || id:ebi-a-GCST90018860,Hyperthyroidism,Hyperthyroidism ||  || ,TRUE,igd,0.0081,62892,2.32E-10,153254121,4,Diabetes,Type 2 diabetes || id:ebi-a-GCST006867,TRUE,reported,igd,2,1,TRUE
95,rs7729395,T,C,T,C,0.1373,0.0707,0.0509409,0.0540092,FALSE,FALSE,FALSE,Hyperthyroidism,5,102100576,0.0532,460499,0.1839,Hyperthyroidism || id:ebi-a-GCST90018860,Hyperthyroidism,Hyperthyroidism ||  || ,TRUE,igd,0.016,62892,1.10E-17,102100576,5,Diabetes,Type 2 diabetes || id:ebi-a-GCST006867,TRUE,reported,igd,2,1,TRUE
96,rs7756992,G,A,G,A,0.1297,0.0536,0.266896,0.335917,FALSE,FALSE,FALSE,Hyperthyroidism,6,20679709,0.0229,460499,0.0191501,Hyperthyroidism || id:ebi-a-GCST90018860,Hyperthyroidism,Hyperthyroidism ||  || ,TRUE,igd,0.0078,62892,6.00E-62,20679709,6,Diabetes,Type 2 diabetes || id:ebi-a-GCST006867,TRUE,reported,igd,2,1,TRUE
97,rs7786095,G,A,G,A,-0.0743,-0.011,0.10386,0.0922838,FALSE,FALSE,FALSE,Hyperthyroidism,7,156983847,0.0439,460499,0.8022,Hyperthyroidism || id:ebi-a-GCST90018860,Hyperthyroidism,Hyperthyroidism ||  || ,TRUE,igd,0.0129,62892,9.64E-09,156983847,7,Diabetes,Type 2 diabetes || id:ebi-a-GCST006867,TRUE,reported,igd,2,1,TRUE
98,rs780094,C,T,C,T,0.0692,0.0408,0.612845,0.574232,FALSE,FALSE,FALSE,Hyperthyroidism,2,27741237,0.022,460499,0.0633199,Hyperthyroidism || id:ebi-a-GCST90018860,Hyperthyroidism,Hyperthyroidism ||  || ,TRUE,igd,0.0074,62892,5.16E-21,27741237,2,Diabetes,Type 2 diabetes || id:ebi-a-GCST006867,TRUE,reported,igd,2,1,TRUE
99,rs7845219,C,T,C,T,-0.0422,0.0063,0.492786,0.558632,FALSE,FALSE,FALSE,Hyperthyroidism,8,95937502,0.0217,460499,0.7715,Hyperthyroidism || id:ebi-a-GCST90018860,Hyperthyroidism,Hyperthyroidism ||  || ,TRUE,igd,0.0072,62892,4.54E-09,95937502,8,Diabetes,Type 2 diabetes || id:ebi-a-GCST006867,TRUE,reported,igd,2,1,TRUE
100,rs7903146,T,C,T,C,0.3059,-0.0325,0.291585,0.205869,FALSE,FALSE,FALSE,Hyperthyroidism,10,114758349,0.0272,460499,0.2328,Hyperthyroidism || id:ebi-a-GCST90018860,Hyperthyroidism,Hyperthyroidism ||  || ,TRUE,igd,0.0077,62892,1.00E-200,114758349,10,Diabetes,Type 2 diabetes || id:ebi-a-GCST006867,TRUE,reported,igd,2,1,TRUE
101,rs7929543,C,A,C,A,0.0828,-0.0187,0.0831599,0.111711,FALSE,FALSE,FALSE,Hyperthyroidism,11,49351026,0.0364,460499,0.608501,Hyperthyroidism || id:ebi-a-GCST90018860,Hyperthyroidism,Hyperthyroidism ||  || ,TRUE,igd,0.0138,62892,2.20E-09,49351026,11,Diabetes,Type 2 diabetes || id:ebi-a-GCST006867,TRUE,reported,igd,2,1,TRUE
102,rs7955901,T,C,T,C,-0.0444,-0.026,0.556668,0.511387,FALSE,FALSE,FALSE,Hyperthyroidism,12,71433293,0.0219,460499,0.2357,Hyperthyroidism || id:ebi-a-GCST90018860,Hyperthyroidism,Hyperthyroidism ||  || ,TRUE,igd,0.0072,62892,7.16E-10,71433293,12,Diabetes,Type 2 diabetes || id:ebi-a-GCST006867,TRUE,reported,igd,2,1,TRUE
103,rs8068804,A,G,A,G,0.0587,0.017,0.325097,0.307993,FALSE,FALSE,FALSE,Hyperthyroidism,17,3985864,0.0232,460499,0.4639,Hyperthyroidism || id:ebi-a-GCST90018860,Hyperthyroidism,Hyperthyroidism ||  || ,TRUE,igd,0.0078,62892,4.41E-14,3985864,17,Diabetes,Type 2 diabetes || id:ebi-a-GCST006867,TRUE,reported,igd,2,1,TRUE
104,rs8108269,G,T,G,T,0.0644,0.0068,0.281015,0.383391,FALSE,FALSE,FALSE,Hyperthyroidism,19,46158513,0.0231,460499,0.766699,Hyperthyroidism || id:ebi-a-GCST90018860,Hyperthyroidism,Hyperthyroidism ||  || ,TRUE,igd,0.0079,62892,3.11E-16,46158513,19,Diabetes,Type 2 diabetes || id:ebi-a-GCST006867,TRUE,reported,igd,2,1,TRUE
105,rs825476,T,C,T,C,0.0524,-0.0332,0.580549,0.635412,FALSE,FALSE,FALSE,Hyperthyroidism,12,124568456,0.0223,460499,0.1372,Hyperthyroidism || id:ebi-a-GCST90018860,Hyperthyroidism,Hyperthyroidism ||  || ,TRUE,igd,0.0073,62892,6.80E-13,124568456,12,Diabetes,Type 2 diabetes || id:ebi-a-GCST006867,TRUE,reported,igd,2,1,TRUE
106,rs840967,A,C,A,C,-0.0497,-0.0517,0.605922,0.533033,FALSE,FALSE,FALSE,Hyperthyroidism,2,65701757,0.0216,460499,0.01692,Hyperthyroidism || id:ebi-a-GCST90018860,Hyperthyroidism,Hyperthyroidism ||  || ,TRUE,igd,0.008,62892,5.44E-10,65701757,2,Diabetes,Type 2 diabetes || id:ebi-a-GCST006867,TRUE,reported,igd,2,1,TRUE
107,rs849135,A,G,A,G,-0.0999,-0.0868,0.499052,0.356813,FALSE,FALSE,FALSE,Hyperthyroidism,7,28196413,0.0242,460499,0.000335799,Hyperthyroidism || id:ebi-a-GCST90018860,Hyperthyroidism,Hyperthyroidism ||  || ,TRUE,igd,0.0072,62892,1.04E-43,28196413,7,Diabetes,Type 2 diabetes || id:ebi-a-GCST006867,TRUE,reported,igd,2,1,TRUE
108,rs853974,C,T,C,T,-0.0601,-0.0257,0.737586,0.681476,FALSE,FALSE,FALSE,Hyperthyroidism,6,127068983,0.0236,460499,0.2749,Hyperthyroidism || id:ebi-a-GCST90018860,Hyperthyroidism,Hyperthyroidism ||  || ,TRUE,igd,0.0088,62892,7.86E-12,127068983,6,Diabetes,Type 2 diabetes || id:ebi-a-GCST006867,TRUE,reported,igd,2,1,TRUE
109,rs9369425,A,G,A,G,-0.0546,-0.0392,0.708185,0.753339,FALSE,FALSE,FALSE,Hyperthyroidism,6,43810974,0.0248,460499,0.1135,Hyperthyroidism || id:ebi-a-GCST90018860,Hyperthyroidism,Hyperthyroidism ||  || ,TRUE,igd,0.0085,62892,1.13E-10,43810974,6,Diabetes,Type 2 diabetes || id:ebi-a-GCST006867,TRUE,reported,igd,2,1,TRUE
110,rs963740,T,A,T,A,-0.0479,-0.0221,0.294299,0.356188,FALSE,TRUE,FALSE,Hyperthyroidism,13,51096095,0.0238,460499,0.3529,Hyperthyroidism || id:ebi-a-GCST90018860,Hyperthyroidism,Hyperthyroidism ||  || ,TRUE,igd,0.0086,62892,2.23E-08,51096095,13,Diabetes,Type 2 diabetes || id:ebi-a-GCST006867,TRUE,reported,igd,2,1,TRUE
111,rs9844972,C,G,C,G,0.0956,-0.0134,0.0697229,0.0668728,FALSE,TRUE,FALSE,Hyperthyroidism,3,150097635,0.0502,460499,0.7896,Hyperthyroidism || id:ebi-a-GCST90018860,Hyperthyroidism,Hyperthyroidism ||  || ,TRUE,igd,0.0148,62892,1.03E-10,150097635,3,Diabetes,Type 2 diabetes || id:ebi-a-GCST006867,TRUE,reported,igd,2,1,TRUE
112,rs9894220,G,A,G,A,-0.0585,0.0132,0.43374,0.379304,FALSE,FALSE,FALSE,Hyperthyroidism,17,46989154,0.0221,460499,0.5521,Hyperthyroidism || id:ebi-a-GCST90018860,Hyperthyroidism,Hyperthyroidism ||  || ,TRUE,igd,0.0079,62892,1.52E-13,46989154,17,Diabetes,Type 2 diabetes || id:ebi-a-GCST006867,TRUE,reported,igd,2,1,TRUE
113,rs9928094,G,A,G,A,0.1045,-0.0164,0.42602,0.371245,FALSE,FALSE,FALSE,Hyperthyroidism,16,53799905,0.0223,460499,0.4622,Hyperthyroidism || id:ebi-a-GCST90018860,Hyperthyroidism,Hyperthyroidism ||  || ,TRUE,igd,0.0072,62892,3.59E-47,53799905,16,Diabetes,Type 2 diabetes || id:ebi-a-GCST006867,TRUE,reported,igd,2,1,TRUE
114,rs993380,G,A,G,A,-0.0507,0.0232,0.66555,0.641274,FALSE,FALSE,FALSE,Hyperthyroidism,4,83584496,0.0222,460499,0.2962,Hyperthyroidism || id:ebi-a-GCST90018860,Hyperthyroidism,Hyperthyroidism ||  || ,TRUE,igd,0.0081,62892,4.59E-10,83584496,4,Diabetes,Type 2 diabetes || id:ebi-a-GCST006867,TRUE,reported,igd,2,1,TRUE
115,rs9940149,A,G,A,G,-0.058,-0.0461,0.178556,0.223324,FALSE,FALSE,FALSE,Hyperthyroidism,16,300641,0.028,460499,0.0993711,Hyperthyroidism || id:ebi-a-GCST90018860,Hyperthyroidism,Hyperthyroidism ||  || ,TRUE,igd,0.0095,62892,9.29E-10,300641,16,Diabetes,Type 2 diabetes || id:ebi-a-GCST006867,TRUE,reported,igd,2,1,TRUE
