,SNP,effect_allele.exposure,other_allele.exposure,effect_allele.outcome,other_allele.outcome,beta.exposure,beta.outcome,eaf.exposure,eaf.outcome,remove,palindromic,ambiguous,id.outcome,chr,pos,se.outcome,samplesize.outcome,pval.outcome,outcome,originalname.outcome,outcome.deprecated,mr_keep.outcome,data_source.outcome,samplesize.exposure,pos.exposure,se.exposure,pval.exposure,chr.exposure,id.exposure,exposure,mr_keep.exposure,pval_origin.exposure,data_source.exposure,action,SNP_index,mr_keep
1,rs11745324,A,G,A,G,-0.0528,-0.0687,NA,0.2238,FALSE,FALSE,FALSE,Atrial fibrillation,5,137012171,0.0081,1030836,1.52E-17,Atrial fibrillation || id:ebi-a-GCST006414,Atrial fibrillation,Atrial fibrillation ||  || ,TRUE,igd,977323,137012171,0.0095,2.34E-08,5,Heart failure,Heart failure || id:ebi-a-GCST009541,TRUE,reported,igd,2,1,TRUE
2,rs1510226,C,T,C,T,0.162,0.0714,NA,0.0187,FALSE,FALSE,FALSE,Atrial fibrillation,6,160816409,0.0256,1030836,0.00524397,Atrial fibrillation || id:ebi-a-GCST006414,Atrial fibrillation,Atrial fibrillation ||  || ,TRUE,igd,977323,160816409,0.0285,1.27E-08,6,Heart failure,Heart failure || id:ebi-a-GCST009541,TRUE,reported,igd,2,1,TRUE
3,rs17042102,A,G,A,G,0.1103,0.4222,NA,0.1054,FALSE,FALSE,FALSE,Atrial fibrillation,4,111668626,0.0103,1030836,0,Atrial fibrillation || id:ebi-a-GCST006414,Atrial fibrillation,Atrial fibrillation ||  || ,TRUE,igd,977323,111668626,0.0121,5.71E-20,4,Heart failure,Heart failure || id:ebi-a-GCST009541,TRUE,reported,igd,2,1,TRUE
4,rs17617337,T,C,T,C,-0.0561,0.0093,NA,0.2264,FALSE,FALSE,FALSE,Atrial fibrillation,10,121426884,0.008,1030836,0.2485,Atrial fibrillation || id:ebi-a-GCST006414,Atrial fibrillation,Atrial fibrillation ||  || ,TRUE,igd,977323,121426884,0.0095,3.65E-09,10,Heart failure,Heart failure || id:ebi-a-GCST009541,TRUE,reported,igd,2,1,TRUE
5,rs4135240,C,T,C,T,-0.0486,-0.0251,NA,0.3436,FALSE,FALSE,FALSE,Atrial fibrillation,6,36647680,0.0071,1030836,0.0003764,Atrial fibrillation || id:ebi-a-GCST006414,Atrial fibrillation,Atrial fibrillation ||  || ,TRUE,igd,977323,36647680,0.0084,6.84E-09,6,Heart failure,Heart failure || id:ebi-a-GCST009541,TRUE,reported,igd,2,1,TRUE
6,rs55730499,T,C,T,C,0.1058,0.0578,NA,0.0727,FALSE,FALSE,FALSE,Atrial fibrillation,6,161005610,0.0139,1030836,3.45E-05,Atrial fibrillation || id:ebi-a-GCST006414,Atrial fibrillation,Atrial fibrillation ||  || ,TRUE,igd,977323,161005610,0.0157,1.83E-11,6,Heart failure,Heart failure || id:ebi-a-GCST009541,TRUE,reported,igd,2,1,TRUE
7,rs56094641,G,A,G,A,0.0454,0.0291,NA,0.4139,FALSE,FALSE,FALSE,Atrial fibrillation,16,53806453,0.0067,1030836,1.53E-05,Atrial fibrillation || id:ebi-a-GCST006414,Atrial fibrillation,Atrial fibrillation ||  || ,TRUE,igd,977323,53806453,0.008,1.21E-08,16,Heart failure,Heart failure || id:ebi-a-GCST009541,TRUE,reported,igd,2,1,TRUE
8,rs660240,C,T,C,T,0.0611,0.013,NA,0.7692,FALSE,FALSE,FALSE,Atrial fibrillation,1,109817838,0.008,1030836,0.1062,Atrial fibrillation || id:ebi-a-GCST006414,Atrial fibrillation,Atrial fibrillation ||  || ,TRUE,igd,977323,109817838,0.0097,3.25E-10,1,Heart failure,Heart failure || id:ebi-a-GCST009541,TRUE,reported,igd,2,1,TRUE
