,SNP,effect_allele.exposure,other_allele.exposure,effect_allele.outcome,other_allele.outcome,beta.exposure,beta.outcome,eaf.exposure,eaf.outcome,remove,palindromic,ambiguous,id.outcome,chr,pos,se.outcome,samplesize.outcome,pval.outcome,outcome,originalname.outcome,outcome.deprecated,mr_keep.outcome,data_source.outcome,chr.exposure,pos.exposure,se.exposure,pval.exposure,samplesize.exposure,id.exposure,exposure,mr_keep.exposure,pval_origin.exposure,data_source.exposure,action,SNP_index,mr_keep
1,rs10065697,C,T,C,T,0.4528,0.0139,0.1395,0.1102,FALSE,FALSE,FALSE,Atrial fibrillation,5,41273171,0.0107,1030836,0.1949,Atrial fibrillation || id:ebi-a-GCST006414,Atrial fibrillation,Atrial fibrillation ||  || ,TRUE,igd,5,41273171,0.098,3.84E-06,NA,Hepatic failure, || id:finn-b-K11_HEPFAIL,TRUE,reported,igd,2,1,TRUE
2,rs10100139,C,T,C,T,-0.2858,-0.005,0.3659,0.38,FALSE,FALSE,FALSE,Atrial fibrillation,8,104162375,0.0069,1030836,0.4704,Atrial fibrillation || id:ebi-a-GCST006414,Atrial fibrillation,Atrial fibrillation ||  || ,TRUE,igd,8,104162375,0.0689,3.33E-05,NA,Hepatic failure, || id:finn-b-K11_HEPFAIL,TRUE,reported,igd,2,1,TRUE
3,rs10275294,T,C,T,C,2.0945,0.0087,0.007655,0.0247,FALSE,FALSE,FALSE,Atrial fibrillation,7,126922160,0.0214,1030836,0.684499,Atrial fibrillation || id:ebi-a-GCST006414,Atrial fibrillation,Atrial fibrillation ||  || ,TRUE,igd,7,126922160,0.4615,5.66E-06,NA,Hepatic failure, || id:finn-b-K11_HEPFAIL,TRUE,reported,igd,2,1,TRUE
4,rs10479453,T,C,T,C,0.2795,-8.00E-04,0.4163,0.4124,FALSE,FALSE,FALSE,Atrial fibrillation,5,179457898,0.0068,1030836,0.9043,Atrial fibrillation || id:ebi-a-GCST006414,Atrial fibrillation,Atrial fibrillation ||  || ,TRUE,igd,5,179457898,0.0677,3.69E-05,NA,Hepatic failure, || id:finn-b-K11_HEPFAIL,TRUE,reported,igd,2,1,TRUE
5,rs10869706,C,G,C,G,0.5711,0.0141,0.07142,0.0962,FALSE,TRUE,FALSE,Atrial fibrillation,9,78747269,0.012,1030836,0.2411,Atrial fibrillation || id:ebi-a-GCST006414,Atrial fibrillation,Atrial fibrillation ||  || ,TRUE,igd,9,78747269,0.1341,2.04E-05,NA,Hepatic failure, || id:finn-b-K11_HEPFAIL,TRUE,reported,igd,2,1,TRUE
6,rs111354801,T,C,T,C,0.7459,0.0133,0.03791,0.0291,FALSE,FALSE,FALSE,Atrial fibrillation,16,86496913,0.0221,1030836,0.5469,Atrial fibrillation || id:ebi-a-GCST006414,Atrial fibrillation,Atrial fibrillation ||  || ,TRUE,igd,16,86496913,0.1838,4.96E-05,NA,Hepatic failure, || id:finn-b-K11_HEPFAIL,TRUE,reported,igd,2,1,TRUE
7,rs111384592,A,G,A,G,1.05,-0.0167,0.03657,0.0506,FALSE,FALSE,FALSE,Atrial fibrillation,7,148756776,0.017,1030836,0.3272,Atrial fibrillation || id:ebi-a-GCST006414,Atrial fibrillation,Atrial fibrillation ||  || ,TRUE,igd,7,148756776,0.1967,9.36E-08,NA,Hepatic failure, || id:finn-b-K11_HEPFAIL,TRUE,reported,igd,2,1,TRUE
8,rs11225315,A,G,A,G,0.428,-0.017,0.1418,0.1407,FALSE,FALSE,FALSE,Atrial fibrillation,11,102418809,0.0099,1030836,0.0848203,Atrial fibrillation || id:ebi-a-GCST006414,Atrial fibrillation,Atrial fibrillation ||  || ,TRUE,igd,11,102418809,0.097,1.03E-05,NA,Hepatic failure, || id:finn-b-K11_HEPFAIL,TRUE,reported,igd,2,1,TRUE
9,rs11232141,G,A,G,A,-0.5172,0.018,0.09812,0.0907,FALSE,FALSE,FALSE,Atrial fibrillation,11,80146986,0.0114,1030836,0.1154,Atrial fibrillation || id:ebi-a-GCST006414,Atrial fibrillation,Atrial fibrillation ||  || ,TRUE,igd,11,80146986,0.1149,6.76E-06,NA,Hepatic failure, || id:finn-b-K11_HEPFAIL,TRUE,reported,igd,2,1,TRUE
10,rs1128349,T,C,T,C,0.284,0.0026,0.3981,0.4505,FALSE,FALSE,FALSE,Atrial fibrillation,7,73097654,0.0067,1030836,0.6991,Atrial fibrillation || id:ebi-a-GCST006414,Atrial fibrillation,Atrial fibrillation ||  || ,TRUE,igd,7,73097654,0.0676,2.66E-05,NA,Hepatic failure, || id:finn-b-K11_HEPFAIL,TRUE,reported,igd,2,1,TRUE
11,rs114681641,T,C,T,C,1.4914,-0.0103,0.01331,0.0184,FALSE,FALSE,FALSE,Atrial fibrillation,4,14235369,0.0294,1030836,0.726599,Atrial fibrillation || id:ebi-a-GCST006414,Atrial fibrillation,Atrial fibrillation ||  || ,TRUE,igd,4,14235369,0.3312,6.69E-06,NA,Hepatic failure, || id:finn-b-K11_HEPFAIL,TRUE,reported,igd,2,1,TRUE
12,rs114760190,G,A,G,A,4.6192,-0.0454,0.002339,0.0137,FALSE,FALSE,FALSE,Atrial fibrillation,1,108106321,0.0354,1030836,0.1991,Atrial fibrillation || id:ebi-a-GCST006414,Atrial fibrillation,Atrial fibrillation ||  || ,TRUE,igd,1,108106321,0.9554,1.33E-06,NA,Hepatic failure, || id:finn-b-K11_HEPFAIL,TRUE,reported,igd,2,1,TRUE
13,rs115130242,A,G,A,G,0.746,-0.0207,0.04055,0.0469,FALSE,FALSE,FALSE,Atrial fibrillation,4,172555114,0.0194,1030836,0.2861,Atrial fibrillation || id:ebi-a-GCST006414,Atrial fibrillation,Atrial fibrillation ||  || ,TRUE,igd,4,172555114,0.1779,2.75E-05,NA,Hepatic failure, || id:finn-b-K11_HEPFAIL,TRUE,reported,igd,2,1,TRUE
14,rs115895648,A,G,A,G,1.0398,-0.0288,0.02178,0.0176,FALSE,FALSE,FALSE,Atrial fibrillation,2,63716245,0.0278,1030836,0.3013,Atrial fibrillation || id:ebi-a-GCST006414,Atrial fibrillation,Atrial fibrillation ||  || ,TRUE,igd,2,63716245,0.2451,2.21E-05,NA,Hepatic failure, || id:finn-b-K11_HEPFAIL,TRUE,reported,igd,2,1,TRUE
15,rs11593705,T,C,T,C,0.5483,-0.0074,0.06989,0.1055,FALSE,FALSE,FALSE,Atrial fibrillation,10,72686091,0.0115,1030836,0.5226,Atrial fibrillation || id:ebi-a-GCST006414,Atrial fibrillation,Atrial fibrillation ||  || ,TRUE,igd,10,72686091,0.1344,4.49E-05,NA,Hepatic failure, || id:finn-b-K11_HEPFAIL,TRUE,reported,igd,2,1,TRUE
16,rs11661686,T,C,T,C,1.2259,-0.0141,0.01552,0.0139,FALSE,FALSE,FALSE,Atrial fibrillation,18,847479,0.0356,1030836,0.6924,Atrial fibrillation || id:ebi-a-GCST006414,Atrial fibrillation,Atrial fibrillation ||  || ,TRUE,igd,18,847479,0.3017,4.85E-05,NA,Hepatic failure, || id:finn-b-K11_HEPFAIL,TRUE,reported,igd,2,1,TRUE
17,rs116850970,C,T,C,T,0.6512,-0.0037,0.05268,0.0278,FALSE,FALSE,FALSE,Atrial fibrillation,13,105471665,0.0241,1030836,0.8775,Atrial fibrillation || id:ebi-a-GCST006414,Atrial fibrillation,Atrial fibrillation ||  || ,TRUE,igd,13,105471665,0.1581,3.81E-05,NA,Hepatic failure, || id:finn-b-K11_HEPFAIL,TRUE,reported,igd,2,1,TRUE
18,rs116959374,A,G,A,G,3.1309,-0.0178,0.003508,0.0134,FALSE,FALSE,FALSE,Atrial fibrillation,11,102846208,0.0339,1030836,0.5983,Atrial fibrillation || id:ebi-a-GCST006414,Atrial fibrillation,Atrial fibrillation ||  || ,TRUE,igd,11,102846208,0.7224,1.47E-05,NA,Hepatic failure, || id:finn-b-K11_HEPFAIL,TRUE,reported,igd,2,1,TRUE
19,rs117492104,T,C,T,C,1.2693,0.0357,0.01492,0.0233,FALSE,FALSE,FALSE,Atrial fibrillation,7,156348767,0.0254,1030836,0.1594,Atrial fibrillation || id:ebi-a-GCST006414,Atrial fibrillation,Atrial fibrillation ||  || ,TRUE,igd,7,156348767,0.3049,3.15E-05,NA,Hepatic failure, || id:finn-b-K11_HEPFAIL,TRUE,reported,igd,2,1,TRUE
20,rs117543390,T,C,T,C,2.2017,0.0574,0.006346,0.0174,FALSE,FALSE,FALSE,Atrial fibrillation,18,59641335,0.0343,1030836,0.0946194,Atrial fibrillation || id:ebi-a-GCST006414,Atrial fibrillation,Atrial fibrillation ||  || ,TRUE,igd,18,59641335,0.5066,1.39E-05,NA,Hepatic failure, || id:finn-b-K11_HEPFAIL,TRUE,reported,igd,2,1,TRUE
21,rs117609926,C,A,C,A,1.7536,-0.0215,0.00872,0.0155,FALSE,FALSE,FALSE,Atrial fibrillation,14,46572740,0.0314,1030836,0.4928,Atrial fibrillation || id:ebi-a-GCST006414,Atrial fibrillation,Atrial fibrillation ||  || ,TRUE,igd,14,46572740,0.4119,2.07E-05,NA,Hepatic failure, || id:finn-b-K11_HEPFAIL,TRUE,reported,igd,2,1,TRUE
22,rs117864626,A,C,A,C,1.2299,-0.0045,0.01737,0.0148,FALSE,FALSE,FALSE,Atrial fibrillation,12,2887709,0.0368,1030836,0.9032,Atrial fibrillation || id:ebi-a-GCST006414,Atrial fibrillation,Atrial fibrillation ||  || ,TRUE,igd,12,2887709,0.2923,2.58E-05,NA,Hepatic failure, || id:finn-b-K11_HEPFAIL,TRUE,reported,igd,2,1,TRUE
23,rs12331507,T,C,T,C,0.3766,-0.0042,0.2956,0.3348,FALSE,FALSE,FALSE,Atrial fibrillation,4,56011889,0.007,1030836,0.5498,Atrial fibrillation || id:ebi-a-GCST006414,Atrial fibrillation,Atrial fibrillation ||  || ,TRUE,igd,4,56011889,0.0732,2.63E-07,NA,Hepatic failure, || id:finn-b-K11_HEPFAIL,TRUE,reported,igd,2,1,TRUE
24,rs138980623,A,G,A,G,2.2764,-0.0158,0.006149,0.024,FALSE,FALSE,FALSE,Atrial fibrillation,6,133825150,0.0277,1030836,0.5701,Atrial fibrillation || id:ebi-a-GCST006414,Atrial fibrillation,Atrial fibrillation ||  || ,TRUE,igd,6,133825150,0.531,1.81E-05,NA,Hepatic failure, || id:finn-b-K11_HEPFAIL,TRUE,reported,igd,2,1,TRUE
25,rs139871239,T,C,T,C,1.1213,-0.0092,0.0183,0.0186,FALSE,FALSE,FALSE,Atrial fibrillation,3,63105077,0.0338,1030836,0.7845,Atrial fibrillation || id:ebi-a-GCST006414,Atrial fibrillation,Atrial fibrillation ||  || ,TRUE,igd,3,63105077,0.2682,2.91E-05,NA,Hepatic failure, || id:finn-b-K11_HEPFAIL,TRUE,reported,igd,2,1,TRUE
26,rs140194486,A,C,A,C,2.9657,-0.0068,0.004078,0.0138,FALSE,FALSE,FALSE,Atrial fibrillation,16,48206497,0.0374,1030836,0.8558,Atrial fibrillation || id:ebi-a-GCST006414,Atrial fibrillation,Atrial fibrillation ||  || ,TRUE,igd,16,48206497,0.6523,5.45E-06,NA,Hepatic failure, || id:finn-b-K11_HEPFAIL,TRUE,reported,igd,2,1,TRUE
27,rs140823737,A,G,A,G,0.4794,9.00E-04,0.09394,0.1006,FALSE,FALSE,FALSE,Atrial fibrillation,2,10069567,0.0116,1030836,0.9377,Atrial fibrillation || id:ebi-a-GCST006414,Atrial fibrillation,Atrial fibrillation ||  || ,TRUE,igd,2,10069567,0.1167,3.97E-05,NA,Hepatic failure, || id:finn-b-K11_HEPFAIL,TRUE,reported,igd,2,1,TRUE
28,rs141614373,C,T,C,T,0.7964,0.0186,0.03498,0.0462,FALSE,FALSE,FALSE,Atrial fibrillation,4,94780413,0.0184,1030836,0.3131,Atrial fibrillation || id:ebi-a-GCST006414,Atrial fibrillation,Atrial fibrillation ||  || ,TRUE,igd,4,94780413,0.193,3.67E-05,NA,Hepatic failure, || id:finn-b-K11_HEPFAIL,TRUE,reported,igd,2,1,TRUE
29,rs141767135,G,A,G,A,1.8947,-0.019,0.007866,0.0178,FALSE,FALSE,FALSE,Atrial fibrillation,19,37994910,0.0312,1030836,0.5439,Atrial fibrillation || id:ebi-a-GCST006414,Atrial fibrillation,Atrial fibrillation ||  || ,TRUE,igd,19,37994910,0.438,1.52E-05,NA,Hepatic failure, || id:finn-b-K11_HEPFAIL,TRUE,reported,igd,2,1,TRUE
30,rs143273724,C,T,C,T,0.9687,0.0119,0.02641,0.0184,FALSE,FALSE,FALSE,Atrial fibrillation,6,78615142,0.0317,1030836,0.706999,Atrial fibrillation || id:ebi-a-GCST006414,Atrial fibrillation,Atrial fibrillation ||  || ,TRUE,igd,6,78615142,0.2238,1.50E-05,NA,Hepatic failure, || id:finn-b-K11_HEPFAIL,TRUE,reported,igd,2,1,TRUE
31,rs144139297,A,G,A,G,2.5907,-0.0107,0.005071,0.0255,FALSE,FALSE,FALSE,Atrial fibrillation,3,115026356,0.0262,1030836,0.6829,Atrial fibrillation || id:ebi-a-GCST006414,Atrial fibrillation,Atrial fibrillation ||  || ,TRUE,igd,3,115026356,0.6036,1.77E-05,NA,Hepatic failure, || id:finn-b-K11_HEPFAIL,TRUE,reported,igd,2,1,TRUE
32,rs144807196,T,C,T,C,0.5322,0.0161,0.08325,0.0487,FALSE,FALSE,FALSE,Atrial fibrillation,13,104027991,0.0306,1030836,0.5995,Atrial fibrillation || id:ebi-a-GCST006414,Atrial fibrillation,Atrial fibrillation ||  || ,TRUE,igd,13,104027991,0.1273,2.90E-05,NA,Hepatic failure, || id:finn-b-K11_HEPFAIL,TRUE,reported,igd,2,1,TRUE
33,rs147898278,T,C,T,C,1.2165,-0.0305,0.01613,0.0419,FALSE,FALSE,FALSE,Atrial fibrillation,13,111257204,0.0187,1030836,0.1015,Atrial fibrillation || id:ebi-a-GCST006414,Atrial fibrillation,Atrial fibrillation ||  || ,TRUE,igd,13,111257204,0.296,3.96E-05,NA,Hepatic failure, || id:finn-b-K11_HEPFAIL,TRUE,reported,igd,2,1,TRUE
34,rs148092103,T,C,T,C,0.7534,-0.0211,0.03764,0.04,FALSE,FALSE,FALSE,Atrial fibrillation,20,32711031,0.0199,1030836,0.2904,Atrial fibrillation || id:ebi-a-GCST006414,Atrial fibrillation,Atrial fibrillation ||  || ,TRUE,igd,20,32711031,0.1846,4.49E-05,NA,Hepatic failure, || id:finn-b-K11_HEPFAIL,TRUE,reported,igd,2,1,TRUE
35,rs149210534,T,G,T,G,0.9705,0.0012,0.02897,0.0115,FALSE,FALSE,FALSE,Atrial fibrillation,15,63856772,0.0357,1030836,0.9739,Atrial fibrillation || id:ebi-a-GCST006414,Atrial fibrillation,Atrial fibrillation ||  || ,TRUE,igd,15,63856772,0.2155,6.70E-06,NA,Hepatic failure, || id:finn-b-K11_HEPFAIL,TRUE,reported,igd,2,1,TRUE
36,rs150838762,T,C,T,C,2.0531,0.0141,0.006428,0.0053,FALSE,FALSE,FALSE,Atrial fibrillation,17,61272959,0.0659,1030836,0.8303,Atrial fibrillation || id:ebi-a-GCST006414,Atrial fibrillation,Atrial fibrillation ||  || ,TRUE,igd,17,61272959,0.4932,3.15E-05,NA,Hepatic failure, || id:finn-b-K11_HEPFAIL,TRUE,reported,igd,2,1,TRUE
37,rs17172851,C,A,C,A,1.2773,0.0301,0.01513,0.0333,FALSE,FALSE,FALSE,Atrial fibrillation,7,47357097,0.0199,1030836,0.1307,Atrial fibrillation || id:ebi-a-GCST006414,Atrial fibrillation,Atrial fibrillation ||  || ,TRUE,igd,7,47357097,0.3086,3.48E-05,NA,Hepatic failure, || id:finn-b-K11_HEPFAIL,TRUE,reported,igd,2,1,TRUE
38,rs2011243,A,G,A,G,-0.462,-0.0034,0.8997,0.8902,FALSE,FALSE,FALSE,Atrial fibrillation,17,39636044,0.0122,1030836,0.7802,Atrial fibrillation || id:ebi-a-GCST006414,Atrial fibrillation,Atrial fibrillation ||  || ,TRUE,igd,17,39636044,0.1123,3.89E-05,NA,Hepatic failure, || id:finn-b-K11_HEPFAIL,TRUE,reported,igd,2,1,TRUE
39,rs202137932,T,G,T,G,0.6,0.0042,0.05931,0.0838,FALSE,FALSE,FALSE,Atrial fibrillation,8,32093631,0.0299,1030836,0.8883,Atrial fibrillation || id:ebi-a-GCST006414,Atrial fibrillation,Atrial fibrillation ||  || ,TRUE,igd,8,32093631,0.1458,3.87E-05,NA,Hepatic failure, || id:finn-b-K11_HEPFAIL,TRUE,reported,igd,2,1,TRUE
40,rs2224304,T,C,T,C,-0.3195,0.0059,0.4056,0.3904,FALSE,FALSE,FALSE,Atrial fibrillation,20,37909315,0.0069,1030836,0.3896,Atrial fibrillation || id:ebi-a-GCST006414,Atrial fibrillation,Atrial fibrillation ||  || ,TRUE,igd,20,37909315,0.0676,2.28E-06,NA,Hepatic failure, || id:finn-b-K11_HEPFAIL,TRUE,reported,igd,2,1,TRUE
41,rs2683302,G,C,G,C,0.3194,0.0182,0.6704,0.6706,FALSE,TRUE,FALSE,Atrial fibrillation,8,19101196,0.0075,1030836,0.01546,Atrial fibrillation || id:ebi-a-GCST006414,Atrial fibrillation,Atrial fibrillation ||  || ,TRUE,igd,8,19101196,0.0711,7.02E-06,NA,Hepatic failure, || id:finn-b-K11_HEPFAIL,TRUE,reported,igd,2,1,TRUE
42,rs27973,C,T,C,T,0.5569,-6.00E-04,0.929,0.9123,FALSE,FALSE,FALSE,Atrial fibrillation,5,132733846,0.0141,1030836,0.9666,Atrial fibrillation || id:ebi-a-GCST006414,Atrial fibrillation,Atrial fibrillation ||  || ,TRUE,igd,5,132733846,0.1345,3.44E-05,NA,Hepatic failure, || id:finn-b-K11_HEPFAIL,TRUE,reported,igd,2,1,TRUE
43,rs2818291,T,C,T,C,0.4769,-9.00E-04,0.1315,0.137,FALSE,FALSE,FALSE,Atrial fibrillation,6,92149334,0.0096,1030836,0.9275,Atrial fibrillation || id:ebi-a-GCST006414,Atrial fibrillation,Atrial fibrillation ||  || ,TRUE,igd,6,92149334,0.1002,1.93E-06,NA,Hepatic failure, || id:finn-b-K11_HEPFAIL,TRUE,reported,igd,2,1,TRUE
44,rs35780573,G,C,G,C,2.3763,-0.0424,0.005961,0.01,FALSE,TRUE,FALSE,Atrial fibrillation,16,85058975,0.04,1030836,0.2899,Atrial fibrillation || id:ebi-a-GCST006414,Atrial fibrillation,Atrial fibrillation ||  || ,TRUE,igd,16,85058975,0.5215,5.19E-06,NA,Hepatic failure, || id:finn-b-K11_HEPFAIL,TRUE,reported,igd,2,1,TRUE
45,rs3966364,T,C,T,C,-0.2934,0.0078,0.54,0.5079,FALSE,FALSE,FALSE,Atrial fibrillation,22,22746614,0.0087,1030836,0.3694,Atrial fibrillation || id:ebi-a-GCST006414,Atrial fibrillation,Atrial fibrillation ||  || ,TRUE,igd,22,22746614,0.0677,1.48E-05,NA,Hepatic failure, || id:finn-b-K11_HEPFAIL,TRUE,reported,igd,2,1,TRUE
46,rs41268619,T,C,T,C,0.8388,0.008,0.03917,0.0722,FALSE,FALSE,FALSE,Atrial fibrillation,3,187086400,0.0137,1030836,0.5592,Atrial fibrillation || id:ebi-a-GCST006414,Atrial fibrillation,Atrial fibrillation ||  || ,TRUE,igd,3,187086400,0.183,4.56E-06,NA,Hepatic failure, || id:finn-b-K11_HEPFAIL,TRUE,reported,igd,2,1,TRUE
47,rs535286438,T,C,T,C,6.3014,0.0227,0.001111,0.0043,FALSE,FALSE,FALSE,Atrial fibrillation,4,170760614,0.1279,1030836,0.8591,Atrial fibrillation || id:ebi-a-GCST006414,Atrial fibrillation,Atrial fibrillation ||  || ,TRUE,igd,4,170760614,1.4599,1.59E-05,NA,Hepatic failure, || id:finn-b-K11_HEPFAIL,TRUE,reported,igd,2,1,TRUE
48,rs546180018,A,G,A,G,0.9936,-0.0123,0.02612,0.0265,FALSE,FALSE,FALSE,Atrial fibrillation,13,112691207,0.0517,1030836,0.8118,Atrial fibrillation || id:ebi-a-GCST006414,Atrial fibrillation,Atrial fibrillation ||  || ,TRUE,igd,13,112691207,0.2316,1.78E-05,NA,Hepatic failure, || id:finn-b-K11_HEPFAIL,TRUE,reported,igd,2,1,TRUE
49,rs548314174,T,C,T,C,1.4381,0.0436,0.01195,0.0226,FALSE,FALSE,FALSE,Atrial fibrillation,10,5218958,0.0736,1030836,0.554,Atrial fibrillation || id:ebi-a-GCST006414,Atrial fibrillation,Atrial fibrillation ||  || ,TRUE,igd,10,5218958,0.3524,4.48E-05,NA,Hepatic failure, || id:finn-b-K11_HEPFAIL,TRUE,reported,igd,2,1,TRUE
50,rs57319470,G,A,G,A,0.4924,-0.0048,0.09266,0.0677,FALSE,FALSE,FALSE,Atrial fibrillation,15,91964379,0.0138,1030836,0.7267,Atrial fibrillation || id:ebi-a-GCST006414,Atrial fibrillation,Atrial fibrillation ||  || ,TRUE,igd,15,91964379,0.1172,2.64E-05,NA,Hepatic failure, || id:finn-b-K11_HEPFAIL,TRUE,reported,igd,2,1,TRUE
51,rs6045129,A,T,A,T,0.3225,-0.0024,0.2481,0.1951,FALSE,TRUE,FALSE,Atrial fibrillation,20,17978863,0.0085,1030836,0.781399,Atrial fibrillation || id:ebi-a-GCST006414,Atrial fibrillation,Atrial fibrillation ||  || ,TRUE,igd,20,17978863,0.0774,3.12E-05,NA,Hepatic failure, || id:finn-b-K11_HEPFAIL,TRUE,reported,igd,2,1,TRUE
52,rs61125113,A,G,A,G,0.5846,0.0024,0.08226,0.1564,FALSE,FALSE,FALSE,Atrial fibrillation,2,239504213,0.0091,1030836,0.7922,Atrial fibrillation || id:ebi-a-GCST006414,Atrial fibrillation,Atrial fibrillation ||  || ,TRUE,igd,2,239504213,0.1252,3.04E-06,NA,Hepatic failure, || id:finn-b-K11_HEPFAIL,TRUE,reported,igd,2,1,TRUE
53,rs62061545,G,T,G,T,1.3369,0.0192,0.01319,0.0225,FALSE,FALSE,FALSE,Atrial fibrillation,17,6616669,0.0291,1030836,0.51,Atrial fibrillation || id:ebi-a-GCST006414,Atrial fibrillation,Atrial fibrillation ||  || ,TRUE,igd,17,6616669,0.321,3.11E-05,NA,Hepatic failure, || id:finn-b-K11_HEPFAIL,TRUE,reported,igd,2,1,TRUE
54,rs62438457,C,T,C,T,-0.4987,-0.0071,0.0901,0.1325,FALSE,FALSE,FALSE,Atrial fibrillation,6,74334336,0.0097,1030836,0.4609,Atrial fibrillation || id:ebi-a-GCST006414,Atrial fibrillation,Atrial fibrillation ||  || ,TRUE,igd,6,74334336,0.1183,2.48E-05,NA,Hepatic failure, || id:finn-b-K11_HEPFAIL,TRUE,reported,igd,2,1,TRUE
55,rs6475467,T,C,T,C,-0.3069,-0.0067,0.315,0.3862,FALSE,FALSE,FALSE,Atrial fibrillation,9,20638248,0.007,1030836,0.3363,Atrial fibrillation || id:ebi-a-GCST006414,Atrial fibrillation,Atrial fibrillation ||  || ,TRUE,igd,9,20638248,0.0715,1.76E-05,NA,Hepatic failure, || id:finn-b-K11_HEPFAIL,TRUE,reported,igd,2,1,TRUE
56,rs6584111,T,A,T,A,0.3368,0.0034,0.7072,0.6864,FALSE,TRUE,FALSE,Atrial fibrillation,10,83297559,0.0109,1030836,0.7558,Atrial fibrillation || id:ebi-a-GCST006414,Atrial fibrillation,Atrial fibrillation ||  || ,TRUE,igd,10,83297559,0.074,5.41E-06,NA,Hepatic failure, || id:finn-b-K11_HEPFAIL,TRUE,reported,igd,2,1,TRUE
57,rs66951552,A,T,A,T,0.9448,-3.00E-04,0.03413,0.0512,FALSE,TRUE,FALSE,Atrial fibrillation,7,75378711,0.017,1030836,0.9878,Atrial fibrillation || id:ebi-a-GCST006414,Atrial fibrillation,Atrial fibrillation ||  || ,TRUE,igd,7,75378711,0.2011,2.63E-06,NA,Hepatic failure, || id:finn-b-K11_HEPFAIL,TRUE,reported,igd,2,1,TRUE
58,rs6730680,T,C,T,C,-0.3018,0.0065,0.5891,0.5938,FALSE,FALSE,FALSE,Atrial fibrillation,2,216676844,0.0068,1030836,0.3343,Atrial fibrillation || id:ebi-a-GCST006414,Atrial fibrillation,Atrial fibrillation ||  || ,TRUE,igd,2,216676844,0.0674,7.56E-06,NA,Hepatic failure, || id:finn-b-K11_HEPFAIL,TRUE,reported,igd,2,1,TRUE
59,rs67889340,G,A,G,A,-0.2913,-0.0017,0.3584,0.2696,FALSE,FALSE,FALSE,Atrial fibrillation,3,25326927,0.0077,1030836,0.8202,Atrial fibrillation || id:ebi-a-GCST006414,Atrial fibrillation,Atrial fibrillation ||  || ,TRUE,igd,3,25326927,0.07,3.18E-05,NA,Hepatic failure, || id:finn-b-K11_HEPFAIL,TRUE,reported,igd,2,1,TRUE
60,rs6897971,G,T,G,T,1.3396,-0.0033,0.01534,0.0435,FALSE,FALSE,FALSE,Atrial fibrillation,5,55884741,0.0172,1030836,0.8471,Atrial fibrillation || id:ebi-a-GCST006414,Atrial fibrillation,Atrial fibrillation ||  || ,TRUE,igd,5,55884741,0.3032,9.98E-06,NA,Hepatic failure, || id:finn-b-K11_HEPFAIL,TRUE,reported,igd,2,1,TRUE
61,rs7035714,T,C,T,C,1.0817,0.0016,0.02254,0.0638,FALSE,FALSE,FALSE,Atrial fibrillation,9,4641501,0.0136,1030836,0.9053,Atrial fibrillation || id:ebi-a-GCST006414,Atrial fibrillation,Atrial fibrillation ||  || ,TRUE,igd,9,4641501,0.2436,8.94E-06,NA,Hepatic failure, || id:finn-b-K11_HEPFAIL,TRUE,reported,igd,2,1,TRUE
62,rs7041785,G,T,G,T,0.3955,-0.002,0.1748,0.197,FALSE,FALSE,FALSE,Atrial fibrillation,9,24825467,0.0084,1030836,0.8074,Atrial fibrillation || id:ebi-a-GCST006414,Atrial fibrillation,Atrial fibrillation ||  || ,TRUE,igd,9,24825467,0.0886,8.13E-06,NA,Hepatic failure, || id:finn-b-K11_HEPFAIL,TRUE,reported,igd,2,1,TRUE
63,rs7042625,C,G,C,G,-0.3055,-6.00E-04,0.2802,0.1818,FALSE,TRUE,FALSE,Atrial fibrillation,9,126708175,0.0086,1030836,0.9437,Atrial fibrillation || id:ebi-a-GCST006414,Atrial fibrillation,Atrial fibrillation ||  || ,TRUE,igd,9,126708175,0.0745,4.07E-05,NA,Hepatic failure, || id:finn-b-K11_HEPFAIL,TRUE,reported,igd,2,1,TRUE
64,rs7177131,T,C,T,C,0.6412,0.0065,0.05642,0.0933,FALSE,FALSE,FALSE,Atrial fibrillation,15,63443189,0.0118,1030836,0.5781,Atrial fibrillation || id:ebi-a-GCST006414,Atrial fibrillation,Atrial fibrillation ||  || ,TRUE,igd,15,63443189,0.1476,1.40E-05,NA,Hepatic failure, || id:finn-b-K11_HEPFAIL,TRUE,reported,igd,2,1,TRUE
65,rs72466441,G,A,G,A,1.8041,-0.0207,0.01288,0.0117,FALSE,FALSE,FALSE,Atrial fibrillation,17,74463662,0.0383,1030836,0.588499,Atrial fibrillation || id:ebi-a-GCST006414,Atrial fibrillation,Atrial fibrillation ||  || ,TRUE,igd,17,74463662,0.3551,3.77E-07,NA,Hepatic failure, || id:finn-b-K11_HEPFAIL,TRUE,reported,igd,2,1,TRUE
66,rs72835577,C,G,C,G,0.8131,0.0118,0.03521,0.0331,FALSE,TRUE,FALSE,Atrial fibrillation,10,126150816,0.0218,1030836,0.587899,Atrial fibrillation || id:ebi-a-GCST006414,Atrial fibrillation,Atrial fibrillation ||  || ,TRUE,igd,10,126150816,0.1899,1.85E-05,NA,Hepatic failure, || id:finn-b-K11_HEPFAIL,TRUE,reported,igd,2,1,TRUE
67,rs72961563,T,C,T,C,1.2473,-0.0093,0.01617,0.0098,FALSE,FALSE,FALSE,Atrial fibrillation,6,116113747,0.0427,1030836,0.8272,Atrial fibrillation || id:ebi-a-GCST006414,Atrial fibrillation,Atrial fibrillation ||  || ,TRUE,igd,6,116113747,0.2939,2.20E-05,NA,Hepatic failure, || id:finn-b-K11_HEPFAIL,TRUE,reported,igd,2,1,TRUE
68,rs75848518,A,G,A,G,1.4663,0.0076,0.01234,0.0283,FALSE,FALSE,FALSE,Atrial fibrillation,5,177951866,0.0239,1030836,0.7503,Atrial fibrillation || id:ebi-a-GCST006414,Atrial fibrillation,Atrial fibrillation ||  || ,TRUE,igd,5,177951866,0.3469,2.37E-05,NA,Hepatic failure, || id:finn-b-K11_HEPFAIL,TRUE,reported,igd,2,1,TRUE
69,rs76806791,A,C,A,C,1.4156,-0.0274,0.01297,0.0282,FALSE,FALSE,FALSE,Atrial fibrillation,16,6182155,0.025,1030836,0.2735,Atrial fibrillation || id:ebi-a-GCST006414,Atrial fibrillation,Atrial fibrillation ||  || ,TRUE,igd,16,6182155,0.3286,1.65E-05,NA,Hepatic failure, || id:finn-b-K11_HEPFAIL,TRUE,reported,igd,2,1,TRUE
70,rs77005286,C,T,C,T,6.0208,0.0061,0.001296,0.0083,FALSE,FALSE,FALSE,Atrial fibrillation,18,2826087,0.0423,1030836,0.8862,Atrial fibrillation || id:ebi-a-GCST006414,Atrial fibrillation,Atrial fibrillation ||  || ,TRUE,igd,18,2826087,1.3638,1.01E-05,NA,Hepatic failure, || id:finn-b-K11_HEPFAIL,TRUE,reported,igd,2,1,TRUE
71,rs78137435,T,C,T,C,0.8822,0.0056,0.02742,0.0252,FALSE,FALSE,FALSE,Atrial fibrillation,12,12094208,0.0234,1030836,0.8108,Atrial fibrillation || id:ebi-a-GCST006414,Atrial fibrillation,Atrial fibrillation ||  || ,TRUE,igd,12,12094208,0.2167,4.67E-05,NA,Hepatic failure, || id:finn-b-K11_HEPFAIL,TRUE,reported,igd,2,1,TRUE
72,rs78408228,G,C,G,C,3.6954,-0.0193,0.002597,0.006,FALSE,TRUE,FALSE,Atrial fibrillation,18,21563400,0.0567,1030836,0.733199,Atrial fibrillation || id:ebi-a-GCST006414,Atrial fibrillation,Atrial fibrillation ||  || ,TRUE,igd,18,21563400,0.8147,5.74E-06,NA,Hepatic failure, || id:finn-b-K11_HEPFAIL,TRUE,reported,igd,2,1,TRUE
73,rs78528129,A,T,A,T,1.0479,0.0053,0.02203,0.0342,FALSE,TRUE,FALSE,Atrial fibrillation,2,74257322,0.0206,1030836,0.7981,Atrial fibrillation || id:ebi-a-GCST006414,Atrial fibrillation,Atrial fibrillation ||  || ,TRUE,igd,2,74257322,0.2458,2.02E-05,NA,Hepatic failure, || id:finn-b-K11_HEPFAIL,TRUE,reported,igd,2,1,TRUE
74,rs7865443,A,G,A,G,0.3322,0.006,0.2208,0.219,FALSE,FALSE,FALSE,Atrial fibrillation,9,140798459,0.0084,1030836,0.4795,Atrial fibrillation || id:ebi-a-GCST006414,Atrial fibrillation,Atrial fibrillation ||  || ,TRUE,igd,9,140798459,0.0808,3.95E-05,NA,Hepatic failure, || id:finn-b-K11_HEPFAIL,TRUE,reported,igd,2,1,TRUE
75,rs78960890,A,G,A,G,0.6187,-0.0099,0.0551,0.0916,FALSE,FALSE,FALSE,Atrial fibrillation,17,8084777,0.0124,1030836,0.4264,Atrial fibrillation || id:ebi-a-GCST006414,Atrial fibrillation,Atrial fibrillation ||  || ,TRUE,igd,17,8084777,0.1508,4.09E-05,NA,Hepatic failure, || id:finn-b-K11_HEPFAIL,TRUE,reported,igd,2,1,TRUE
76,rs79159023,T,C,T,C,0.4987,-0.0191,0.08879,0.1167,FALSE,FALSE,FALSE,Atrial fibrillation,2,682021,0.0112,1030836,0.089041,Atrial fibrillation || id:ebi-a-GCST006414,Atrial fibrillation,Atrial fibrillation ||  || ,TRUE,igd,2,682021,0.1199,3.22E-05,NA,Hepatic failure, || id:finn-b-K11_HEPFAIL,TRUE,reported,igd,2,1,TRUE
77,rs7981670,C,A,C,A,4.5499,0.0238,0.001664,0.0087,FALSE,FALSE,FALSE,Atrial fibrillation,13,92866192,0.038,1030836,0.5302,Atrial fibrillation || id:ebi-a-GCST006414,Atrial fibrillation,Atrial fibrillation ||  || ,TRUE,igd,13,92866192,1.1177,4.69E-05,NA,Hepatic failure, || id:finn-b-K11_HEPFAIL,TRUE,reported,igd,2,1,TRUE
78,rs79983076,G,C,G,C,1.6957,-0.0111,0.01002,0.0242,FALSE,TRUE,FALSE,Atrial fibrillation,19,11660887,0.0264,1030836,0.672901,Atrial fibrillation || id:ebi-a-GCST006414,Atrial fibrillation,Atrial fibrillation ||  || ,TRUE,igd,19,11660887,0.3873,1.19E-05,NA,Hepatic failure, || id:finn-b-K11_HEPFAIL,TRUE,reported,igd,2,1,TRUE
79,rs8045994,A,C,A,C,0.2753,0.0016,0.4819,0.5183,FALSE,FALSE,FALSE,Atrial fibrillation,16,27869370,0.0067,1030836,0.8145,Atrial fibrillation || id:ebi-a-GCST006414,Atrial fibrillation,Atrial fibrillation ||  || ,TRUE,igd,16,27869370,0.0665,3.46E-05,NA,Hepatic failure, || id:finn-b-K11_HEPFAIL,TRUE,reported,igd,2,1,TRUE
80,rs8060995,C,A,C,A,0.271,8.00E-04,0.4638,0.3873,FALSE,FALSE,FALSE,Atrial fibrillation,16,10715781,0.0068,1030836,0.9091,Atrial fibrillation || id:ebi-a-GCST006414,Atrial fibrillation,Atrial fibrillation ||  || ,TRUE,igd,16,10715781,0.0663,4.41E-05,NA,Hepatic failure, || id:finn-b-K11_HEPFAIL,TRUE,reported,igd,2,1,TRUE
81,rs8129706,T,C,T,C,0.5615,-5.00E-04,0.1052,0.0806,FALSE,FALSE,FALSE,Atrial fibrillation,21,28476295,0.0121,1030836,0.9659,Atrial fibrillation || id:ebi-a-GCST006414,Atrial fibrillation,Atrial fibrillation ||  || ,TRUE,igd,21,28476295,0.1119,5.26E-07,NA,Hepatic failure, || id:finn-b-K11_HEPFAIL,TRUE,reported,igd,2,1,TRUE
82,rs9719680,G,T,G,T,0.3981,0.0075,0.1718,0.1959,FALSE,FALSE,FALSE,Atrial fibrillation,18,70686100,0.0089,1030836,0.3971,Atrial fibrillation || id:ebi-a-GCST006414,Atrial fibrillation,Atrial fibrillation ||  || ,TRUE,igd,18,70686100,0.0897,8.96E-06,NA,Hepatic failure, || id:finn-b-K11_HEPFAIL,TRUE,reported,igd,2,1,TRUE
