,SNP,effect_allele.exposure,other_allele.exposure,effect_allele.outcome,other_allele.outcome,beta.exposure,beta.outcome,eaf.exposure,eaf.outcome,remove,palindromic,ambiguous,id.outcome,chr,pos,se.outcome,samplesize.outcome,pval.outcome,outcome,originalname.outcome,outcome.deprecated,mr_keep.outcome,data_source.outcome,proxy.outcome,target_snp.outcome,proxy_snp.outcome,target_a1.outcome,target_a2.outcome,proxy_a1.outcome,proxy_a2.outcome,chr.exposure,pos.exposure,se.exposure,pval.exposure,samplesize.exposure,id.exposure,exposure,mr_keep.exposure,pval_origin.exposure,data_source.exposure,action,SNP_index,mr_keep
1,rs10143952,T,C,T,C,-0.1715,-0.0177,0.105672,0.0664,FALSE,FALSE,FALSE,Atrial fibrillation,14,97172525,0.0133,1030836,0.1828,Atrial fibrillation || id:ebi-a-GCST006414,Atrial fibrillation,Atrial fibrillation ||  || ,TRUE,igd,NA,NA,NA,NA,NA,NA,NA,14,97172525,0.0372,4.05E-06,460499,Hyperthyroidism, || id:ebi-a-GCST90018860,TRUE,reported,igd,2,1,TRUE
2,rs10180867,G,A,G,A,-0.1183,0.0057,0.403843,0.4856,FALSE,FALSE,FALSE,Atrial fibrillation,2,228002875,0.0067,1030836,0.3921,Atrial fibrillation || id:ebi-a-GCST006414,Atrial fibrillation,Atrial fibrillation ||  || ,TRUE,igd,NA,NA,NA,NA,NA,NA,NA,2,228002875,0.0277,1.91E-05,460499,Hyperthyroidism, || id:ebi-a-GCST90018860,TRUE,reported,igd,2,1,TRUE
3,rs1019641,G,A,G,A,-0.2104,0.0157,0.0472492,0.0584,FALSE,FALSE,FALSE,Atrial fibrillation,4,35654641,0.0143,1030836,0.2693,Atrial fibrillation || id:ebi-a-GCST006414,Atrial fibrillation,Atrial fibrillation ||  || ,TRUE,igd,NA,NA,NA,NA,NA,NA,NA,4,35654641,0.0498,2.42E-05,460499,Hyperthyroidism, || id:ebi-a-GCST90018860,TRUE,reported,igd,2,1,TRUE
4,rs1023586,C,T,C,T,0.2483,-0.0049,0.425707,0.3824,FALSE,FALSE,FALSE,Atrial fibrillation,14,81462283,0.0069,1030836,0.4724,Atrial fibrillation || id:ebi-a-GCST006414,Atrial fibrillation,Atrial fibrillation ||  || ,TRUE,igd,NA,NA,NA,NA,NA,NA,NA,14,81462283,0.0226,3.77E-28,460499,Hyperthyroidism, || id:ebi-a-GCST90018860,TRUE,reported,igd,2,1,TRUE
5,rs1027025,A,G,A,G,0.3132,0.0366,0.0239405,0.0223,FALSE,FALSE,FALSE,Atrial fibrillation,11,87742982,0.0237,1030836,0.122,Atrial fibrillation || id:ebi-a-GCST006414,Atrial fibrillation,Atrial fibrillation ||  || ,TRUE,igd,NA,NA,NA,NA,NA,NA,NA,11,87742982,0.0758,3.61E-05,460499,Hyperthyroidism, || id:ebi-a-GCST90018860,TRUE,reported,igd,2,1,TRUE
6,rs10280499,C,G,C,G,0.2123,9.00E-04,0.93105,0.9014,FALSE,TRUE,FALSE,Atrial fibrillation,7,150453748,0.0133,1030836,0.9447,Atrial fibrillation || id:ebi-a-GCST006414,Atrial fibrillation,Atrial fibrillation ||  || ,TRUE,igd,NA,NA,NA,NA,NA,NA,NA,7,150453748,0.0492,1.59E-05,460499,Hyperthyroidism, || id:ebi-a-GCST90018860,TRUE,reported,igd,2,1,TRUE
7,rs10466390,T,G,T,G,0.1771,-7.00E-04,0.109065,0.0309,FALSE,FALSE,FALSE,Atrial fibrillation,11,28761119,0.0184,1030836,0.9712,Atrial fibrillation || id:ebi-a-GCST006414,Atrial fibrillation,Atrial fibrillation ||  || ,TRUE,igd,NA,NA,NA,NA,NA,NA,NA,11,28761119,0.0406,1.28E-05,460499,Hyperthyroidism, || id:ebi-a-GCST90018860,TRUE,reported,igd,2,1,TRUE
8,rs10774624,A,G,A,G,-0.109,-0.0035,0.537034,0.5378,FALSE,FALSE,FALSE,Atrial fibrillation,12,111833788,0.0069,1030836,0.6158,Atrial fibrillation || id:ebi-a-GCST006414,Atrial fibrillation,Atrial fibrillation ||  || ,TRUE,igd,NA,NA,NA,NA,NA,NA,NA,12,111833788,0.0246,9.48E-06,460499,Hyperthyroidism, || id:ebi-a-GCST90018860,TRUE,reported,igd,2,1,TRUE
9,rs10917469,G,A,G,A,0.1602,0.0198,0.144849,0.1574,FALSE,FALSE,FALSE,Atrial fibrillation,1,19843576,0.0091,1030836,0.0290102,Atrial fibrillation || id:ebi-a-GCST006414,Atrial fibrillation,Atrial fibrillation ||  || ,TRUE,igd,NA,NA,NA,NA,NA,NA,NA,1,19843576,0.0307,1.83E-07,460499,Hyperthyroidism, || id:ebi-a-GCST90018860,TRUE,reported,igd,2,1,TRUE
10,rs10952110,G,T,G,T,-0.1006,-0.0142,0.530718,0.4627,FALSE,FALSE,FALSE,Atrial fibrillation,7,8497922,0.0067,1030836,0.0339,Atrial fibrillation || id:ebi-a-GCST006414,Atrial fibrillation,Atrial fibrillation ||  || ,TRUE,igd,NA,NA,NA,NA,NA,NA,NA,7,8497922,0.0222,5.71E-06,460499,Hyperthyroidism, || id:ebi-a-GCST90018860,TRUE,reported,igd,2,1,TRUE
11,rs11142539,A,G,A,G,-0.0994,0.0082,0.275033,0.268,FALSE,FALSE,FALSE,Atrial fibrillation,9,73284983,0.0074,1030836,0.27,Atrial fibrillation || id:ebi-a-GCST006414,Atrial fibrillation,Atrial fibrillation ||  || ,TRUE,igd,NA,NA,NA,NA,NA,NA,NA,9,73284983,0.0237,2.68E-05,460499,Hyperthyroidism, || id:ebi-a-GCST90018860,TRUE,reported,igd,2,1,TRUE
12,rs111487415,A,T,A,T,0.2715,-0.0243,0.0378485,0.0152,FALSE,TRUE,FALSE,Atrial fibrillation,6,1100068,0.0293,1030836,0.4061,Atrial fibrillation || id:ebi-a-GCST006414,Atrial fibrillation,Atrial fibrillation ||  || ,TRUE,igd,NA,NA,NA,NA,NA,NA,NA,6,1100068,0.0619,1.16E-05,460499,Hyperthyroidism, || id:ebi-a-GCST90018860,TRUE,reported,igd,2,1,TRUE
13,rs1126511,T,G,T,G,-0.1903,-0.0168,0.198475,0.2125,FALSE,FALSE,FALSE,Atrial fibrillation,6,33048466,0.0137,1030836,0.2186,Atrial fibrillation || id:ebi-a-GCST006414,Atrial fibrillation,Atrial fibrillation ||  || ,TRUE,igd,NA,NA,NA,NA,NA,NA,NA,6,33048466,0.0274,3.56E-12,460499,Hyperthyroidism, || id:ebi-a-GCST90018860,TRUE,reported,igd,2,1,TRUE
14,rs113331632,C,T,C,T,0.4237,0.0265,0.0229044,0.0247,FALSE,FALSE,FALSE,Atrial fibrillation,21,30126019,0.0235,1030836,0.2596,Atrial fibrillation || id:ebi-a-GCST006414,Atrial fibrillation,Atrial fibrillation ||  || ,TRUE,igd,NA,NA,NA,NA,NA,NA,NA,21,30126019,0.085,6.22E-07,460499,Hyperthyroidism, || id:ebi-a-GCST90018860,TRUE,reported,igd,2,1,TRUE
15,rs115129586,A,G,A,G,0.3163,0.0041,0.0228621,0.0213,FALSE,FALSE,FALSE,Atrial fibrillation,5,12629754,0.0298,1030836,0.8903,Atrial fibrillation || id:ebi-a-GCST006414,Atrial fibrillation,Atrial fibrillation ||  || ,TRUE,igd,NA,NA,NA,NA,NA,NA,NA,5,12629754,0.0773,4.27E-05,460499,Hyperthyroidism, || id:ebi-a-GCST90018860,TRUE,reported,igd,2,1,TRUE
16,rs115232121,A,G,A,G,0.4569,-0.0325,0.00933774,0.0134,FALSE,FALSE,FALSE,Atrial fibrillation,1,97654207,0.0341,1030836,0.3415,Atrial fibrillation || id:ebi-a-GCST006414,Atrial fibrillation,Atrial fibrillation ||  || ,TRUE,igd,NA,NA,NA,NA,NA,NA,NA,1,97654207,0.1086,2.58E-05,460499,Hyperthyroidism, || id:ebi-a-GCST90018860,TRUE,reported,igd,2,1,TRUE
17,rs116190928,C,G,C,G,0.2351,-0.0109,0.0396268,0.0544,FALSE,TRUE,FALSE,Atrial fibrillation,5,13631644,0.0154,1030836,0.4786,Atrial fibrillation || id:ebi-a-GCST006414,Atrial fibrillation,Atrial fibrillation ||  || ,TRUE,igd,NA,NA,NA,NA,NA,NA,NA,5,13631644,0.0542,1.47E-05,460499,Hyperthyroidism, || id:ebi-a-GCST90018860,TRUE,reported,igd,2,1,TRUE
18,rs11622447,G,A,G,A,0.1332,0.0088,0.135581,0.1751,FALSE,FALSE,FALSE,Atrial fibrillation,14,70301458,0.0089,1030836,0.3257,Atrial fibrillation || id:ebi-a-GCST006414,Atrial fibrillation,Atrial fibrillation ||  || ,TRUE,igd,NA,NA,NA,NA,NA,NA,NA,14,70301458,0.0314,2.22E-05,460499,Hyperthyroidism, || id:ebi-a-GCST90018860,TRUE,reported,igd,2,1,TRUE
19,rs11661686,T,C,T,C,0.4529,-0.0141,0.0143708,0.0139,FALSE,FALSE,FALSE,Atrial fibrillation,18,847479,0.0356,1030836,0.6924,Atrial fibrillation || id:ebi-a-GCST006414,Atrial fibrillation,Atrial fibrillation ||  || ,TRUE,igd,NA,NA,NA,NA,NA,NA,NA,18,847479,0.1047,1.53E-05,460499,Hyperthyroidism, || id:ebi-a-GCST90018860,TRUE,reported,igd,2,1,TRUE
20,rs116847688,A,G,A,G,0.4805,-0.0228,0.0258129,0.0262,FALSE,FALSE,FALSE,Atrial fibrillation,11,29960336,0.0232,1030836,0.3256,Atrial fibrillation || id:ebi-a-GCST006414,Atrial fibrillation,Atrial fibrillation ||  || ,TRUE,igd,NA,NA,NA,NA,NA,NA,NA,11,29960336,0.1071,7.20E-06,460499,Hyperthyroidism, || id:ebi-a-GCST90018860,TRUE,reported,igd,2,1,TRUE
21,rs117059213,A,C,A,C,-0.2996,0.0017,0.0318964,0.0411,FALSE,FALSE,FALSE,Atrial fibrillation,21,42679923,0.0188,1030836,0.9285,Atrial fibrillation || id:ebi-a-GCST006414,Atrial fibrillation,Atrial fibrillation ||  || ,TRUE,igd,NA,NA,NA,NA,NA,NA,NA,21,42679923,0.0718,3.00E-05,460499,Hyperthyroidism, || id:ebi-a-GCST90018860,TRUE,reported,igd,2,1,TRUE
22,rs11735273,T,G,T,G,0.153,-0.0438,0.375764,0.333,FALSE,FALSE,FALSE,Atrial fibrillation,4,59667906,0.0233,1030836,0.0595498,Atrial fibrillation || id:ebi-a-GCST006414,Atrial fibrillation,Atrial fibrillation ||  || ,TRUE,igd,NA,NA,NA,NA,NA,NA,NA,4,59667906,0.0354,1.55E-05,460499,Hyperthyroidism, || id:ebi-a-GCST90018860,TRUE,reported,igd,2,1,TRUE
23,rs117375913,C,G,C,G,0.6377,0.0504,0.00924704,0.0123,FALSE,TRUE,FALSE,Atrial fibrillation,7,55279593,0.0362,1030836,0.1637,Atrial fibrillation || id:ebi-a-GCST006414,Atrial fibrillation,Atrial fibrillation ||  || ,TRUE,igd,NA,NA,NA,NA,NA,NA,NA,7,55279593,0.1435,8.90E-06,460499,Hyperthyroidism, || id:ebi-a-GCST90018860,TRUE,reported,igd,2,1,TRUE
24,rs117433027,T,C,T,C,0.341,-0.0149,0.0226372,0.0294,FALSE,FALSE,FALSE,Atrial fibrillation,17,19929988,0.0257,1030836,0.5608,Atrial fibrillation || id:ebi-a-GCST006414,Atrial fibrillation,Atrial fibrillation ||  || ,TRUE,igd,NA,NA,NA,NA,NA,NA,NA,17,19929988,0.0839,4.81E-05,460499,Hyperthyroidism, || id:ebi-a-GCST90018860,TRUE,reported,igd,2,1,TRUE
25,rs117551543,A,G,A,G,0.3577,0.0151,0.0487856,0.0422,FALSE,FALSE,FALSE,Atrial fibrillation,16,11690327,0.0328,1030836,0.6442,Atrial fibrillation || id:ebi-a-GCST006414,Atrial fibrillation,Atrial fibrillation ||  || ,TRUE,igd,NA,NA,NA,NA,NA,NA,NA,16,11690327,0.0813,1.07E-05,460499,Hyperthyroidism, || id:ebi-a-GCST90018860,TRUE,reported,igd,2,1,TRUE
26,rs11981813,C,T,C,T,0.1542,0.0198,0.107213,0.1435,FALSE,FALSE,FALSE,Atrial fibrillation,7,79899946,0.0095,1030836,0.0380601,Atrial fibrillation || id:ebi-a-GCST006414,Atrial fibrillation,Atrial fibrillation ||  || ,TRUE,igd,NA,NA,NA,NA,NA,NA,NA,7,79899946,0.0346,8.38E-06,460499,Hyperthyroidism, || id:ebi-a-GCST90018860,TRUE,reported,igd,2,1,TRUE
27,rs12136683,C,T,C,T,0.1428,0.0109,0.402235,0.4345,FALSE,FALSE,FALSE,Atrial fibrillation,1,111612825,0.0067,1030836,0.1013,Atrial fibrillation || id:ebi-a-GCST006414,Atrial fibrillation,Atrial fibrillation ||  || ,TRUE,igd,TRUE,rs12136683,rs1282317,C,T,T,C,1,111610331,0.0335,1.97E-05,460499,Hyperthyroidism, || id:ebi-a-GCST90018860,TRUE,reported,igd,2,1,TRUE
28,rs12274645,A,G,A,G,0.1818,-0.0071,0.0898695,0.0999,FALSE,FALSE,FALSE,Atrial fibrillation,11,5139816,0.0111,1030836,0.5202,Atrial fibrillation || id:ebi-a-GCST006414,Atrial fibrillation,Atrial fibrillation ||  || ,TRUE,igd,NA,NA,NA,NA,NA,NA,NA,11,5139816,0.0358,3.81E-07,460499,Hyperthyroidism, || id:ebi-a-GCST90018860,TRUE,reported,igd,2,1,TRUE
29,rs12315192,A,C,A,C,0.1332,0.0042,0.242232,0.139,FALSE,FALSE,FALSE,Atrial fibrillation,12,67209564,0.0096,1030836,0.6578,Atrial fibrillation || id:ebi-a-GCST006414,Atrial fibrillation,Atrial fibrillation ||  || ,TRUE,igd,NA,NA,NA,NA,NA,NA,NA,12,67209564,0.0328,4.76E-05,460499,Hyperthyroidism, || id:ebi-a-GCST90018860,TRUE,reported,igd,2,1,TRUE
30,rs12612769,C,A,C,A,0.1264,0.005,0.218082,0.1819,FALSE,FALSE,FALSE,Atrial fibrillation,2,191953998,0.0086,1030836,0.5596,Atrial fibrillation || id:ebi-a-GCST006414,Atrial fibrillation,Atrial fibrillation ||  || ,TRUE,igd,NA,NA,NA,NA,NA,NA,NA,2,191953998,0.0263,1.48E-06,460499,Hyperthyroidism, || id:ebi-a-GCST90018860,TRUE,reported,igd,2,1,TRUE
31,rs12712356,C,A,C,A,0.1415,-0.0138,0.508259,0.6825,FALSE,FALSE,FALSE,Atrial fibrillation,2,33986064,0.0141,1030836,0.3278,Atrial fibrillation || id:ebi-a-GCST006414,Atrial fibrillation,Atrial fibrillation ||  || ,TRUE,igd,NA,NA,NA,NA,NA,NA,NA,2,33986064,0.0291,1.19E-06,460499,Hyperthyroidism, || id:ebi-a-GCST90018860,TRUE,reported,igd,2,1,TRUE
32,rs12979035,A,C,A,C,0.1907,0.0144,0.103445,0.1144,FALSE,FALSE,FALSE,Atrial fibrillation,19,35213642,0.0108,1030836,0.1843,Atrial fibrillation || id:ebi-a-GCST006414,Atrial fibrillation,Atrial fibrillation ||  || ,TRUE,igd,NA,NA,NA,NA,NA,NA,NA,19,35213642,0.0394,1.33E-06,460499,Hyperthyroidism, || id:ebi-a-GCST90018860,TRUE,reported,igd,2,1,TRUE
33,rs13064363,T,C,T,C,0.1057,0.0119,0.317382,0.2408,FALSE,FALSE,FALSE,Atrial fibrillation,3,150357070,0.0078,1030836,0.1285,Atrial fibrillation || id:ebi-a-GCST006414,Atrial fibrillation,Atrial fibrillation ||  || ,TRUE,igd,NA,NA,NA,NA,NA,NA,NA,3,150357070,0.0242,1.26E-05,460499,Hyperthyroidism, || id:ebi-a-GCST90018860,TRUE,reported,igd,2,1,TRUE
34,rs13176179,T,C,T,C,-0.2664,0.0303,0.050895,0.048,FALSE,FALSE,FALSE,Atrial fibrillation,5,101199304,0.0163,1030836,0.06222,Atrial fibrillation || id:ebi-a-GCST006414,Atrial fibrillation,Atrial fibrillation ||  || ,TRUE,igd,NA,NA,NA,NA,NA,NA,NA,5,101199304,0.0565,2.40E-06,460499,Hyperthyroidism, || id:ebi-a-GCST90018860,TRUE,reported,igd,2,1,TRUE
35,rs138854007,G,C,G,C,0.3066,-0.0184,0.0747425,0.0617,FALSE,TRUE,FALSE,Atrial fibrillation,12,57522257,0.0233,1030836,0.4299,Atrial fibrillation || id:ebi-a-GCST006414,Atrial fibrillation,Atrial fibrillation ||  || ,TRUE,igd,NA,NA,NA,NA,NA,NA,NA,12,57522257,0.0672,4.97E-06,460499,Hyperthyroidism, || id:ebi-a-GCST90018860,TRUE,reported,igd,2,1,TRUE
36,rs142340563,T,C,T,C,0.4965,-0.0363,0.0107536,0.0109,FALSE,FALSE,FALSE,Atrial fibrillation,18,67539728,0.0405,1030836,0.3708,Atrial fibrillation || id:ebi-a-GCST006414,Atrial fibrillation,Atrial fibrillation ||  || ,TRUE,igd,NA,NA,NA,NA,NA,NA,NA,18,67539728,0.1206,3.85E-05,460499,Hyperthyroidism, || id:ebi-a-GCST90018860,TRUE,reported,igd,2,1,TRUE
37,rs143950932,A,C,A,C,0.3898,0.0073,0.0340935,0.037,FALSE,FALSE,FALSE,Atrial fibrillation,4,72584829,0.0214,1030836,0.734199,Atrial fibrillation || id:ebi-a-GCST006414,Atrial fibrillation,Atrial fibrillation ||  || ,TRUE,igd,NA,NA,NA,NA,NA,NA,NA,4,72584829,0.0957,4.64E-05,460499,Hyperthyroidism, || id:ebi-a-GCST90018860,TRUE,reported,igd,2,1,TRUE
38,rs145038393,C,A,C,A,-0.4513,0.0209,0.0149797,0.0193,FALSE,FALSE,FALSE,Atrial fibrillation,3,166860661,0.0289,1030836,0.4693,Atrial fibrillation || id:ebi-a-GCST006414,Atrial fibrillation,Atrial fibrillation ||  || ,TRUE,igd,NA,NA,NA,NA,NA,NA,NA,3,166860661,0.1091,3.53E-05,460499,Hyperthyroidism, || id:ebi-a-GCST90018860,TRUE,reported,igd,2,1,TRUE
39,rs145165723,A,C,A,C,0.4172,0.0208,0.0171162,0.0255,FALSE,FALSE,FALSE,Atrial fibrillation,16,52841906,0.0266,1030836,0.4344,Atrial fibrillation || id:ebi-a-GCST006414,Atrial fibrillation,Atrial fibrillation ||  || ,TRUE,igd,NA,NA,NA,NA,NA,NA,NA,16,52841906,0.0974,1.84E-05,460499,Hyperthyroidism, || id:ebi-a-GCST90018860,TRUE,reported,igd,2,1,TRUE
40,rs145980022,T,G,T,G,-0.3394,-0.108,0.05779,0.0012,FALSE,FALSE,FALSE,Atrial fibrillation,5,127434241,0.0906,1030836,0.2336,Atrial fibrillation || id:ebi-a-GCST006414,Atrial fibrillation,Atrial fibrillation ||  || ,TRUE,igd,NA,NA,NA,NA,NA,NA,NA,5,127434241,0.0791,1.78E-05,460499,Hyperthyroidism, || id:ebi-a-GCST90018860,TRUE,reported,igd,2,1,TRUE
41,rs147295577,A,T,A,T,0.3452,-0.0138,0.0212445,0.0179,FALSE,TRUE,FALSE,Atrial fibrillation,7,10493989,0.0284,1030836,0.6282,Atrial fibrillation || id:ebi-a-GCST006414,Atrial fibrillation,Atrial fibrillation ||  || ,TRUE,igd,NA,NA,NA,NA,NA,NA,NA,7,10493989,0.0815,2.26E-05,460499,Hyperthyroidism, || id:ebi-a-GCST90018860,TRUE,reported,igd,2,1,TRUE
42,rs147875928,G,C,G,C,0.7271,0.0612,0.01384,0.0049,FALSE,TRUE,FALSE,Atrial fibrillation,17,5801098,0.066,1030836,0.3536,Atrial fibrillation || id:ebi-a-GCST006414,Atrial fibrillation,Atrial fibrillation ||  || ,TRUE,igd,NA,NA,NA,NA,NA,NA,NA,17,5801098,0.1691,1.71E-05,460499,Hyperthyroidism, || id:ebi-a-GCST90018860,TRUE,reported,igd,2,1,TRUE
43,rs150155016,C,G,C,G,0.449,-0.0188,0.0147862,0.0206,FALSE,TRUE,FALSE,Atrial fibrillation,2,7189180,0.0291,1030836,0.519,Atrial fibrillation || id:ebi-a-GCST006414,Atrial fibrillation,Atrial fibrillation ||  || ,TRUE,igd,NA,NA,NA,NA,NA,NA,NA,2,7189180,0.1059,2.25E-05,460499,Hyperthyroidism, || id:ebi-a-GCST90018860,TRUE,reported,igd,2,1,TRUE
44,rs150434185,T,C,T,C,-0.341,-0.0559,0.02015,0.0165,FALSE,FALSE,FALSE,Atrial fibrillation,16,63307387,0.0322,1030836,0.08284,Atrial fibrillation || id:ebi-a-GCST006414,Atrial fibrillation,Atrial fibrillation ||  || ,TRUE,igd,NA,NA,NA,NA,NA,NA,NA,16,63307387,0.0829,3.88E-05,460499,Hyperthyroidism, || id:ebi-a-GCST90018860,TRUE,reported,igd,2,1,TRUE
45,rs16881190,C,G,C,G,0.263,-0.0115,0.046189,0.0572,FALSE,TRUE,FALSE,Atrial fibrillation,6,18778931,0.0145,1030836,0.4269,Atrial fibrillation || id:ebi-a-GCST006414,Atrial fibrillation,Atrial fibrillation ||  || ,TRUE,igd,NA,NA,NA,NA,NA,NA,NA,6,18778931,0.064,4.00E-05,460499,Hyperthyroidism, || id:ebi-a-GCST90018860,TRUE,reported,igd,2,1,TRUE
46,rs16967104,A,G,A,G,0.1284,0.0067,0.163394,0.1901,FALSE,FALSE,FALSE,Atrial fibrillation,15,38900699,0.0084,1030836,0.4263,Atrial fibrillation || id:ebi-a-GCST006414,Atrial fibrillation,Atrial fibrillation ||  || ,TRUE,igd,NA,NA,NA,NA,NA,NA,NA,15,38900699,0.0286,7.10E-06,460499,Hyperthyroidism, || id:ebi-a-GCST90018860,TRUE,reported,igd,2,1,TRUE
47,rs17096988,C,A,C,A,0.2632,-0.0048,0.0372306,0.0221,FALSE,FALSE,FALSE,Atrial fibrillation,14,98940409,0.0242,1030836,0.8413,Atrial fibrillation || id:ebi-a-GCST006414,Atrial fibrillation,Atrial fibrillation ||  || ,TRUE,igd,NA,NA,NA,NA,NA,NA,NA,14,98940409,0.0623,2.43E-05,460499,Hyperthyroidism, || id:ebi-a-GCST90018860,TRUE,reported,igd,2,1,TRUE
48,rs1740728,A,T,A,T,-0.1073,0.0025,0.361331,0.3655,FALSE,TRUE,FALSE,Atrial fibrillation,10,34222978,0.0072,1030836,0.729201,Atrial fibrillation || id:ebi-a-GCST006414,Atrial fibrillation,Atrial fibrillation ||  || ,TRUE,igd,NA,NA,NA,NA,NA,NA,NA,10,34222978,0.0256,2.85E-05,460499,Hyperthyroidism, || id:ebi-a-GCST90018860,TRUE,reported,igd,2,1,TRUE
49,rs17512301,T,C,T,C,0.6608,-0.0086,0.00788072,0.0093,FALSE,FALSE,FALSE,Atrial fibrillation,17,74468486,0.0444,1030836,0.8461,Atrial fibrillation || id:ebi-a-GCST006414,Atrial fibrillation,Atrial fibrillation ||  || ,TRUE,igd,NA,NA,NA,NA,NA,NA,NA,17,74468486,0.1612,4.16E-05,460499,Hyperthyroidism, || id:ebi-a-GCST90018860,TRUE,reported,igd,2,1,TRUE
50,rs18579,A,G,A,G,-0.107,0.0014,0.313141,0.323,FALSE,FALSE,FALSE,Atrial fibrillation,21,18565025,0.0072,1030836,0.8493,Atrial fibrillation || id:ebi-a-GCST006414,Atrial fibrillation,Atrial fibrillation ||  || ,TRUE,igd,NA,NA,NA,NA,NA,NA,NA,21,18565025,0.0234,4.71E-06,460499,Hyperthyroidism, || id:ebi-a-GCST90018860,TRUE,reported,igd,2,1,TRUE
51,rs189576067,C,T,C,T,0.512,-0.0325,0.0155257,0.0148,FALSE,FALSE,FALSE,Atrial fibrillation,18,45116081,0.0314,1030836,0.301,Atrial fibrillation || id:ebi-a-GCST006414,Atrial fibrillation,Atrial fibrillation ||  || ,TRUE,igd,NA,NA,NA,NA,NA,NA,NA,18,45116081,0.1021,5.35E-07,460499,Hyperthyroidism, || id:ebi-a-GCST90018860,TRUE,reported,igd,2,1,TRUE
52,rs1912241,T,C,T,C,0.0953,0.0095,0.383617,0.3985,FALSE,FALSE,FALSE,Atrial fibrillation,2,115760998,0.0068,1030836,0.1579,Atrial fibrillation || id:ebi-a-GCST006414,Atrial fibrillation,Atrial fibrillation ||  || ,TRUE,igd,NA,NA,NA,NA,NA,NA,NA,2,115760998,0.0222,1.76E-05,460499,Hyperthyroidism, || id:ebi-a-GCST90018860,TRUE,reported,igd,2,1,TRUE
53,rs201229467,A,G,A,G,-0.293,-0.0358,0.0564979,0.0452,FALSE,FALSE,FALSE,Atrial fibrillation,1,85610771,0.04,1030836,0.371,Atrial fibrillation || id:ebi-a-GCST006414,Atrial fibrillation,Atrial fibrillation ||  || ,TRUE,igd,NA,NA,NA,NA,NA,NA,NA,1,85610771,0.072,4.75E-05,460499,Hyperthyroidism, || id:ebi-a-GCST90018860,TRUE,reported,igd,2,1,TRUE
54,rs2076345,T,C,T,C,0.1012,-0.0113,0.309553,0.329,FALSE,FALSE,FALSE,Atrial fibrillation,1,24083494,0.0071,1030836,0.1112,Atrial fibrillation || id:ebi-a-GCST006414,Atrial fibrillation,Atrial fibrillation ||  || ,TRUE,igd,NA,NA,NA,NA,NA,NA,NA,1,24083494,0.023,1.04E-05,460499,Hyperthyroidism, || id:ebi-a-GCST90018860,TRUE,reported,igd,2,1,TRUE
55,rs2210912,C,A,C,A,0.0975,0.0061,0.449745,0.4739,FALSE,FALSE,FALSE,Atrial fibrillation,1,157668701,0.0067,1030836,0.3579,Atrial fibrillation || id:ebi-a-GCST006414,Atrial fibrillation,Atrial fibrillation ||  || ,TRUE,igd,NA,NA,NA,NA,NA,NA,NA,1,157668701,0.0215,5.69E-06,460499,Hyperthyroidism, || id:ebi-a-GCST90018860,TRUE,reported,igd,2,1,TRUE
56,rs2250079,T,C,T,C,0.0978,0.0027,0.38962,0.4765,FALSE,FALSE,FALSE,Atrial fibrillation,1,237931094,0.0067,1030836,0.6888,Atrial fibrillation || id:ebi-a-GCST006414,Atrial fibrillation,Atrial fibrillation ||  || ,TRUE,igd,NA,NA,NA,NA,NA,NA,NA,1,237931094,0.0227,1.60E-05,460499,Hyperthyroidism, || id:ebi-a-GCST90018860,TRUE,reported,igd,2,1,TRUE
57,rs228955,T,C,T,C,-0.0892,0.01,0.498099,0.4354,FALSE,FALSE,FALSE,Atrial fibrillation,22,37532699,0.0068,1030836,0.1409,Atrial fibrillation || id:ebi-a-GCST006414,Atrial fibrillation,Atrial fibrillation ||  || ,TRUE,igd,NA,NA,NA,NA,NA,NA,NA,22,37532699,0.0217,4.05E-05,460499,Hyperthyroidism, || id:ebi-a-GCST90018860,TRUE,reported,igd,2,1,TRUE
58,rs2476601,G,A,G,A,-0.2961,-0.0223,0.887841,0.8657,FALSE,FALSE,FALSE,Atrial fibrillation,1,114377568,0.0108,1030836,0.0395503,Atrial fibrillation || id:ebi-a-GCST006414,Atrial fibrillation,Atrial fibrillation ||  || ,TRUE,igd,NA,NA,NA,NA,NA,NA,NA,1,114377568,0.0378,4.78E-15,460499,Hyperthyroidism, || id:ebi-a-GCST90018860,TRUE,reported,igd,2,1,TRUE
59,rs28446901,G,C,G,C,-0.1289,0.0061,0.132321,0.16,FALSE,TRUE,FALSE,Atrial fibrillation,9,136308796,0.0094,1030836,0.517001,Atrial fibrillation || id:ebi-a-GCST006414,Atrial fibrillation,Atrial fibrillation ||  || ,TRUE,igd,NA,NA,NA,NA,NA,NA,NA,9,136308796,0.0307,2.59E-05,460499,Hyperthyroidism, || id:ebi-a-GCST90018860,TRUE,reported,igd,2,1,TRUE
60,rs28794547,G,A,G,A,0.1766,-0.0089,0.2591,0.2516,FALSE,FALSE,FALSE,Atrial fibrillation,4,3593869,0.0193,1030836,0.6445,Atrial fibrillation || id:ebi-a-GCST006414,Atrial fibrillation,Atrial fibrillation ||  || ,TRUE,igd,NA,NA,NA,NA,NA,NA,NA,4,3593869,0.0416,2.18E-05,460499,Hyperthyroidism, || id:ebi-a-GCST90018860,TRUE,reported,igd,2,1,TRUE
61,rs28808421,G,A,G,A,0.374,0.0311,0.219536,0.1511,FALSE,FALSE,FALSE,Atrial fibrillation,6,31293101,0.018,1030836,0.0841996,Atrial fibrillation || id:ebi-a-GCST006414,Atrial fibrillation,Atrial fibrillation ||  || ,TRUE,igd,NA,NA,NA,NA,NA,NA,NA,6,31293101,0.0575,8.05E-11,460499,Hyperthyroidism, || id:ebi-a-GCST90018860,TRUE,reported,igd,2,1,TRUE
62,rs2899662,T,C,T,C,0.097,4.00E-04,0.305532,0.3572,FALSE,FALSE,FALSE,Atrial fibrillation,15,61076219,0.007,1030836,0.9521,Atrial fibrillation || id:ebi-a-GCST006414,Atrial fibrillation,Atrial fibrillation ||  || ,TRUE,igd,NA,NA,NA,NA,NA,NA,NA,15,61076219,0.0235,3.74E-05,460499,Hyperthyroidism, || id:ebi-a-GCST90018860,TRUE,reported,igd,2,1,TRUE
63,rs3026623,A,G,A,G,-0.3426,-0.009,0.0231969,0.0296,FALSE,FALSE,FALSE,Atrial fibrillation,20,57856409,0.0225,1030836,0.6903,Atrial fibrillation || id:ebi-a-GCST006414,Atrial fibrillation,Atrial fibrillation ||  || ,TRUE,igd,NA,NA,NA,NA,NA,NA,NA,20,57856409,0.0836,4.20E-05,460499,Hyperthyroidism, || id:ebi-a-GCST90018860,TRUE,reported,igd,2,1,TRUE
64,rs3087243,A,G,A,G,-0.2038,-0.0117,0.380249,0.4343,FALSE,FALSE,FALSE,Atrial fibrillation,2,204738919,0.0067,1030836,0.0804396,Atrial fibrillation || id:ebi-a-GCST006414,Atrial fibrillation,Atrial fibrillation ||  || ,TRUE,igd,NA,NA,NA,NA,NA,NA,NA,2,204738919,0.0224,7.94E-20,460499,Hyperthyroidism, || id:ebi-a-GCST90018860,TRUE,reported,igd,2,1,TRUE
65,rs3134971,C,A,C,A,0.5457,0.0012,0.100016,0.1035,FALSE,FALSE,FALSE,Atrial fibrillation,6,32654149,0.0179,1030836,0.9461,Atrial fibrillation || id:ebi-a-GCST006414,Atrial fibrillation,Atrial fibrillation ||  || ,TRUE,igd,NA,NA,NA,NA,NA,NA,NA,6,32654149,0.0391,2.29E-44,460499,Hyperthyroidism, || id:ebi-a-GCST90018860,TRUE,reported,igd,2,1,TRUE
66,rs35026308,C,T,C,T,0.1163,0.012,0.21246,0.1747,FALSE,FALSE,FALSE,Atrial fibrillation,19,14153293,0.0095,1030836,0.208,Atrial fibrillation || id:ebi-a-GCST006414,Atrial fibrillation,Atrial fibrillation ||  || ,TRUE,igd,NA,NA,NA,NA,NA,NA,NA,19,14153293,0.0264,1.04E-05,460499,Hyperthyroidism, || id:ebi-a-GCST90018860,TRUE,reported,igd,2,1,TRUE
67,rs374767435,A,G,A,G,0.1181,0.0233,0.189913,0.1243,FALSE,FALSE,FALSE,Atrial fibrillation,2,12632790,0.0253,1030836,0.3575,Atrial fibrillation || id:ebi-a-GCST006414,Atrial fibrillation,Atrial fibrillation ||  || ,TRUE,igd,NA,NA,NA,NA,NA,NA,NA,2,12632790,0.028,2.50E-05,460499,Hyperthyroidism, || id:ebi-a-GCST90018860,TRUE,reported,igd,2,1,TRUE
68,rs3781555,C,T,C,T,0.1616,-1.00E-04,0.134558,0.0585,FALSE,FALSE,FALSE,Atrial fibrillation,10,117997286,0.014,1030836,0.9943,Atrial fibrillation || id:ebi-a-GCST006414,Atrial fibrillation,Atrial fibrillation ||  || ,TRUE,igd,NA,NA,NA,NA,NA,NA,NA,10,117997286,0.0353,4.68E-06,460499,Hyperthyroidism, || id:ebi-a-GCST90018860,TRUE,reported,igd,2,1,TRUE
69,rs3828917,T,G,T,G,-0.3176,0.0631,0.0308304,0.0406,FALSE,FALSE,FALSE,Atrial fibrillation,6,31465917,0.0187,1030836,0.000726792,Atrial fibrillation || id:ebi-a-GCST006414,Atrial fibrillation,Atrial fibrillation ||  || ,TRUE,igd,NA,NA,NA,NA,NA,NA,NA,6,31465917,0.0659,1.44E-06,460499,Hyperthyroidism, || id:ebi-a-GCST90018860,TRUE,reported,igd,2,1,TRUE
70,rs3999458,A,C,A,C,-0.4508,0.0161,0.0180685,0.0109,FALSE,FALSE,FALSE,Atrial fibrillation,6,26694654,0.0434,1030836,0.709999,Atrial fibrillation || id:ebi-a-GCST006414,Atrial fibrillation,Atrial fibrillation ||  || ,TRUE,igd,NA,NA,NA,NA,NA,NA,NA,6,26694654,0.1014,8.72E-06,460499,Hyperthyroidism, || id:ebi-a-GCST90018860,TRUE,reported,igd,2,1,TRUE
71,rs427354,C,T,C,T,-0.1001,-0.0019,0.422607,0.4016,FALSE,FALSE,FALSE,Atrial fibrillation,11,61806105,0.0069,1030836,0.7888,Atrial fibrillation || id:ebi-a-GCST006414,Atrial fibrillation,Atrial fibrillation ||  || ,TRUE,igd,NA,NA,NA,NA,NA,NA,NA,11,61806105,0.0217,4.18E-06,460499,Hyperthyroidism, || id:ebi-a-GCST90018860,TRUE,reported,igd,2,1,TRUE
72,rs4338740,C,T,C,T,0.1844,0.0297,0.207075,0.2683,FALSE,FALSE,FALSE,Atrial fibrillation,15,49735297,0.0075,1030836,7.93E-05,Atrial fibrillation || id:ebi-a-GCST006414,Atrial fibrillation,Atrial fibrillation ||  || ,TRUE,igd,NA,NA,NA,NA,NA,NA,NA,15,49735297,0.0264,2.87E-12,460499,Hyperthyroidism, || id:ebi-a-GCST90018860,TRUE,reported,igd,2,1,TRUE
73,rs4409785,C,T,C,T,0.1508,0.0033,0.143962,0.1742,FALSE,FALSE,FALSE,Atrial fibrillation,11,95311422,0.0089,1030836,0.714,Atrial fibrillation || id:ebi-a-GCST006414,Atrial fibrillation,Atrial fibrillation ||  || ,TRUE,igd,NA,NA,NA,NA,NA,NA,NA,11,95311422,0.0302,5.94E-07,460499,Hyperthyroidism, || id:ebi-a-GCST90018860,TRUE,reported,igd,2,1,TRUE
74,rs4733823,T,C,T,C,0.1079,0.0096,0.531626,0.4638,FALSE,FALSE,FALSE,Atrial fibrillation,8,129014697,0.0067,1030836,0.152,Atrial fibrillation || id:ebi-a-GCST006414,Atrial fibrillation,Atrial fibrillation ||  || ,TRUE,igd,NA,NA,NA,NA,NA,NA,NA,8,129014697,0.0219,8.03E-07,460499,Hyperthyroidism, || id:ebi-a-GCST90018860,TRUE,reported,igd,2,1,TRUE
75,rs4733833,A,C,A,C,0.1125,0.0023,0.32832,0.403,FALSE,FALSE,FALSE,Atrial fibrillation,8,129124831,0.0069,1030836,0.738901,Atrial fibrillation || id:ebi-a-GCST006414,Atrial fibrillation,Atrial fibrillation ||  || ,TRUE,igd,NA,NA,NA,NA,NA,NA,NA,8,129124831,0.0236,1.89E-06,460499,Hyperthyroidism, || id:ebi-a-GCST90018860,TRUE,reported,igd,2,1,TRUE
76,rs4793732,A,C,A,C,-0.1132,-0.0071,0.307096,0.3146,FALSE,FALSE,FALSE,Atrial fibrillation,17,46033854,0.0072,1030836,0.3254,Atrial fibrillation || id:ebi-a-GCST006414,Atrial fibrillation,Atrial fibrillation ||  || ,TRUE,igd,NA,NA,NA,NA,NA,NA,NA,17,46033854,0.0268,2.33E-05,460499,Hyperthyroidism, || id:ebi-a-GCST90018860,TRUE,reported,igd,2,1,TRUE
77,rs4794275,G,A,G,A,0.1207,0.0155,0.161603,0.209,FALSE,FALSE,FALSE,Atrial fibrillation,17,49675042,0.0083,1030836,0.0610801,Atrial fibrillation || id:ebi-a-GCST006414,Atrial fibrillation,Atrial fibrillation ||  || ,TRUE,igd,NA,NA,NA,NA,NA,NA,NA,17,49675042,0.029,3.08E-05,460499,Hyperthyroidism, || id:ebi-a-GCST90018860,TRUE,reported,igd,2,1,TRUE
78,rs485201,A,G,A,G,0.1054,-0.0158,0.720486,0.7667,FALSE,FALSE,FALSE,Atrial fibrillation,1,201610061,0.0083,1030836,0.0581902,Atrial fibrillation || id:ebi-a-GCST006414,Atrial fibrillation,Atrial fibrillation ||  || ,TRUE,igd,NA,NA,NA,NA,NA,NA,NA,1,201610061,0.0252,3.00E-05,460499,Hyperthyroidism, || id:ebi-a-GCST90018860,TRUE,reported,igd,2,1,TRUE
79,rs4900419,A,G,A,G,-0.098,-0.0036,0.426782,0.3862,FALSE,FALSE,FALSE,Atrial fibrillation,14,99353604,0.0068,1030836,0.590599,Atrial fibrillation || id:ebi-a-GCST006414,Atrial fibrillation,Atrial fibrillation ||  || ,TRUE,igd,NA,NA,NA,NA,NA,NA,NA,14,99353604,0.0218,6.92E-06,460499,Hyperthyroidism, || id:ebi-a-GCST90018860,TRUE,reported,igd,2,1,TRUE
80,rs55735989,T,G,T,G,-0.1653,-0.0089,0.241369,0.2676,FALSE,FALSE,FALSE,Atrial fibrillation,10,52323498,0.0115,1030836,0.4378,Atrial fibrillation || id:ebi-a-GCST006414,Atrial fibrillation,Atrial fibrillation ||  || ,TRUE,igd,NA,NA,NA,NA,NA,NA,NA,10,52323498,0.0387,1.97E-05,460499,Hyperthyroidism, || id:ebi-a-GCST90018860,TRUE,reported,igd,2,1,TRUE
81,rs560378990,A,T,A,T,0.8235,0.0368,0.010003,0.0105,FALSE,TRUE,FALSE,Atrial fibrillation,2,111696428,0.0406,1030836,0.3655,Atrial fibrillation || id:ebi-a-GCST006414,Atrial fibrillation,Atrial fibrillation ||  || ,TRUE,igd,NA,NA,NA,NA,NA,NA,NA,2,111696428,0.1821,6.13E-06,460499,Hyperthyroidism, || id:ebi-a-GCST90018860,TRUE,reported,igd,2,1,TRUE
82,rs564708,A,G,A,G,-0.0915,-1.00E-04,0.637041,0.6414,FALSE,FALSE,FALSE,Atrial fibrillation,11,118592803,0.0096,1030836,0.9876,Atrial fibrillation || id:ebi-a-GCST006414,Atrial fibrillation,Atrial fibrillation ||  || ,TRUE,igd,NA,NA,NA,NA,NA,NA,NA,11,118592803,0.0225,4.74E-05,460499,Hyperthyroidism, || id:ebi-a-GCST90018860,TRUE,reported,igd,2,1,TRUE
83,rs566368073,A,G,A,G,0.2739,8.00E-04,0.0460784,0.0029,FALSE,FALSE,FALSE,Atrial fibrillation,6,32219374,0.1712,1030836,0.9963,Atrial fibrillation || id:ebi-a-GCST006414,Atrial fibrillation,Atrial fibrillation ||  || ,TRUE,igd,NA,NA,NA,NA,NA,NA,NA,6,32219374,0.0658,3.14E-05,460499,Hyperthyroidism, || id:ebi-a-GCST90018860,TRUE,reported,igd,2,1,TRUE
84,rs56779257,A,G,A,G,-0.1764,0.006,0.127442,0.117,FALSE,FALSE,FALSE,Atrial fibrillation,2,67041457,0.0102,1030836,0.5563,Atrial fibrillation || id:ebi-a-GCST006414,Atrial fibrillation,Atrial fibrillation ||  || ,TRUE,igd,NA,NA,NA,NA,NA,NA,NA,2,67041457,0.0359,8.79E-07,460499,Hyperthyroidism, || id:ebi-a-GCST90018860,TRUE,reported,igd,2,1,TRUE
85,rs56867484,T,C,T,C,0.1222,-0.0089,0.182489,0.1724,FALSE,FALSE,FALSE,Atrial fibrillation,18,76318216,0.0091,1030836,0.3284,Atrial fibrillation || id:ebi-a-GCST006414,Atrial fibrillation,Atrial fibrillation ||  || ,TRUE,igd,NA,NA,NA,NA,NA,NA,NA,18,76318216,0.0276,9.79E-06,460499,Hyperthyroidism, || id:ebi-a-GCST90018860,TRUE,reported,igd,2,1,TRUE
86,rs5751536,A,G,A,G,-0.124,0.0116,0.451022,0.4458,FALSE,FALSE,FALSE,Atrial fibrillation,22,23052967,0.0226,1030836,0.608001,Atrial fibrillation || id:ebi-a-GCST006414,Atrial fibrillation,Atrial fibrillation ||  || ,TRUE,igd,NA,NA,NA,NA,NA,NA,NA,22,23052967,0.0264,2.57E-06,460499,Hyperthyroidism, || id:ebi-a-GCST90018860,TRUE,reported,igd,2,1,TRUE
87,rs57812956,T,A,T,A,-0.1421,0.0193,0.594128,0.5923,FALSE,TRUE,FALSE,Atrial fibrillation,13,69661688,0.0133,1030836,0.149,Atrial fibrillation || id:ebi-a-GCST006414,Atrial fibrillation,Atrial fibrillation ||  || ,TRUE,igd,NA,NA,NA,NA,NA,NA,NA,13,69661688,0.0333,1.97E-05,460499,Hyperthyroidism, || id:ebi-a-GCST90018860,TRUE,reported,igd,2,1,TRUE
88,rs58722186,T,C,T,C,0.1359,-0.005,0.302235,0.3106,FALSE,FALSE,FALSE,Atrial fibrillation,16,79751591,0.0072,1030836,0.4914,Atrial fibrillation || id:ebi-a-GCST006414,Atrial fibrillation,Atrial fibrillation ||  || ,TRUE,igd,NA,NA,NA,NA,NA,NA,NA,16,79751591,0.0233,5.23E-09,460499,Hyperthyroidism, || id:ebi-a-GCST90018860,TRUE,reported,igd,2,1,TRUE
89,rs59784641,G,C,G,C,0.2079,0.008,0.0614195,0.0699,FALSE,TRUE,FALSE,Atrial fibrillation,19,46611689,0.0134,1030836,0.5499,Atrial fibrillation || id:ebi-a-GCST006414,Atrial fibrillation,Atrial fibrillation ||  || ,TRUE,igd,NA,NA,NA,NA,NA,NA,NA,19,46611689,0.0459,5.98E-06,460499,Hyperthyroidism, || id:ebi-a-GCST90018860,TRUE,reported,igd,2,1,TRUE
90,rs59850341,A,C,A,C,0.1894,0.0432,0.0816907,0.0493,FALSE,FALSE,FALSE,Atrial fibrillation,11,132863722,0.016,1030836,0.00694305,Atrial fibrillation || id:ebi-a-GCST006414,Atrial fibrillation,Atrial fibrillation ||  || ,TRUE,igd,NA,NA,NA,NA,NA,NA,NA,11,132863722,0.0425,8.26E-06,460499,Hyperthyroidism, || id:ebi-a-GCST90018860,TRUE,reported,igd,2,1,TRUE
91,rs604912,G,A,G,A,0.1198,-0.0088,0.538777,0.6027,FALSE,FALSE,FALSE,Atrial fibrillation,6,90986320,0.0068,1030836,0.1963,Atrial fibrillation || id:ebi-a-GCST006414,Atrial fibrillation,Atrial fibrillation ||  || ,TRUE,igd,NA,NA,NA,NA,NA,NA,NA,6,90986320,0.0217,3.15E-08,460499,Hyperthyroidism, || id:ebi-a-GCST90018860,TRUE,reported,igd,2,1,TRUE
92,rs60587746,T,G,T,G,-0.3662,-0.0072,0.0235745,0.0316,FALSE,FALSE,FALSE,Atrial fibrillation,12,19931257,0.0333,1030836,0.8294,Atrial fibrillation || id:ebi-a-GCST006414,Atrial fibrillation,Atrial fibrillation ||  || ,TRUE,igd,NA,NA,NA,NA,NA,NA,NA,12,19931257,0.0879,3.10E-05,460499,Hyperthyroidism, || id:ebi-a-GCST90018860,TRUE,reported,igd,2,1,TRUE
93,rs6075924,C,T,C,T,-0.1882,-0.0269,0.92703,0.9206,FALSE,FALSE,FALSE,Atrial fibrillation,20,22512529,0.0151,1030836,0.0750499,Atrial fibrillation || id:ebi-a-GCST006414,Atrial fibrillation,Atrial fibrillation ||  || ,TRUE,igd,NA,NA,NA,NA,NA,NA,NA,20,22512529,0.0412,4.91E-06,460499,Hyperthyroidism, || id:ebi-a-GCST90018860,TRUE,reported,igd,2,1,TRUE
94,rs6086417,A,T,A,T,0.1273,0.0083,0.196672,0.1937,FALSE,TRUE,FALSE,Atrial fibrillation,20,8331955,0.0084,1030836,0.3245,Atrial fibrillation || id:ebi-a-GCST006414,Atrial fibrillation,Atrial fibrillation ||  || ,TRUE,igd,NA,NA,NA,NA,NA,NA,NA,20,8331955,0.0301,2.31E-05,460499,Hyperthyroidism, || id:ebi-a-GCST90018860,TRUE,reported,igd,2,1,TRUE
95,rs6131010,G,A,G,A,0.1306,-0.0228,0.712807,0.7247,FALSE,FALSE,FALSE,Atrial fibrillation,20,44724305,0.0076,1030836,0.00265803,Atrial fibrillation || id:ebi-a-GCST006414,Atrial fibrillation,Atrial fibrillation ||  || ,TRUE,igd,NA,NA,NA,NA,NA,NA,NA,20,44724305,0.0237,3.60E-08,460499,Hyperthyroidism, || id:ebi-a-GCST90018860,TRUE,reported,igd,2,1,TRUE
96,rs61769643,A,G,A,G,0.1069,-0.0092,0.309638,0.298,FALSE,FALSE,FALSE,Atrial fibrillation,1,44052198,0.0074,1030836,0.2172,Atrial fibrillation || id:ebi-a-GCST006414,Atrial fibrillation,Atrial fibrillation ||  || ,TRUE,igd,NA,NA,NA,NA,NA,NA,NA,1,44052198,0.026,3.99E-05,460499,Hyperthyroidism, || id:ebi-a-GCST90018860,TRUE,reported,igd,2,1,TRUE
97,rs61878493,A,T,A,T,-0.1255,-0.0046,0.224255,0.2365,FALSE,TRUE,FALSE,Atrial fibrillation,11,3650897,0.0082,1030836,0.573499,Atrial fibrillation || id:ebi-a-GCST006414,Atrial fibrillation,Atrial fibrillation ||  || ,TRUE,igd,NA,NA,NA,NA,NA,NA,NA,11,3650897,0.0301,3.08E-05,460499,Hyperthyroidism, || id:ebi-a-GCST90018860,TRUE,reported,igd,2,1,TRUE
98,rs62045486,T,C,T,C,0.1619,-0.0026,0.102938,0.1224,FALSE,FALSE,FALSE,Atrial fibrillation,15,93594791,0.0251,1030836,0.9175,Atrial fibrillation || id:ebi-a-GCST006414,Atrial fibrillation,Atrial fibrillation ||  || ,TRUE,igd,NA,NA,NA,NA,NA,NA,NA,15,93594791,0.0387,2.87E-05,460499,Hyperthyroidism, || id:ebi-a-GCST90018860,TRUE,reported,igd,2,1,TRUE
99,rs62178336,T,A,T,A,0.121,0.0189,0.172395,0.1851,FALSE,TRUE,FALSE,Atrial fibrillation,2,217619195,0.0213,1030836,0.3756,Atrial fibrillation || id:ebi-a-GCST006414,Atrial fibrillation,Atrial fibrillation ||  || ,TRUE,igd,NA,NA,NA,NA,NA,NA,NA,2,217619195,0.0276,1.17E-05,460499,Hyperthyroidism, || id:ebi-a-GCST90018860,TRUE,reported,igd,2,1,TRUE
100,rs62397190,A,G,A,G,0.0915,0.0161,0.335349,0.3566,FALSE,FALSE,FALSE,Atrial fibrillation,6,40912035,0.007,1030836,0.02083,Atrial fibrillation || id:ebi-a-GCST006414,Atrial fibrillation,Atrial fibrillation ||  || ,TRUE,igd,NA,NA,NA,NA,NA,NA,NA,6,40912035,0.0226,4.96E-05,460499,Hyperthyroidism, || id:ebi-a-GCST90018860,TRUE,reported,igd,2,1,TRUE
101,rs631023,A,C,A,C,0.1041,-0.0032,0.758566,0.7157,FALSE,FALSE,FALSE,Atrial fibrillation,11,126129150,0.0074,1030836,0.6638,Atrial fibrillation || id:ebi-a-GCST006414,Atrial fibrillation,Atrial fibrillation ||  || ,TRUE,igd,NA,NA,NA,NA,NA,NA,NA,11,126129150,0.0248,2.80E-05,460499,Hyperthyroidism, || id:ebi-a-GCST90018860,TRUE,reported,igd,2,1,TRUE
102,rs6570416,G,A,G,A,0.0921,0.009,0.369091,0.3532,FALSE,FALSE,FALSE,Atrial fibrillation,6,141100732,0.0069,1030836,0.1923,Atrial fibrillation || id:ebi-a-GCST006414,Atrial fibrillation,Atrial fibrillation ||  || ,TRUE,igd,NA,NA,NA,NA,NA,NA,NA,6,141100732,0.0223,3.70E-05,460499,Hyperthyroidism, || id:ebi-a-GCST90018860,TRUE,reported,igd,2,1,TRUE
103,rs66683317,T,A,T,A,0.1537,0.0078,0.618731,0.6143,FALSE,TRUE,FALSE,Atrial fibrillation,5,95404724,0.0069,1030836,0.2571,Atrial fibrillation || id:ebi-a-GCST006414,Atrial fibrillation,Atrial fibrillation ||  || ,TRUE,igd,NA,NA,NA,NA,NA,NA,NA,5,95404724,0.0336,4.83E-06,460499,Hyperthyroidism, || id:ebi-a-GCST90018860,TRUE,reported,igd,2,1,TRUE
104,rs6780171,A,T,A,T,0.0988,0.0146,0.309924,0.3064,FALSE,TRUE,FALSE,Atrial fibrillation,3,185503456,0.0072,1030836,0.0411396,Atrial fibrillation || id:ebi-a-GCST006414,Atrial fibrillation,Atrial fibrillation ||  || ,TRUE,igd,NA,NA,NA,NA,NA,NA,NA,3,185503456,0.0231,1.87E-05,460499,Hyperthyroidism, || id:ebi-a-GCST90018860,TRUE,reported,igd,2,1,TRUE
105,rs6780858,G,A,G,A,-0.1026,-0.013,0.468494,0.5095,FALSE,FALSE,FALSE,Atrial fibrillation,3,188132110,0.0067,1030836,0.0538096,Atrial fibrillation || id:ebi-a-GCST006414,Atrial fibrillation,Atrial fibrillation ||  || ,TRUE,igd,NA,NA,NA,NA,NA,NA,NA,3,188132110,0.0217,2.18E-06,460499,Hyperthyroidism, || id:ebi-a-GCST90018860,TRUE,reported,igd,2,1,TRUE
106,rs6793295,G,T,G,T,5.0864,0.293,0.000383111,4.00E-04,FALSE,FALSE,FALSE,Atrial fibrillation,3,169518455,0.33,1030836,0.3746,Atrial fibrillation || id:ebi-a-GCST006414,Atrial fibrillation,Atrial fibrillation ||  || ,TRUE,igd,NA,NA,NA,NA,NA,NA,NA,3,169518455,1.2166,2.91E-05,460499,Hyperthyroidism, || id:ebi-a-GCST90018860,TRUE,reported,igd,2,2,TRUE
107,rs6917861,T,C,T,C,0.4147,0.045,0.016451,0.0114,FALSE,FALSE,FALSE,Atrial fibrillation,6,104599809,0.0286,1030836,0.1153,Atrial fibrillation || id:ebi-a-GCST006414,Atrial fibrillation,Atrial fibrillation ||  || ,TRUE,igd,NA,NA,NA,NA,NA,NA,NA,6,104599809,0.0963,1.67E-05,460499,Hyperthyroidism, || id:ebi-a-GCST90018860,TRUE,reported,igd,2,1,TRUE
108,rs6933009,G,A,G,A,0.1768,-7.00E-04,0.271,0.304,FALSE,FALSE,FALSE,Atrial fibrillation,6,167935205,0.0095,1030836,0.9418,Atrial fibrillation || id:ebi-a-GCST006414,Atrial fibrillation,Atrial fibrillation ||  || ,TRUE,igd,NA,NA,NA,NA,NA,NA,NA,6,167935205,0.0411,1.70E-05,460499,Hyperthyroidism, || id:ebi-a-GCST90018860,TRUE,reported,igd,2,1,TRUE
109,rs6982737,A,T,A,T,0.1255,0.0012,0.153914,0.121,FALSE,TRUE,FALSE,Atrial fibrillation,8,26796034,0.0257,1030836,0.9628,Atrial fibrillation || id:ebi-a-GCST006414,Atrial fibrillation,Atrial fibrillation ||  || ,TRUE,igd,NA,NA,NA,NA,NA,NA,NA,8,26796034,0.0309,4.91E-05,460499,Hyperthyroidism, || id:ebi-a-GCST90018860,TRUE,reported,igd,2,1,TRUE
110,rs7093069,T,C,T,C,0.1347,-0.0087,0.174651,0.2045,FALSE,FALSE,FALSE,Atrial fibrillation,10,6063319,0.0083,1030836,0.2972,Atrial fibrillation || id:ebi-a-GCST006414,Atrial fibrillation,Atrial fibrillation ||  || ,TRUE,igd,NA,NA,NA,NA,NA,NA,NA,10,6063319,0.0285,2.31E-06,460499,Hyperthyroidism, || id:ebi-a-GCST90018860,TRUE,reported,igd,2,1,TRUE
111,rs71508903,T,C,T,C,0.1282,0.0023,0.208212,0.1899,FALSE,FALSE,FALSE,Atrial fibrillation,10,63779871,0.0086,1030836,0.7907,Atrial fibrillation || id:ebi-a-GCST006414,Atrial fibrillation,Atrial fibrillation ||  || ,TRUE,igd,NA,NA,NA,NA,NA,NA,NA,10,63779871,0.0269,1.85E-06,460499,Hyperthyroidism, || id:ebi-a-GCST90018860,TRUE,reported,igd,2,1,TRUE
112,rs71523524,A,C,A,C,0.6728,0.0306,0.00758382,0.0081,FALSE,FALSE,FALSE,Atrial fibrillation,8,43219440,0.0481,1030836,0.524499,Atrial fibrillation || id:ebi-a-GCST006414,Atrial fibrillation,Atrial fibrillation ||  || ,TRUE,igd,NA,NA,NA,NA,NA,NA,NA,8,43219440,0.1554,1.50E-05,460499,Hyperthyroidism, || id:ebi-a-GCST90018860,TRUE,reported,igd,2,1,TRUE
113,rs7222976,C,G,C,G,0.0971,0.0016,0.705011,0.6571,FALSE,TRUE,FALSE,Atrial fibrillation,17,10711704,0.0071,1030836,0.8192,Atrial fibrillation || id:ebi-a-GCST006414,Atrial fibrillation,Atrial fibrillation ||  || ,TRUE,igd,NA,NA,NA,NA,NA,NA,NA,17,10711704,0.0235,3.73E-05,460499,Hyperthyroidism, || id:ebi-a-GCST90018860,TRUE,reported,igd,2,1,TRUE
114,rs72498347,T,C,T,C,-0.3312,2.00E-04,0.120835,0.0479,FALSE,FALSE,FALSE,Atrial fibrillation,6,29884641,0.0255,1030836,0.9952,Atrial fibrillation || id:ebi-a-GCST006414,Atrial fibrillation,Atrial fibrillation ||  || ,TRUE,igd,NA,NA,NA,NA,NA,NA,NA,6,29884641,0.0481,6.00E-12,460499,Hyperthyroidism, || id:ebi-a-GCST90018860,TRUE,reported,igd,2,1,TRUE
115,rs72797618,C,T,C,T,0.1055,0.0023,0.245399,0.3221,FALSE,FALSE,FALSE,Atrial fibrillation,16,53064034,0.0076,1030836,0.7656,Atrial fibrillation || id:ebi-a-GCST006414,Atrial fibrillation,Atrial fibrillation ||  || ,TRUE,igd,NA,NA,NA,NA,NA,NA,NA,16,53064034,0.0254,3.33E-05,460499,Hyperthyroidism, || id:ebi-a-GCST90018860,TRUE,reported,igd,2,1,TRUE
116,rs73161280,A,G,A,G,0.1324,-0.0073,0.121919,0.1641,FALSE,FALSE,FALSE,Atrial fibrillation,2,10482646,0.0093,1030836,0.4351,Atrial fibrillation || id:ebi-a-GCST006414,Atrial fibrillation,Atrial fibrillation ||  || ,TRUE,igd,NA,NA,NA,NA,NA,NA,NA,2,10482646,0.0326,4.92E-05,460499,Hyperthyroidism, || id:ebi-a-GCST90018860,TRUE,reported,igd,2,1,TRUE
117,rs74026865,C,A,C,A,-0.137,-0.0055,0.128222,0.1549,FALSE,FALSE,FALSE,Atrial fibrillation,16,77826407,0.0093,1030836,0.551099,Atrial fibrillation || id:ebi-a-GCST006414,Atrial fibrillation,Atrial fibrillation ||  || ,TRUE,igd,NA,NA,NA,NA,NA,NA,NA,16,77826407,0.0325,2.58E-05,460499,Hyperthyroidism, || id:ebi-a-GCST90018860,TRUE,reported,igd,2,1,TRUE
118,rs74561180,C,G,C,G,0.5229,0.0098,0.0139661,0.0131,FALSE,TRUE,FALSE,Atrial fibrillation,1,179201076,0.0351,1030836,0.7801,Atrial fibrillation || id:ebi-a-GCST006414,Atrial fibrillation,Atrial fibrillation ||  || ,TRUE,igd,NA,NA,NA,NA,NA,NA,NA,1,179201076,0.1227,2.04E-05,460499,Hyperthyroidism, || id:ebi-a-GCST90018860,TRUE,reported,igd,2,1,TRUE
119,rs74789674,C,T,C,T,0.2408,0.0373,0.0564922,0.0636,FALSE,FALSE,FALSE,Atrial fibrillation,4,108936534,0.0156,1030836,0.0164999,Atrial fibrillation || id:ebi-a-GCST006414,Atrial fibrillation,Atrial fibrillation ||  || ,TRUE,igd,NA,NA,NA,NA,NA,NA,NA,4,108936534,0.0542,8.98E-06,460499,Hyperthyroidism, || id:ebi-a-GCST90018860,TRUE,reported,igd,2,1,TRUE
120,rs74846498,G,T,G,T,0.3692,-0.0127,0.0226266,0.0223,FALSE,FALSE,FALSE,Atrial fibrillation,5,52549644,0.0252,1030836,0.6157,Atrial fibrillation || id:ebi-a-GCST006414,Atrial fibrillation,Atrial fibrillation ||  || ,TRUE,igd,NA,NA,NA,NA,NA,NA,NA,5,52549644,0.0833,9.35E-06,460499,Hyperthyroidism, || id:ebi-a-GCST90018860,TRUE,reported,igd,2,1,TRUE
121,rs75024498,A,G,A,G,0.2199,-0.0045,0.0711963,0.0694,FALSE,FALSE,FALSE,Atrial fibrillation,10,134621372,0.0137,1030836,0.7437,Atrial fibrillation || id:ebi-a-GCST006414,Atrial fibrillation,Atrial fibrillation ||  || ,TRUE,igd,NA,NA,NA,NA,NA,NA,NA,10,134621372,0.0431,3.28E-07,460499,Hyperthyroidism, || id:ebi-a-GCST90018860,TRUE,reported,igd,2,1,TRUE
122,rs75478527,G,A,G,A,0.3513,0.004,0.0377877,0.0399,FALSE,FALSE,FALSE,Atrial fibrillation,10,98177830,0.0198,1030836,0.8404,Atrial fibrillation || id:ebi-a-GCST006414,Atrial fibrillation,Atrial fibrillation ||  || ,TRUE,igd,NA,NA,NA,NA,NA,NA,NA,10,98177830,0.0652,7.19E-08,460499,Hyperthyroidism, || id:ebi-a-GCST90018860,TRUE,reported,igd,2,1,TRUE
123,rs7611654,C,T,C,T,-0.1176,-0.0156,0.749823,0.6651,FALSE,FALSE,FALSE,Atrial fibrillation,3,5627833,0.0112,1030836,0.1642,Atrial fibrillation || id:ebi-a-GCST006414,Atrial fibrillation,Atrial fibrillation ||  || ,TRUE,igd,NA,NA,NA,NA,NA,NA,NA,3,5627833,0.0253,3.24E-06,460499,Hyperthyroidism, || id:ebi-a-GCST90018860,TRUE,reported,igd,2,1,TRUE
124,rs76198430,C,G,C,G,0.2632,-0.0032,0.0369636,0.0271,FALSE,TRUE,FALSE,Atrial fibrillation,4,168986895,0.0229,1030836,0.8904,Atrial fibrillation || id:ebi-a-GCST006414,Atrial fibrillation,Atrial fibrillation ||  || ,TRUE,igd,NA,NA,NA,NA,NA,NA,NA,4,168986895,0.0624,2.50E-05,460499,Hyperthyroidism, || id:ebi-a-GCST90018860,TRUE,reported,igd,2,1,TRUE
125,rs7627607,T,C,T,C,0.1248,-3.00E-04,0.266943,0.2951,FALSE,FALSE,FALSE,Atrial fibrillation,3,34096770,0.0074,1030836,0.9687,Atrial fibrillation || id:ebi-a-GCST006414,Atrial fibrillation,Atrial fibrillation ||  || ,TRUE,igd,NA,NA,NA,NA,NA,NA,NA,3,34096770,0.0304,4.12E-05,460499,Hyperthyroidism, || id:ebi-a-GCST90018860,TRUE,reported,igd,2,1,TRUE
126,rs78123849,G,A,G,A,0.7567,0.0211,0.00761467,0.0089,FALSE,FALSE,FALSE,Atrial fibrillation,11,28863913,0.0535,1030836,0.693,Atrial fibrillation || id:ebi-a-GCST006414,Atrial fibrillation,Atrial fibrillation ||  || ,TRUE,igd,NA,NA,NA,NA,NA,NA,NA,11,28863913,0.1618,2.91E-06,460499,Hyperthyroidism, || id:ebi-a-GCST90018860,TRUE,reported,igd,2,1,TRUE
127,rs7826833,G,A,G,A,0.108,0.0241,0.26008,0.2617,FALSE,FALSE,FALSE,Atrial fibrillation,8,32437977,0.0075,1030836,0.00132099,Atrial fibrillation || id:ebi-a-GCST006414,Atrial fibrillation,Atrial fibrillation ||  || ,TRUE,igd,NA,NA,NA,NA,NA,NA,NA,8,32437977,0.024,7.09E-06,460499,Hyperthyroidism, || id:ebi-a-GCST90018860,TRUE,reported,igd,2,1,TRUE
128,rs78325192,A,G,A,G,0.2676,0.0141,0.0386239,0.0398,FALSE,FALSE,FALSE,Atrial fibrillation,8,36233125,0.0187,1030836,0.451,Atrial fibrillation || id:ebi-a-GCST006414,Atrial fibrillation,Atrial fibrillation ||  || ,TRUE,igd,NA,NA,NA,NA,NA,NA,NA,8,36233125,0.0619,1.53E-05,460499,Hyperthyroidism, || id:ebi-a-GCST90018860,TRUE,reported,igd,2,1,TRUE
129,rs78622601,A,G,A,G,-0.361,0.0412,0.0206427,0.02,FALSE,FALSE,FALSE,Atrial fibrillation,15,75698303,0.0277,1030836,0.1368,Atrial fibrillation || id:ebi-a-GCST006414,Atrial fibrillation,Atrial fibrillation ||  || ,TRUE,igd,NA,NA,NA,NA,NA,NA,NA,15,75698303,0.085,2.15E-05,460499,Hyperthyroidism, || id:ebi-a-GCST90018860,TRUE,reported,igd,2,1,TRUE
130,rs7902434,G,A,G,A,0.0886,0.0049,0.580701,0.5898,FALSE,FALSE,FALSE,Atrial fibrillation,10,3896229,0.0067,1030836,0.465,Atrial fibrillation || id:ebi-a-GCST006414,Atrial fibrillation,Atrial fibrillation ||  || ,TRUE,igd,NA,NA,NA,NA,NA,NA,NA,10,3896229,0.0217,4.34E-05,460499,Hyperthyroidism, || id:ebi-a-GCST90018860,TRUE,reported,igd,2,1,TRUE
131,rs7940871,T,C,T,C,0.1154,0.0171,0.24897,0.3206,FALSE,FALSE,FALSE,Atrial fibrillation,11,45227830,0.0071,1030836,0.0169602,Atrial fibrillation || id:ebi-a-GCST006414,Atrial fibrillation,Atrial fibrillation ||  || ,TRUE,igd,NA,NA,NA,NA,NA,NA,NA,11,45227830,0.0251,4.26E-06,460499,Hyperthyroidism, || id:ebi-a-GCST90018860,TRUE,reported,igd,2,1,TRUE
132,rs80054410,C,T,C,T,0.1148,-0.0181,0.264093,0.3786,FALSE,FALSE,FALSE,Atrial fibrillation,21,43836010,0.007,1030836,0.00924592,Atrial fibrillation || id:ebi-a-GCST006414,Atrial fibrillation,Atrial fibrillation ||  || ,TRUE,igd,NA,NA,NA,NA,NA,NA,NA,21,43836010,0.0252,5.37E-06,460499,Hyperthyroidism, || id:ebi-a-GCST90018860,TRUE,reported,igd,2,1,TRUE
133,rs8047170,G,A,G,A,0.5371,-0.0193,0.0138609,0.0197,FALSE,FALSE,FALSE,Atrial fibrillation,16,860258,0.027,1030836,0.4748,Atrial fibrillation || id:ebi-a-GCST006414,Atrial fibrillation,Atrial fibrillation ||  || ,TRUE,igd,NA,NA,NA,NA,NA,NA,NA,16,860258,0.1198,7.39E-06,460499,Hyperthyroidism, || id:ebi-a-GCST90018860,TRUE,reported,igd,2,1,TRUE
134,rs9258033,C,T,C,T,-0.2359,-0.0123,0.044242,0.025,FALSE,FALSE,FALSE,Atrial fibrillation,6,29661192,0.0245,1030836,0.6147,Atrial fibrillation || id:ebi-a-GCST006414,Atrial fibrillation,Atrial fibrillation ||  || ,TRUE,igd,NA,NA,NA,NA,NA,NA,NA,6,29661192,0.057,3.47E-05,460499,Hyperthyroidism, || id:ebi-a-GCST90018860,TRUE,reported,igd,2,1,TRUE
135,rs9309277,C,G,C,G,0.1391,0.0118,0.146092,0.1186,FALSE,TRUE,FALSE,Atrial fibrillation,2,56559179,0.0103,1030836,0.25,Atrial fibrillation || id:ebi-a-GCST006414,Atrial fibrillation,Atrial fibrillation ||  || ,TRUE,igd,NA,NA,NA,NA,NA,NA,NA,2,56559179,0.0319,1.31E-05,460499,Hyperthyroidism, || id:ebi-a-GCST90018860,TRUE,reported,igd,2,1,TRUE
136,rs942152,T,C,T,C,-0.1123,0.0031,0.652844,0.5448,FALSE,FALSE,FALSE,Atrial fibrillation,9,123951685,0.0067,1030836,0.6469,Atrial fibrillation || id:ebi-a-GCST006414,Atrial fibrillation,Atrial fibrillation ||  || ,TRUE,igd,NA,NA,NA,NA,NA,NA,NA,9,123951685,0.0236,2.00E-06,460499,Hyperthyroidism, || id:ebi-a-GCST90018860,TRUE,reported,igd,2,1,TRUE
137,rs9510467,C,T,C,T,-0.1197,0.0041,0.200564,0.2117,FALSE,FALSE,FALSE,Atrial fibrillation,13,23547855,0.0082,1030836,0.617701,Atrial fibrillation || id:ebi-a-GCST006414,Atrial fibrillation,Atrial fibrillation ||  || ,TRUE,igd,NA,NA,NA,NA,NA,NA,NA,13,23547855,0.0271,1.02E-05,460499,Hyperthyroidism, || id:ebi-a-GCST90018860,TRUE,reported,igd,2,1,TRUE
138,rs9683509,A,C,A,C,-0.1369,0.0016,0.164202,0.1401,FALSE,FALSE,FALSE,Atrial fibrillation,4,158015608,0.0095,1030836,0.8674,Atrial fibrillation || id:ebi-a-GCST006414,Atrial fibrillation,Atrial fibrillation ||  || ,TRUE,igd,NA,NA,NA,NA,NA,NA,NA,4,158015608,0.0297,4.05E-06,460499,Hyperthyroidism, || id:ebi-a-GCST90018860,TRUE,reported,igd,2,1,TRUE
139,rs9831216,T,C,T,C,0.2412,0.0081,0.042685,0.0585,FALSE,FALSE,FALSE,Atrial fibrillation,3,95640691,0.0141,1030836,0.5645,Atrial fibrillation || id:ebi-a-GCST006414,Atrial fibrillation,Atrial fibrillation ||  || ,TRUE,igd,NA,NA,NA,NA,NA,NA,NA,3,95640691,0.0532,5.76E-06,460499,Hyperthyroidism, || id:ebi-a-GCST90018860,TRUE,reported,igd,2,1,TRUE
