,SNP,effect_allele.exposure,other_allele.exposure,effect_allele.outcome,other_allele.outcome,beta.exposure,beta.outcome,eaf.exposure,eaf.outcome,remove,palindromic,ambiguous,id.outcome,chr,pos,se.outcome,samplesize.outcome,pval.outcome,outcome,originalname.outcome,outcome.deprecated,mr_keep.outcome,data_source.outcome,proxy.outcome,target_snp.outcome,proxy_snp.outcome,target_a1.outcome,target_a2.outcome,proxy_a1.outcome,proxy_a2.outcome,chr.exposure,pos.exposure,se.exposure,pval.exposure,samplesize.exposure,id.exposure,exposure,mr_keep.exposure,pval_origin.exposure,data_source.exposure,action,SNP_index,mr_keep
1,rs10059884,A,C,A,C,0.0129924,0.0218,0.59623,0.5985,FALSE,FALSE,FALSE,Atrial fibrillation,5,32832474,0.0068,1030836,0.00127101,Atrial fibrillation || id:ebi-a-GCST006414,Atrial fibrillation,Atrial fibrillation ||  || ,TRUE,igd,NA,NA,NA,NA,NA,NA,NA,5,32832474,0.000846423,1.00E-52,484598,Hypertension,Hypertension || id:ebi-a-GCST90038604,TRUE,reported,igd,2,1,TRUE
2,rs10076730,C,T,C,T,-0.0112485,-0.0184,0.375211,0.3696,FALSE,FALSE,FALSE,Atrial fibrillation,5,157816992,0.0069,1030836,0.00715995,Atrial fibrillation || id:ebi-a-GCST006414,Atrial fibrillation,Atrial fibrillation ||  || ,TRUE,igd,NA,NA,NA,NA,NA,NA,NA,5,157816992,0.000858773,2.50E-39,484598,Hypertension,Hypertension || id:ebi-a-GCST90038604,TRUE,reported,igd,2,1,TRUE
3,rs10091532,A,C,A,C,-0.00596347,0.0045,0.41255,0.425,FALSE,FALSE,FALSE,Atrial fibrillation,8,82853793,0.0067,1030836,0.497299,Atrial fibrillation || id:ebi-a-GCST006414,Atrial fibrillation,Atrial fibrillation ||  || ,TRUE,igd,NA,NA,NA,NA,NA,NA,NA,8,82853793,0.000846834,5.20E-13,484598,Hypertension,Hypertension || id:ebi-a-GCST90038604,TRUE,reported,igd,2,1,TRUE
4,rs10164193,G,T,G,T,0.00927956,0.024,0.080216,0.0722,FALSE,FALSE,FALSE,Atrial fibrillation,18,31161426,0.0128,1030836,0.0610801,Atrial fibrillation || id:ebi-a-GCST006414,Atrial fibrillation,Atrial fibrillation ||  || ,TRUE,igd,NA,NA,NA,NA,NA,NA,NA,18,31161426,0.00154935,3.00E-09,484598,Hypertension,Hypertension || id:ebi-a-GCST90038604,TRUE,reported,igd,2,1,TRUE
5,rs10217559,T,C,T,C,0.00527009,0.0067,0.678949,0.6785,FALSE,FALSE,FALSE,Atrial fibrillation,9,112751571,0.0071,1030836,0.345,Atrial fibrillation || id:ebi-a-GCST006414,Atrial fibrillation,Atrial fibrillation ||  || ,TRUE,igd,NA,NA,NA,NA,NA,NA,NA,9,112751571,0.000897484,4.70E-09,484598,Hypertension,Hypertension || id:ebi-a-GCST90038604,TRUE,reported,igd,2,1,TRUE
6,rs10224210,C,T,C,T,0.00846979,0.0049,0.274673,0.2823,FALSE,FALSE,FALSE,Atrial fibrillation,7,151413194,0.0075,1030836,0.5152,Atrial fibrillation || id:ebi-a-GCST006414,Atrial fibrillation,Atrial fibrillation ||  || ,TRUE,igd,NA,NA,NA,NA,NA,NA,NA,7,151413194,0.000936346,4.70E-20,484598,Hypertension,Hypertension || id:ebi-a-GCST90038604,TRUE,reported,igd,2,1,TRUE
7,rs10409243,T,C,T,C,-0.00559318,-0.0084,0.593828,0.5797,FALSE,FALSE,FALSE,Atrial fibrillation,19,10332988,0.0069,1030836,0.2185,Atrial fibrillation || id:ebi-a-GCST006414,Atrial fibrillation,Atrial fibrillation ||  || ,TRUE,igd,NA,NA,NA,NA,NA,NA,NA,19,10332988,0.000862945,6.90E-11,484598,Hypertension,Hypertension || id:ebi-a-GCST90038604,TRUE,reported,igd,2,1,TRUE
8,rs1047891,A,C,A,C,-0.00556178,-0.0107,0.315455,0.3032,FALSE,FALSE,FALSE,Atrial fibrillation,2,211540507,0.0074,1030836,0.1472,Atrial fibrillation || id:ebi-a-GCST006414,Atrial fibrillation,Atrial fibrillation ||  || ,TRUE,igd,NA,NA,NA,NA,NA,NA,NA,2,211540507,0.000891257,4.60E-10,484598,Hypertension,Hypertension || id:ebi-a-GCST90038604,TRUE,reported,igd,2,1,TRUE
9,rs1048070,C,T,C,T,0.00480949,0.007,0.530274,0.5401,FALSE,FALSE,FALSE,Atrial fibrillation,9,14735053,0.0067,1030836,0.299,Atrial fibrillation || id:ebi-a-GCST006414,Atrial fibrillation,Atrial fibrillation ||  || ,TRUE,igd,NA,NA,NA,NA,NA,NA,NA,9,14735053,0.000853603,2.80E-08,484598,Hypertension,Hypertension || id:ebi-a-GCST90038604,TRUE,reported,igd,2,1,TRUE
10,rs10500326,T,G,T,G,-0.00871534,-0.006,0.235237,0.2331,FALSE,FALSE,FALSE,Atrial fibrillation,16,4918326,0.0079,1030836,0.4442,Atrial fibrillation || id:ebi-a-GCST006414,Atrial fibrillation,Atrial fibrillation ||  || ,TRUE,igd,NA,NA,NA,NA,NA,NA,NA,16,4918326,0.00098222,5.90E-20,484598,Hypertension,Hypertension || id:ebi-a-GCST90038604,TRUE,reported,igd,2,1,TRUE
11,rs1065853,T,G,T,G,-0.011581,0.0114,0.080016,0.0593,FALSE,FALSE,FALSE,Atrial fibrillation,19,45413233,0.0353,1030836,0.7465,Atrial fibrillation || id:ebi-a-GCST006414,Atrial fibrillation,Atrial fibrillation ||  || ,TRUE,igd,NA,NA,NA,NA,NA,NA,NA,19,45413233,0.00153439,3.50E-14,484598,Hypertension,Hypertension || id:ebi-a-GCST90038604,TRUE,reported,igd,2,1,TRUE
12,rs10660539,CCTT,C,CCTT,C,0.00543265,0.0131,0.704586,0.7113,FALSE,FALSE,FALSE,Atrial fibrillation,1,204556990,0.0183,1030836,0.4748,Atrial fibrillation || id:ebi-a-GCST006414,Atrial fibrillation,Atrial fibrillation ||  || ,TRUE,igd,NA,NA,NA,NA,NA,NA,NA,1,204556990,0.000912563,3.00E-09,484598,Hypertension,Hypertension || id:ebi-a-GCST90038604,TRUE,reported,igd,2,1,TRUE
13,rs10771960,T,C,T,C,0.00485388,0.0132,0.339511,0.3427,FALSE,FALSE,FALSE,Atrial fibrillation,12,32648358,0.007,1030836,0.0606904,Atrial fibrillation || id:ebi-a-GCST006414,Atrial fibrillation,Atrial fibrillation ||  || ,TRUE,igd,NA,NA,NA,NA,NA,NA,NA,12,32648358,0.000883094,2.90E-08,484598,Hypertension,Hypertension || id:ebi-a-GCST90038604,TRUE,reported,igd,2,1,TRUE
14,rs10776752,T,G,T,G,0.0186727,0.0163,0.073969,0.0805,FALSE,FALSE,FALSE,Atrial fibrillation,1,113044328,0.0122,1030836,0.1811,Atrial fibrillation || id:ebi-a-GCST006414,Atrial fibrillation,Atrial fibrillation ||  || ,TRUE,igd,NA,NA,NA,NA,NA,NA,NA,1,113044328,0.00159093,4.20E-32,484598,Hypertension,Hypertension || id:ebi-a-GCST90038604,TRUE,reported,igd,2,1,TRUE
15,rs10832586,C,A,C,A,0.010998,0.0259,0.201177,0.2057,FALSE,FALSE,FALSE,Atrial fibrillation,11,16304089,0.0082,1030836,0.00160199,Atrial fibrillation || id:ebi-a-GCST006414,Atrial fibrillation,Atrial fibrillation ||  || ,TRUE,igd,NA,NA,NA,NA,NA,NA,NA,11,16304089,0.00103832,5.80E-27,484598,Hypertension,Hypertension || id:ebi-a-GCST90038604,TRUE,reported,igd,2,1,TRUE
16,rs10883543,T,G,T,G,0.0107306,-0.0158,0.892464,0.8731,FALSE,FALSE,FALSE,Atrial fibrillation,10,102552752,0.0109,1030836,0.1488,Atrial fibrillation || id:ebi-a-GCST006414,Atrial fibrillation,Atrial fibrillation ||  || ,TRUE,igd,NA,NA,NA,NA,NA,NA,NA,10,102552752,0.00134869,1.40E-15,484598,Hypertension,Hypertension || id:ebi-a-GCST90038604,TRUE,reported,igd,2,1,TRUE
17,rs10943595,G,C,G,C,0.0062019,0.0328,0.37458,0.3681,FALSE,TRUE,FALSE,Atrial fibrillation,6,79575291,0.0069,1030836,2.17E-06,Atrial fibrillation || id:ebi-a-GCST006414,Atrial fibrillation,Atrial fibrillation ||  || ,TRUE,igd,NA,NA,NA,NA,NA,NA,NA,6,79575291,0.000868243,1.20E-12,484598,Hypertension,Hypertension || id:ebi-a-GCST90038604,TRUE,reported,igd,2,1,TRUE
18,rs10980408,C,T,C,T,0.0172267,1.00E-04,0.036993,0.0353,FALSE,FALSE,FALSE,Atrial fibrillation,9,113249071,0.0186,1030836,0.9964,Atrial fibrillation || id:ebi-a-GCST006414,Atrial fibrillation,Atrial fibrillation ||  || ,TRUE,igd,NA,NA,NA,NA,NA,NA,NA,9,113249071,0.00222492,2.00E-15,484598,Hypertension,Hypertension || id:ebi-a-GCST90038604,TRUE,reported,igd,2,1,TRUE
19,rs11006778,G,A,G,A,0.00491934,0.0142,0.454373,0.4585,FALSE,FALSE,FALSE,Atrial fibrillation,10,28228037,0.0066,1030836,0.0328398,Atrial fibrillation || id:ebi-a-GCST006414,Atrial fibrillation,Atrial fibrillation ||  || ,TRUE,igd,NA,NA,NA,NA,NA,NA,NA,10,28228037,0.000834712,3.70E-09,484598,Hypertension,Hypertension || id:ebi-a-GCST90038604,TRUE,reported,igd,2,1,TRUE
20,rs11072508,T,C,T,C,-0.0121782,0.0069,0.646781,0.6533,FALSE,FALSE,FALSE,Atrial fibrillation,15,75062397,0.007,1030836,0.3242,Atrial fibrillation || id:ebi-a-GCST006414,Atrial fibrillation,Atrial fibrillation ||  || ,TRUE,igd,NA,NA,NA,NA,NA,NA,NA,15,75062397,0.000897528,9.60E-43,484598,Hypertension,Hypertension || id:ebi-a-GCST90038604,TRUE,reported,igd,2,1,TRUE
21,rs11112548,T,A,T,A,-0.0114898,0.0192,0.043821,0.0436,FALSE,TRUE,FALSE,Atrial fibrillation,12,105871914,0.0179,1030836,0.2828,Atrial fibrillation || id:ebi-a-GCST006414,Atrial fibrillation,Atrial fibrillation ||  || ,TRUE,igd,NA,NA,NA,NA,NA,NA,NA,12,105871914,0.0020958,2.60E-08,484598,Hypertension,Hypertension || id:ebi-a-GCST90038604,TRUE,reported,igd,2,1,TRUE
22,rs11125883,C,A,C,A,-0.00566334,0.0144,0.361561,0.3682,FALSE,FALSE,FALSE,Atrial fibrillation,2,61710573,0.0069,1030836,0.0369199,Atrial fibrillation || id:ebi-a-GCST006414,Atrial fibrillation,Atrial fibrillation ||  || ,TRUE,igd,NA,NA,NA,NA,NA,NA,NA,2,61710573,0.000864505,9.40E-11,484598,Hypertension,Hypertension || id:ebi-a-GCST90038604,TRUE,reported,igd,2,1,TRUE
23,rs111896658,T,C,T,C,-0.00924496,-0.0145,0.107826,0.1175,FALSE,FALSE,FALSE,Atrial fibrillation,16,4147630,0.0104,1030836,0.1624,Atrial fibrillation || id:ebi-a-GCST006414,Atrial fibrillation,Atrial fibrillation ||  || ,TRUE,igd,NA,NA,NA,NA,NA,NA,NA,16,4147630,0.00134577,3.70E-12,484598,Hypertension,Hypertension || id:ebi-a-GCST90038604,TRUE,reported,igd,2,1,TRUE
24,rs11191559,T,C,T,C,-0.0196075,0.0406,0.081365,0.0815,FALSE,FALSE,FALSE,Atrial fibrillation,10,104867686,0.0118,1030836,0.000581996,Atrial fibrillation || id:ebi-a-GCST006414,Atrial fibrillation,Atrial fibrillation ||  || ,TRUE,igd,NA,NA,NA,NA,NA,NA,NA,10,104867686,0.00152147,8.30E-38,484598,Hypertension,Hypertension || id:ebi-a-GCST90038604,TRUE,reported,igd,2,1,TRUE
25,rs112035922,T,C,T,C,0.006352,-0.0028,0.239151,0.216,FALSE,FALSE,FALSE,Atrial fibrillation,13,115047464,0.0121,1030836,0.8153,Atrial fibrillation || id:ebi-a-GCST006414,Atrial fibrillation,Atrial fibrillation ||  || ,TRUE,igd,NA,NA,NA,NA,NA,NA,NA,13,115047464,0.000987408,2.40E-11,484598,Hypertension,Hypertension || id:ebi-a-GCST90038604,TRUE,reported,igd,2,1,TRUE
26,rs11249244,A,G,A,G,0.00671279,0.005,0.611172,0.6225,FALSE,FALSE,FALSE,Atrial fibrillation,1,25347711,0.0069,1030836,0.4753,Atrial fibrillation || id:ebi-a-GCST006414,Atrial fibrillation,Atrial fibrillation ||  || ,TRUE,igd,NA,NA,NA,NA,NA,NA,NA,1,25347711,0.000870397,6.00E-15,484598,Hypertension,Hypertension || id:ebi-a-GCST90038604,TRUE,reported,igd,2,1,TRUE
27,rs112684153,C,T,C,T,-0.00983668,0.0074,0.07151,0.0716,FALSE,FALSE,FALSE,Atrial fibrillation,13,41849731,0.0138,1030836,0.5894,Atrial fibrillation || id:ebi-a-GCST006414,Atrial fibrillation,Atrial fibrillation ||  || ,TRUE,igd,NA,NA,NA,NA,NA,NA,NA,13,41849731,0.00166696,7.20E-09,484598,Hypertension,Hypertension || id:ebi-a-GCST90038604,TRUE,reported,igd,2,1,TRUE
28,rs11429307,GT,G,GT,G,0.00756276,-0.0137,0.189098,0.1597,FALSE,FALSE,FALSE,Atrial fibrillation,5,55857025,0.0229,1030836,0.549,Atrial fibrillation || id:ebi-a-GCST006414,Atrial fibrillation,Atrial fibrillation ||  || ,TRUE,igd,NA,NA,NA,NA,NA,NA,NA,5,55857025,0.00106322,7.20E-13,484598,Hypertension,Hypertension || id:ebi-a-GCST90038604,TRUE,reported,igd,2,1,TRUE
29,rs11441170,CT,C,CT,C,-0.00951959,-0.0125,0.300718,0.3344,FALSE,FALSE,FALSE,Atrial fibrillation,12,54434813,0.014,1030836,0.3718,Atrial fibrillation || id:ebi-a-GCST006414,Atrial fibrillation,Atrial fibrillation ||  || ,TRUE,igd,NA,NA,NA,NA,NA,NA,NA,12,54434813,0.000912704,1.90E-25,484598,Hypertension,Hypertension || id:ebi-a-GCST90038604,TRUE,reported,igd,2,1,TRUE
30,rs11454754,CT,C,CT,C,0.00547536,-0.0025,0.634878,0.8255,FALSE,FALSE,FALSE,Atrial fibrillation,3,11537153,0.0281,1030836,0.9284,Atrial fibrillation || id:ebi-a-GCST006414,Atrial fibrillation,Atrial fibrillation ||  || ,TRUE,igd,NA,NA,NA,NA,NA,NA,NA,3,11537153,0.00099528,3.20E-08,484598,Hypertension,Hypertension || id:ebi-a-GCST90038604,TRUE,reported,igd,2,1,TRUE
31,rs116511141,A,G,A,G,0.0134596,0.0584,0.033077,0.0341,FALSE,FALSE,FALSE,Atrial fibrillation,3,53455300,0.0241,1030836,0.0156099,Atrial fibrillation || id:ebi-a-GCST006414,Atrial fibrillation,Atrial fibrillation ||  || ,TRUE,igd,NA,NA,NA,NA,NA,NA,NA,3,53455300,0.00232948,1.00E-08,484598,Hypertension,Hypertension || id:ebi-a-GCST90038604,TRUE,reported,igd,2,1,TRUE
32,rs11677903,T,C,T,C,-0.00550463,-8.00E-04,0.208155,0.2216,FALSE,FALSE,FALSE,Atrial fibrillation,2,113714944,0.0081,1030836,0.9242,Atrial fibrillation || id:ebi-a-GCST006414,Atrial fibrillation,Atrial fibrillation ||  || ,TRUE,igd,NA,NA,NA,NA,NA,NA,NA,2,113714944,0.00102638,4.50E-08,484598,Hypertension,Hypertension || id:ebi-a-GCST90038604,TRUE,reported,igd,2,1,TRUE
33,rs11688682,C,G,C,G,-0.00666101,0.0098,0.265463,0.2693,FALSE,TRUE,FALSE,Atrial fibrillation,2,121347612,0.0081,1030836,0.2272,Atrial fibrillation || id:ebi-a-GCST006414,Atrial fibrillation,Atrial fibrillation ||  || ,TRUE,igd,NA,NA,NA,NA,NA,NA,NA,2,121347612,0.000975892,8.00E-12,484598,Hypertension,Hypertension || id:ebi-a-GCST90038604,TRUE,reported,igd,2,1,TRUE
34,rs117464403,A,G,A,G,0.0203903,-0.0139,0.018508,0.0213,FALSE,FALSE,FALSE,Atrial fibrillation,10,107158054,0.0278,1030836,0.617401,Atrial fibrillation || id:ebi-a-GCST006414,Atrial fibrillation,Atrial fibrillation ||  || ,TRUE,igd,NA,NA,NA,NA,NA,NA,NA,10,107158054,0.00308878,5.30E-11,484598,Hypertension,Hypertension || id:ebi-a-GCST90038604,TRUE,reported,igd,2,1,TRUE
35,rs11771259,G,C,G,C,0.00981851,0.0056,0.116445,0.1236,FALSE,TRUE,FALSE,Atrial fibrillation,7,7277215,0.0102,1030836,0.5844,Atrial fibrillation || id:ebi-a-GCST006414,Atrial fibrillation,Atrial fibrillation ||  || ,TRUE,igd,NA,NA,NA,NA,NA,NA,NA,7,7277215,0.00129943,5.60E-14,484598,Hypertension,Hypertension || id:ebi-a-GCST90038604,TRUE,reported,igd,2,1,TRUE
36,rs11776122,G,A,G,A,0.00594356,-0.0037,0.199469,0.1966,FALSE,FALSE,FALSE,Atrial fibrillation,8,51694870,0.0113,1030836,0.7431,Atrial fibrillation || id:ebi-a-GCST006414,Atrial fibrillation,Atrial fibrillation ||  || ,TRUE,igd,TRUE,rs11776122,rs13270824,G,A,T,G,8,51669796,0.00103977,1.10E-08,484598,Hypertension,Hypertension || id:ebi-a-GCST90038604,TRUE,reported,igd,2,1,TRUE
37,rs117777118,A,G,A,G,-0.0122867,0.024,0.037554,0.0383,FALSE,FALSE,FALSE,Atrial fibrillation,18,77161324,0.0217,1030836,0.2692,Atrial fibrillation || id:ebi-a-GCST006414,Atrial fibrillation,Atrial fibrillation ||  || ,TRUE,igd,NA,NA,NA,NA,NA,NA,NA,18,77161324,0.00236689,4.80E-08,484598,Hypertension,Hypertension || id:ebi-a-GCST90038604,TRUE,reported,igd,2,1,TRUE
38,rs11990607,G,A,G,A,-0.00674689,-0.0207,0.170664,0.1522,FALSE,FALSE,FALSE,Atrial fibrillation,8,81363534,0.0093,1030836,0.0262803,Atrial fibrillation || id:ebi-a-GCST006414,Atrial fibrillation,Atrial fibrillation ||  || ,TRUE,igd,NA,NA,NA,NA,NA,NA,NA,8,81363534,0.00111214,1.70E-09,484598,Hypertension,Hypertension || id:ebi-a-GCST90038604,TRUE,reported,igd,2,1,TRUE
39,rs12035750,C,T,C,T,0.00528554,0.0128,0.372778,0.3654,FALSE,FALSE,FALSE,Atrial fibrillation,1,89332099,0.007,1030836,0.0662796,Atrial fibrillation || id:ebi-a-GCST006414,Atrial fibrillation,Atrial fibrillation ||  || ,TRUE,igd,NA,NA,NA,NA,NA,NA,NA,1,89332099,0.000864776,9.80E-10,484598,Hypertension,Hypertension || id:ebi-a-GCST90038604,TRUE,reported,igd,2,1,TRUE
40,rs12114418,G,A,G,A,0.00609541,-7.00E-04,0.237412,0.228,FALSE,FALSE,FALSE,Atrial fibrillation,8,126521465,0.008,1030836,0.9287,Atrial fibrillation || id:ebi-a-GCST006414,Atrial fibrillation,Atrial fibrillation ||  || ,TRUE,igd,NA,NA,NA,NA,NA,NA,NA,8,126521465,0.000986592,8.30E-10,484598,Hypertension,Hypertension || id:ebi-a-GCST90038604,TRUE,reported,igd,2,1,TRUE
41,rs12142296,G,T,G,T,0.00737136,-0.0127,0.134092,0.1335,FALSE,FALSE,FALSE,Atrial fibrillation,1,46541679,0.01,1030836,0.2031,Atrial fibrillation || id:ebi-a-GCST006414,Atrial fibrillation,Atrial fibrillation ||  || ,TRUE,igd,NA,NA,NA,NA,NA,NA,NA,1,46541679,0.00121817,2.30E-09,484598,Hypertension,Hypertension || id:ebi-a-GCST90038604,TRUE,reported,igd,2,1,TRUE
42,rs12237112,T,C,T,C,-0.00581728,0.0127,0.198511,0.1912,FALSE,FALSE,FALSE,Atrial fibrillation,9,98934208,0.0085,1030836,0.1332,Atrial fibrillation || id:ebi-a-GCST006414,Atrial fibrillation,Atrial fibrillation ||  || ,TRUE,igd,NA,NA,NA,NA,NA,NA,NA,9,98934208,0.00104864,3.40E-08,484598,Hypertension,Hypertension || id:ebi-a-GCST90038604,TRUE,reported,igd,2,1,TRUE
43,rs12258967,G,C,G,C,-0.0117939,-0.0305,0.296214,0.2838,FALSE,TRUE,FALSE,Atrial fibrillation,10,18727959,0.0076,1030836,5.38E-05,Atrial fibrillation || id:ebi-a-GCST006414,Atrial fibrillation,Atrial fibrillation ||  || ,TRUE,igd,NA,NA,NA,NA,NA,NA,NA,10,18727959,0.000911676,1.70E-37,484598,Hypertension,Hypertension || id:ebi-a-GCST90038604,TRUE,reported,igd,2,1,TRUE
44,rs12368309,A,G,A,G,0.00843246,-0.0205,0.114978,0.1142,FALSE,FALSE,FALSE,Atrial fibrillation,12,122607951,0.0109,1030836,0.0610099,Atrial fibrillation || id:ebi-a-GCST006414,Atrial fibrillation,Atrial fibrillation ||  || ,TRUE,igd,NA,NA,NA,NA,NA,NA,NA,12,122607951,0.00130618,1.40E-10,484598,Hypertension,Hypertension || id:ebi-a-GCST90038604,TRUE,reported,igd,2,1,TRUE
45,rs12500686,G,A,G,A,-0.00535544,0.0065,0.287024,NA,FALSE,FALSE,FALSE,Atrial fibrillation,4,56324089,0.0138,1030836,0.6376,Atrial fibrillation || id:ebi-a-GCST006414,Atrial fibrillation,Atrial fibrillation ||  || ,TRUE,igd,NA,NA,NA,NA,NA,NA,NA,4,56324089,0.000925875,5.00E-09,484598,Hypertension,Hypertension || id:ebi-a-GCST90038604,TRUE,reported,igd,2,1,TRUE
46,rs12509595,C,T,C,T,0.0217129,0.0416,0.287816,0.3069,FALSE,FALSE,FALSE,Atrial fibrillation,4,81182554,0.0072,1030836,9.20E-09,Atrial fibrillation || id:ebi-a-GCST006414,Atrial fibrillation,Atrial fibrillation ||  || ,TRUE,igd,NA,NA,NA,NA,NA,NA,NA,4,81182554,0.00092064,1.90E-124,484598,Hypertension,Hypertension || id:ebi-a-GCST90038604,TRUE,reported,igd,2,1,TRUE
47,rs12535256,C,T,C,T,0.0047349,-0.0019,0.441882,0.4417,FALSE,FALSE,FALSE,Atrial fibrillation,7,155753306,0.0067,1030836,0.783,Atrial fibrillation || id:ebi-a-GCST006414,Atrial fibrillation,Atrial fibrillation ||  || ,TRUE,igd,NA,NA,NA,NA,NA,NA,NA,7,155753306,0.000834885,1.50E-08,484598,Hypertension,Hypertension || id:ebi-a-GCST90038604,TRUE,reported,igd,2,1,TRUE
48,rs1275988,T,C,T,C,-0.0140782,0.0132,0.603914,0.6016,FALSE,FALSE,FALSE,Atrial fibrillation,2,26914364,0.0068,1030836,0.0520595,Atrial fibrillation || id:ebi-a-GCST006414,Atrial fibrillation,Atrial fibrillation ||  || ,TRUE,igd,NA,NA,NA,NA,NA,NA,NA,2,26914364,0.000857684,2.30E-61,484598,Hypertension,Hypertension || id:ebi-a-GCST90038604,TRUE,reported,igd,2,1,TRUE
49,rs12799296,A,G,A,G,0.00805295,0.0104,0.09363,0.0961,FALSE,FALSE,FALSE,Atrial fibrillation,11,22379228,0.0115,1030836,0.3659,Atrial fibrillation || id:ebi-a-GCST006414,Atrial fibrillation,Atrial fibrillation ||  || ,TRUE,igd,NA,NA,NA,NA,NA,NA,NA,11,22379228,0.00143076,7.50E-09,484598,Hypertension,Hypertension || id:ebi-a-GCST90038604,TRUE,reported,igd,2,1,TRUE
50,rs12906125,A,G,A,G,0.0127158,-0.0018,0.321873,0.3187,FALSE,FALSE,FALSE,Atrial fibrillation,15,91427612,0.0101,1030836,0.8558,Atrial fibrillation || id:ebi-a-GCST006414,Atrial fibrillation,Atrial fibrillation ||  || ,TRUE,igd,NA,NA,NA,NA,NA,NA,NA,15,91427612,0.000893645,1.10E-45,484598,Hypertension,Hypertension || id:ebi-a-GCST90038604,TRUE,reported,igd,2,1,TRUE
51,rs12906962,C,T,C,T,0.0067136,0.007,0.326499,0.3161,FALSE,FALSE,FALSE,Atrial fibrillation,15,95312071,0.0072,1030836,0.3299,Atrial fibrillation || id:ebi-a-GCST006414,Atrial fibrillation,Atrial fibrillation ||  || ,TRUE,igd,NA,NA,NA,NA,NA,NA,NA,15,95312071,0.000901502,3.30E-14,484598,Hypertension,Hypertension || id:ebi-a-GCST90038604,TRUE,reported,igd,2,1,TRUE
52,rs1290933,A,C,A,C,-0.00603477,-0.0122,0.679954,0.6701,FALSE,FALSE,FALSE,Atrial fibrillation,4,2668217,0.0071,1030836,0.0863993,Atrial fibrillation || id:ebi-a-GCST006414,Atrial fibrillation,Atrial fibrillation ||  || ,TRUE,igd,NA,NA,NA,NA,NA,NA,NA,4,2668217,0.000898455,1.80E-11,484598,Hypertension,Hypertension || id:ebi-a-GCST90038604,TRUE,reported,igd,2,1,TRUE
53,rs12911761,T,C,T,C,0.00487241,0.0072,0.418175,0.4129,FALSE,FALSE,FALSE,Atrial fibrillation,15,66943985,0.0068,1030836,0.2907,Atrial fibrillation || id:ebi-a-GCST006414,Atrial fibrillation,Atrial fibrillation ||  || ,TRUE,igd,NA,NA,NA,NA,NA,NA,NA,15,66943985,0.000849191,1.60E-08,484598,Hypertension,Hypertension || id:ebi-a-GCST90038604,TRUE,reported,igd,2,1,TRUE
54,rs12934751,C,T,C,T,0.00643294,0.0027,0.536285,0.5668,FALSE,FALSE,FALSE,Atrial fibrillation,16,81610667,0.0102,1030836,0.7956,Atrial fibrillation || id:ebi-a-GCST006414,Atrial fibrillation,Atrial fibrillation ||  || ,TRUE,igd,NA,NA,NA,NA,NA,NA,NA,16,81610667,0.000846582,9.90E-15,484598,Hypertension,Hypertension || id:ebi-a-GCST90038604,TRUE,reported,igd,2,1,TRUE
55,rs12978472,G,C,G,C,-0.0208814,-0.028,0.127229,0.1348,FALSE,TRUE,FALSE,Atrial fibrillation,19,7257990,0.0108,1030836,0.00930894,Atrial fibrillation || id:ebi-a-GCST006414,Atrial fibrillation,Atrial fibrillation ||  || ,TRUE,igd,NA,NA,NA,NA,NA,NA,NA,19,7257990,0.00126079,5.90E-62,484598,Hypertension,Hypertension || id:ebi-a-GCST90038604,TRUE,reported,igd,2,1,TRUE
56,rs13107325,T,C,T,C,-0.0198874,0.013,0.07186,0.0701,FALSE,FALSE,FALSE,Atrial fibrillation,4,103188709,0.0142,1030836,0.3598,Atrial fibrillation || id:ebi-a-GCST006414,Atrial fibrillation,Atrial fibrillation ||  || ,TRUE,igd,NA,NA,NA,NA,NA,NA,NA,4,103188709,0.00161271,1.60E-34,484598,Hypertension,Hypertension || id:ebi-a-GCST90038604,TRUE,reported,igd,2,1,TRUE
57,rs1317742,T,C,T,C,0.00690456,0.0028,0.139752,0.1324,FALSE,FALSE,FALSE,Atrial fibrillation,11,70028487,0.0099,1030836,0.7757,Atrial fibrillation || id:ebi-a-GCST006414,Atrial fibrillation,Atrial fibrillation ||  || ,TRUE,igd,NA,NA,NA,NA,NA,NA,NA,11,70028487,0.00120031,4.90E-09,484598,Hypertension,Hypertension || id:ebi-a-GCST90038604,TRUE,reported,igd,2,1,TRUE
58,rs1331860,T,G,T,G,0.00519031,0.0103,0.356851,0.3469,FALSE,FALSE,FALSE,Atrial fibrillation,1,56631443,0.0175,1030836,0.5561,Atrial fibrillation || id:ebi-a-GCST006414,Atrial fibrillation,Atrial fibrillation ||  || ,TRUE,igd,NA,NA,NA,NA,NA,NA,NA,1,56631443,0.00087479,2.80E-09,484598,Hypertension,Hypertension || id:ebi-a-GCST90038604,TRUE,reported,igd,2,1,TRUE
59,rs13358657,G,A,G,A,0.00925225,0.0066,0.130729,0.1293,FALSE,FALSE,FALSE,Atrial fibrillation,5,157938070,0.01,1030836,0.509,Atrial fibrillation || id:ebi-a-GCST006414,Atrial fibrillation,Atrial fibrillation ||  || ,TRUE,igd,NA,NA,NA,NA,NA,NA,NA,5,157938070,0.00123216,2.10E-14,484598,Hypertension,Hypertension || id:ebi-a-GCST90038604,TRUE,reported,igd,2,1,TRUE
60,rs139114831,AG,A,AG,A,0.00879781,0.0412,0.084223,0.0798,FALSE,FALSE,FALSE,Atrial fibrillation,19,11288976,0.0244,1030836,0.0922508,Atrial fibrillation || id:ebi-a-GCST006414,Atrial fibrillation,Atrial fibrillation ||  || ,TRUE,igd,NA,NA,NA,NA,NA,NA,NA,19,11288976,0.00151887,7.00E-09,484598,Hypertension,Hypertension || id:ebi-a-GCST90038604,TRUE,reported,igd,2,1,TRUE
61,rs139553812,TC,T,TC,T,-0.00746509,-0.0255,0.239177,0.2415,FALSE,FALSE,FALSE,Atrial fibrillation,2,25170158,0.0154,1030836,0.0984691,Atrial fibrillation || id:ebi-a-GCST006414,Atrial fibrillation,Atrial fibrillation ||  || ,TRUE,igd,NA,NA,NA,NA,NA,NA,NA,2,25170158,0.000972612,2.60E-15,484598,Hypertension,Hypertension || id:ebi-a-GCST90038604,TRUE,reported,igd,2,1,TRUE
62,rs1422278,T,G,T,G,0.00911999,0.0339,0.136272,0.1414,FALSE,FALSE,FALSE,Atrial fibrillation,5,122467417,0.0094,1030836,0.000291998,Atrial fibrillation || id:ebi-a-GCST006414,Atrial fibrillation,Atrial fibrillation ||  || ,TRUE,igd,NA,NA,NA,NA,NA,NA,NA,5,122467417,0.00121516,2.20E-14,484598,Hypertension,Hypertension || id:ebi-a-GCST90038604,TRUE,reported,igd,2,1,TRUE
63,rs142849507,T,C,T,C,0.0217307,0.0174,0.016421,0.0152,FALSE,FALSE,FALSE,Atrial fibrillation,16,51560612,0.0347,1030836,0.616,Atrial fibrillation || id:ebi-a-GCST006414,Atrial fibrillation,Atrial fibrillation ||  || ,TRUE,igd,NA,NA,NA,NA,NA,NA,NA,16,51560612,0.00352935,1.20E-09,484598,Hypertension,Hypertension || id:ebi-a-GCST90038604,TRUE,reported,igd,2,1,TRUE
64,rs143274148,T,C,T,C,0.0152713,0.0209,0.03323,0.0328,FALSE,FALSE,FALSE,Atrial fibrillation,17,46711668,0.02,1030836,0.2962,Atrial fibrillation || id:ebi-a-GCST006414,Atrial fibrillation,Atrial fibrillation ||  || ,TRUE,igd,NA,NA,NA,NA,NA,NA,NA,17,46711668,0.00232725,1.10E-10,484598,Hypertension,Hypertension || id:ebi-a-GCST90038604,TRUE,reported,igd,2,1,TRUE
65,rs1436138,G,A,G,A,-0.0074698,-0.0102,0.365272,0.3667,FALSE,FALSE,FALSE,Atrial fibrillation,17,75316880,0.0069,1030836,0.1409,Atrial fibrillation || id:ebi-a-GCST006414,Atrial fibrillation,Atrial fibrillation ||  || ,TRUE,igd,NA,NA,NA,NA,NA,NA,NA,17,75316880,0.000868397,1.10E-17,484598,Hypertension,Hypertension || id:ebi-a-GCST90038604,TRUE,reported,igd,2,1,TRUE
66,rs145153053,G,A,G,A,0.00915777,0.0436,0.164684,0.1664,FALSE,FALSE,FALSE,Atrial fibrillation,17,45138033,0.0091,1030836,1.89E-06,Atrial fibrillation || id:ebi-a-GCST006414,Atrial fibrillation,Atrial fibrillation ||  || ,TRUE,igd,NA,NA,NA,NA,NA,NA,NA,17,45138033,0.00112532,7.40E-17,484598,Hypertension,Hypertension || id:ebi-a-GCST90038604,TRUE,reported,igd,2,1,TRUE
67,rs146718647,T,C,T,C,0.0296713,0.031,0.016797,0.0167,FALSE,FALSE,FALSE,Atrial fibrillation,1,115827784,0.0282,1030836,0.2715,Atrial fibrillation || id:ebi-a-GCST006414,Atrial fibrillation,Atrial fibrillation ||  || ,TRUE,igd,NA,NA,NA,NA,NA,NA,NA,1,115827784,0.00322321,6.50E-20,484598,Hypertension,Hypertension || id:ebi-a-GCST90038604,TRUE,reported,igd,2,1,TRUE
68,rs150305881,T,C,T,C,-0.00740095,-0.0279,0.463885,0.5145,FALSE,FALSE,FALSE,Atrial fibrillation,5,114395888,0.0106,1030836,0.00877405,Atrial fibrillation || id:ebi-a-GCST006414,Atrial fibrillation,Atrial fibrillation ||  || ,TRUE,igd,NA,NA,NA,NA,NA,NA,NA,5,114395888,0.000871511,2.70E-17,484598,Hypertension,Hypertension || id:ebi-a-GCST90038604,TRUE,reported,igd,2,1,TRUE
69,rs1599231,C,A,C,A,0.00616044,0.0143,0.595228,0.5831,FALSE,FALSE,FALSE,Atrial fibrillation,3,53719490,0.0068,1030836,0.0347696,Atrial fibrillation || id:ebi-a-GCST006414,Atrial fibrillation,Atrial fibrillation ||  || ,TRUE,igd,NA,NA,NA,NA,NA,NA,NA,3,53719490,0.000854074,3.00E-13,484598,Hypertension,Hypertension || id:ebi-a-GCST90038604,TRUE,reported,igd,2,1,TRUE
70,rs169080,C,T,C,T,-0.00541461,-0.0192,0.640273,0.6179,FALSE,FALSE,FALSE,Atrial fibrillation,19,4980864,0.007,1030836,0.00605899,Atrial fibrillation || id:ebi-a-GCST006414,Atrial fibrillation,Atrial fibrillation ||  || ,TRUE,igd,NA,NA,NA,NA,NA,NA,NA,19,4980864,0.000870001,5.70E-10,484598,Hypertension,Hypertension || id:ebi-a-GCST90038604,TRUE,reported,igd,2,1,TRUE
71,rs17073834,C,G,C,G,0.00688733,-0.0308,0.123872,0.1249,FALSE,TRUE,FALSE,Atrial fibrillation,13,50730489,0.0101,1030836,0.00230399,Atrial fibrillation || id:ebi-a-GCST006414,Atrial fibrillation,Atrial fibrillation ||  || ,TRUE,igd,NA,NA,NA,NA,NA,NA,NA,13,50730489,0.00127032,4.30E-08,484598,Hypertension,Hypertension || id:ebi-a-GCST90038604,TRUE,reported,igd,2,1,TRUE
72,rs17099139,G,C,G,C,-0.00563614,0.007,0.27256,0.2801,FALSE,TRUE,FALSE,Atrial fibrillation,10,121419487,0.0074,1030836,0.346,Atrial fibrillation || id:ebi-a-GCST006414,Atrial fibrillation,Atrial fibrillation ||  || ,TRUE,igd,NA,NA,NA,NA,NA,NA,NA,10,121419487,0.000937877,2.70E-09,484598,Hypertension,Hypertension || id:ebi-a-GCST90038604,TRUE,reported,igd,2,1,TRUE
73,rs1741288,A,G,A,G,0.00482366,-0.002,0.639585,0.6302,FALSE,FALSE,FALSE,Atrial fibrillation,20,4102954,0.007,1030836,0.779301,Atrial fibrillation || id:ebi-a-GCST006414,Atrial fibrillation,Atrial fibrillation ||  || ,TRUE,igd,NA,NA,NA,NA,NA,NA,NA,20,4102954,0.000871756,2.70E-08,484598,Hypertension,Hypertension || id:ebi-a-GCST90038604,TRUE,reported,igd,2,1,TRUE
74,rs17637472,A,G,A,G,0.00834258,0.0148,0.386664,0.3905,FALSE,FALSE,FALSE,Atrial fibrillation,17,47461433,0.0063,1030836,0.0187301,Atrial fibrillation || id:ebi-a-GCST006414,Atrial fibrillation,Atrial fibrillation ||  || ,TRUE,igd,NA,NA,NA,NA,NA,NA,NA,17,47461433,0.000868081,1.10E-22,484598,Hypertension,Hypertension || id:ebi-a-GCST90038604,TRUE,reported,igd,2,1,TRUE
75,rs17677603,G,A,G,A,0.00733704,0.0316,0.400279,0.387,FALSE,FALSE,FALSE,Atrial fibrillation,5,127857493,0.0069,1030836,4.28E-06,Atrial fibrillation || id:ebi-a-GCST006414,Atrial fibrillation,Atrial fibrillation ||  || ,TRUE,igd,NA,NA,NA,NA,NA,NA,NA,5,127857493,0.00085969,4.40E-17,484598,Hypertension,Hypertension || id:ebi-a-GCST90038604,TRUE,reported,igd,2,1,TRUE
76,rs17826049,T,G,T,G,-0.0115071,-0.0095,0.043799,0.0517,FALSE,FALSE,FALSE,Atrial fibrillation,7,1222859,0.0173,1030836,0.580399,Atrial fibrillation || id:ebi-a-GCST006414,Atrial fibrillation,Atrial fibrillation ||  || ,TRUE,igd,NA,NA,NA,NA,NA,NA,NA,7,1222859,0.00203115,2.60E-08,484598,Hypertension,Hypertension || id:ebi-a-GCST90038604,TRUE,reported,igd,2,1,TRUE
77,rs1801253,C,G,C,G,0.0121583,0.0116,0.732637,0.7308,FALSE,TRUE,FALSE,Atrial fibrillation,10,115805056,0.0076,1030836,0.1288,Atrial fibrillation || id:ebi-a-GCST006414,Atrial fibrillation,Atrial fibrillation ||  || ,TRUE,igd,NA,NA,NA,NA,NA,NA,NA,10,115805056,0.000946202,2.10E-38,484598,Hypertension,Hypertension || id:ebi-a-GCST90038604,TRUE,reported,igd,2,1,TRUE
78,rs184863984,C,G,C,G,0.0123282,-0.0143,0.044928,0.0415,FALSE,TRUE,FALSE,Atrial fibrillation,7,6389115,0.0339,1030836,0.673301,Atrial fibrillation || id:ebi-a-GCST006414,Atrial fibrillation,Atrial fibrillation ||  || ,TRUE,igd,NA,NA,NA,NA,NA,NA,NA,7,6389115,0.00208369,2.30E-09,484598,Hypertension,Hypertension || id:ebi-a-GCST90038604,TRUE,reported,igd,2,1,TRUE
79,rs1862043,C,G,C,G,-0.00816931,0.008,0.636057,0.6268,FALSE,TRUE,FALSE,Atrial fibrillation,12,50576316,0.0069,1030836,0.2482,Atrial fibrillation || id:ebi-a-GCST006414,Atrial fibrillation,Atrial fibrillation ||  || ,TRUE,igd,NA,NA,NA,NA,NA,NA,NA,12,50576316,0.00086632,8.30E-22,484598,Hypertension,Hypertension || id:ebi-a-GCST90038604,TRUE,reported,igd,2,1,TRUE
80,rs1886598,G,C,G,C,-0.00640178,-0.0134,0.705076,0.692,FALSE,TRUE,FALSE,Atrial fibrillation,10,45381849,0.0115,1030836,0.2457,Atrial fibrillation || id:ebi-a-GCST006414,Atrial fibrillation,Atrial fibrillation ||  || ,TRUE,igd,NA,NA,NA,NA,NA,NA,NA,10,45381849,0.000936432,6.30E-12,484598,Hypertension,Hypertension || id:ebi-a-GCST90038604,TRUE,reported,igd,2,1,TRUE
81,rs1887320,A,G,A,G,0.0109438,0.0122,0.476223,0.4693,FALSE,FALSE,FALSE,Atrial fibrillation,20,10965998,0.0067,1030836,0.0673101,Atrial fibrillation || id:ebi-a-GCST006414,Atrial fibrillation,Atrial fibrillation ||  || ,TRUE,igd,NA,NA,NA,NA,NA,NA,NA,20,10965998,0.000834656,5.50E-40,484598,Hypertension,Hypertension || id:ebi-a-GCST90038604,TRUE,reported,igd,2,1,TRUE
82,rs1923031,C,T,C,T,-0.00716855,-0.008,0.607755,0.6121,FALSE,FALSE,FALSE,Atrial fibrillation,20,62483911,0.0074,1030836,0.2754,Atrial fibrillation || id:ebi-a-GCST006414,Atrial fibrillation,Atrial fibrillation ||  || ,TRUE,igd,NA,NA,NA,NA,NA,NA,NA,20,62483911,0.000876548,2.00E-16,484598,Hypertension,Hypertension || id:ebi-a-GCST90038604,TRUE,reported,igd,2,1,TRUE
83,rs193443,A,G,A,G,0.00516076,0.0124,0.471327,0.4719,FALSE,FALSE,FALSE,Atrial fibrillation,14,71817686,0.0067,1030836,0.0630304,Atrial fibrillation || id:ebi-a-GCST006414,Atrial fibrillation,Atrial fibrillation ||  || ,TRUE,igd,NA,NA,NA,NA,NA,NA,NA,14,71817686,0.000834591,1.50E-10,484598,Hypertension,Hypertension || id:ebi-a-GCST90038604,TRUE,reported,igd,2,1,TRUE
84,rs1981909,C,T,C,T,-0.00508844,-0.0124,0.441302,0.4552,FALSE,FALSE,FALSE,Atrial fibrillation,2,146900714,0.0067,1030836,0.0634702,Atrial fibrillation || id:ebi-a-GCST006414,Atrial fibrillation,Atrial fibrillation ||  || ,TRUE,igd,NA,NA,NA,NA,NA,NA,NA,2,146900714,0.00084666,4.40E-09,484598,Hypertension,Hypertension || id:ebi-a-GCST90038604,TRUE,reported,igd,2,1,TRUE
85,rs198851,G,T,G,T,-0.0125677,-0.0064,0.854083,0.8351,FALSE,FALSE,FALSE,Atrial fibrillation,6,26104632,0.0096,1030836,0.507,Atrial fibrillation || id:ebi-a-GCST006414,Atrial fibrillation,Atrial fibrillation ||  || ,TRUE,igd,NA,NA,NA,NA,NA,NA,NA,6,26104632,0.00117817,1.40E-27,484598,Hypertension,Hypertension || id:ebi-a-GCST90038604,TRUE,reported,igd,2,1,TRUE
86,rs1999996,G,A,G,A,0.00503165,0.0085,0.447171,0.4399,FALSE,FALSE,FALSE,Atrial fibrillation,1,184532090,0.0073,1030836,0.2416,Atrial fibrillation || id:ebi-a-GCST006414,Atrial fibrillation,Atrial fibrillation ||  || ,TRUE,igd,NA,NA,NA,NA,NA,NA,NA,1,184532090,0.000841741,2.60E-09,484598,Hypertension,Hypertension || id:ebi-a-GCST90038604,TRUE,reported,igd,2,2,TRUE
87,rs2014590,T,C,T,C,-0.00698552,0.0025,0.487851,0.4909,FALSE,FALSE,FALSE,Atrial fibrillation,3,169146497,0.0066,1030836,0.702301,Atrial fibrillation || id:ebi-a-GCST006414,Atrial fibrillation,Atrial fibrillation ||  || ,TRUE,igd,NA,NA,NA,NA,NA,NA,NA,3,169146497,0.000832196,3.00E-17,484598,Hypertension,Hypertension || id:ebi-a-GCST90038604,TRUE,reported,igd,2,1,TRUE
88,rs2071286,T,C,T,C,0.0101183,-0.0047,0.179635,0.1964,FALSE,FALSE,FALSE,Atrial fibrillation,6,32179896,0.0092,1030836,0.6058,Atrial fibrillation || id:ebi-a-GCST006414,Atrial fibrillation,Atrial fibrillation ||  || ,TRUE,igd,NA,NA,NA,NA,NA,NA,NA,6,32179896,0.00108679,6.90E-21,484598,Hypertension,Hypertension || id:ebi-a-GCST90038604,TRUE,reported,igd,2,1,TRUE
89,rs2078339,G,A,G,A,-0.00812525,-0.0051,0.27628,0.2616,FALSE,FALSE,FALSE,Atrial fibrillation,12,20161168,0.0076,1030836,0.5044,Atrial fibrillation || id:ebi-a-GCST006414,Atrial fibrillation,Atrial fibrillation ||  || ,TRUE,igd,NA,NA,NA,NA,NA,NA,NA,12,20161168,0.000931698,9.40E-19,484598,Hypertension,Hypertension || id:ebi-a-GCST90038604,TRUE,reported,igd,2,1,TRUE
90,rs2105092,A,G,A,G,-0.0072965,0.0236,0.29745,0.2851,FALSE,FALSE,FALSE,Atrial fibrillation,6,134184972,0.0073,1030836,0.001224,Atrial fibrillation || id:ebi-a-GCST006414,Atrial fibrillation,Atrial fibrillation ||  || ,TRUE,igd,NA,NA,NA,NA,NA,NA,NA,6,134184972,0.000912317,1.20E-15,484598,Hypertension,Hypertension || id:ebi-a-GCST90038604,TRUE,reported,igd,2,1,TRUE
91,rs2236295,T,G,T,G,-0.0074442,0.0136,0.39382,0.3992,FALSE,FALSE,FALSE,Atrial fibrillation,10,64564892,0.0068,1030836,0.0461201,Atrial fibrillation || id:ebi-a-GCST006414,Atrial fibrillation,Atrial fibrillation ||  || ,TRUE,igd,NA,NA,NA,NA,NA,NA,NA,10,64564892,0.000859237,3.00E-18,484598,Hypertension,Hypertension || id:ebi-a-GCST90038604,TRUE,reported,igd,2,1,TRUE
92,rs2242338,C,A,C,A,-0.0117036,-0.0216,0.075813,0.0837,FALSE,FALSE,FALSE,Atrial fibrillation,3,168854925,0.0122,1030836,0.0755405,Atrial fibrillation || id:ebi-a-GCST006414,Atrial fibrillation,Atrial fibrillation ||  || ,TRUE,igd,NA,NA,NA,NA,NA,NA,NA,3,168854925,0.00158287,6.60E-14,484598,Hypertension,Hypertension || id:ebi-a-GCST90038604,TRUE,reported,igd,2,1,TRUE
93,rs2246445,G,T,G,T,0.00455575,0.0108,0.597196,0.5913,FALSE,FALSE,FALSE,Atrial fibrillation,6,1971292,0.0068,1030836,0.1118,Atrial fibrillation || id:ebi-a-GCST006414,Atrial fibrillation,Atrial fibrillation ||  || ,TRUE,igd,NA,NA,NA,NA,NA,NA,NA,6,1971292,0.00084816,1.20E-08,484598,Hypertension,Hypertension || id:ebi-a-GCST90038604,TRUE,reported,igd,2,1,TRUE
94,rs2251828,A,G,A,G,0.00622121,0.0196,0.755937,0.7308,FALSE,FALSE,FALSE,Atrial fibrillation,6,15479363,0.0076,1030836,0.00979107,Atrial fibrillation || id:ebi-a-GCST006414,Atrial fibrillation,Atrial fibrillation ||  || ,TRUE,igd,NA,NA,NA,NA,NA,NA,NA,6,15479363,0.000967322,5.30E-11,484598,Hypertension,Hypertension || id:ebi-a-GCST90038604,TRUE,reported,igd,2,1,TRUE
95,rs2293252,T,C,T,C,-0.0053589,-8.00E-04,0.654446,0.6351,FALSE,FALSE,FALSE,Atrial fibrillation,3,138123854,0.0069,1030836,0.9045,Atrial fibrillation || id:ebi-a-GCST006414,Atrial fibrillation,Atrial fibrillation ||  || ,TRUE,igd,NA,NA,NA,NA,NA,NA,NA,3,138123854,0.000877458,1.70E-09,484598,Hypertension,Hypertension || id:ebi-a-GCST90038604,TRUE,reported,igd,2,1,TRUE
96,rs2298359,C,T,C,T,-0.0118434,-0.0472,0.064363,0.0642,FALSE,FALSE,FALSE,Atrial fibrillation,21,33671140,0.0157,1030836,0.00258702,Atrial fibrillation || id:ebi-a-GCST006414,Atrial fibrillation,Atrial fibrillation ||  || ,TRUE,igd,NA,NA,NA,NA,NA,NA,NA,21,33671140,0.00169678,4.00E-12,484598,Hypertension,Hypertension || id:ebi-a-GCST90038604,TRUE,reported,igd,2,1,TRUE
97,rs2306363,T,G,T,G,-0.00868546,6.00E-04,0.204574,0.205,FALSE,FALSE,FALSE,Atrial fibrillation,11,65405600,0.0083,1030836,0.9399,Atrial fibrillation || id:ebi-a-GCST006414,Atrial fibrillation,Atrial fibrillation ||  || ,TRUE,igd,NA,NA,NA,NA,NA,NA,NA,11,65405600,0.00103254,1.10E-17,484598,Hypertension,Hypertension || id:ebi-a-GCST90038604,TRUE,reported,igd,2,1,TRUE
98,rs2455357,G,A,G,A,-0.00689392,-0.0199,0.70998,0.6983,FALSE,FALSE,FALSE,Atrial fibrillation,5,688900,0.0097,1030836,0.0403803,Atrial fibrillation || id:ebi-a-GCST006414,Atrial fibrillation,Atrial fibrillation ||  || ,TRUE,igd,NA,NA,NA,NA,NA,NA,NA,5,688900,0.00102489,7.60E-12,484598,Hypertension,Hypertension || id:ebi-a-GCST90038604,TRUE,reported,igd,2,1,TRUE
99,rs2460448,A,G,A,G,-0.00835767,-0.0157,0.435511,0.4643,FALSE,FALSE,FALSE,Atrial fibrillation,16,89700881,0.0069,1030836,0.0233798,Atrial fibrillation || id:ebi-a-GCST006414,Atrial fibrillation,Atrial fibrillation ||  || ,TRUE,igd,NA,NA,NA,NA,NA,NA,NA,16,89700881,0.000843365,7.10E-23,484598,Hypertension,Hypertension || id:ebi-a-GCST90038604,TRUE,reported,igd,2,1,TRUE
100,rs2493296,T,C,T,C,0.0079618,0.0161,0.137014,0.1397,FALSE,FALSE,FALSE,Atrial fibrillation,1,3327032,0.0097,1030836,0.0979896,Atrial fibrillation || id:ebi-a-GCST006414,Atrial fibrillation,Atrial fibrillation ||  || ,TRUE,igd,NA,NA,NA,NA,NA,NA,NA,1,3327032,0.00121071,8.70E-12,484598,Hypertension,Hypertension || id:ebi-a-GCST90038604,TRUE,reported,igd,2,1,TRUE
101,rs2527614,G,A,G,A,-0.00639465,-0.0088,0.533771,0.5283,FALSE,FALSE,FALSE,Atrial fibrillation,1,228126470,0.0066,1030836,0.1819,Atrial fibrillation || id:ebi-a-GCST006414,Atrial fibrillation,Atrial fibrillation ||  || ,TRUE,igd,NA,NA,NA,NA,NA,NA,NA,1,228126470,0.000830774,4.40E-15,484598,Hypertension,Hypertension || id:ebi-a-GCST90038604,TRUE,reported,igd,2,1,TRUE
102,rs2551976,C,T,C,T,-0.00494315,0.0083,0.480444,0.4825,FALSE,FALSE,FALSE,Atrial fibrillation,2,208536939,0.0068,1030836,0.2186,Atrial fibrillation || id:ebi-a-GCST006414,Atrial fibrillation,Atrial fibrillation ||  || ,TRUE,igd,NA,NA,NA,NA,NA,NA,NA,2,208536939,0.000835624,6.70E-10,484598,Hypertension,Hypertension || id:ebi-a-GCST90038604,TRUE,reported,igd,2,1,TRUE
103,rs2569882,C,T,C,T,-0.00542427,-0.0108,0.444729,0.4347,FALSE,FALSE,FALSE,Atrial fibrillation,6,1620147,0.007,1030836,0.1209,Atrial fibrillation || id:ebi-a-GCST006414,Atrial fibrillation,Atrial fibrillation ||  || ,TRUE,igd,NA,NA,NA,NA,NA,NA,NA,6,1620147,0.000846172,1.60E-10,484598,Hypertension,Hypertension || id:ebi-a-GCST90038604,TRUE,reported,igd,2,1,TRUE
104,rs2581462,T,G,T,G,-0.0045926,0.0124,0.449886,NA,FALSE,FALSE,FALSE,Atrial fibrillation,15,100142936,0.0154,1030836,0.4207,Atrial fibrillation || id:ebi-a-GCST006414,Atrial fibrillation,Atrial fibrillation ||  || ,TRUE,igd,NA,NA,NA,NA,NA,NA,NA,15,100142936,0.000869625,4.80E-08,484598,Hypertension,Hypertension || id:ebi-a-GCST90038604,TRUE,reported,igd,2,1,TRUE
105,rs2643826,T,C,T,C,0.0102905,0.0228,0.458311,0.4513,FALSE,FALSE,FALSE,Atrial fibrillation,3,27562988,0.0068,1030836,0.000762395,Atrial fibrillation || id:ebi-a-GCST006414,Atrial fibrillation,Atrial fibrillation ||  || ,TRUE,igd,NA,NA,NA,NA,NA,NA,NA,3,27562988,0.000843895,6.80E-35,484598,Hypertension,Hypertension || id:ebi-a-GCST90038604,TRUE,reported,igd,2,1,TRUE
106,rs2681492,C,T,C,T,-0.0147878,-0.0123,0.175752,0.1725,FALSE,FALSE,FALSE,Atrial fibrillation,12,90013089,0.0088,1030836,0.164,Atrial fibrillation || id:ebi-a-GCST006414,Atrial fibrillation,Atrial fibrillation ||  || ,TRUE,igd,NA,NA,NA,NA,NA,NA,NA,12,90013089,0.0010949,8.40E-42,484598,Hypertension,Hypertension || id:ebi-a-GCST90038604,TRUE,reported,igd,2,1,TRUE
107,rs2759309,A,G,A,G,0.00688617,0.0371,0.451634,0.4695,FALSE,FALSE,FALSE,Atrial fibrillation,15,81016169,0.0067,1030836,3.03E-08,Atrial fibrillation || id:ebi-a-GCST006414,Atrial fibrillation,Atrial fibrillation ||  || ,TRUE,igd,NA,NA,NA,NA,NA,NA,NA,15,81016169,0.000844826,6.90E-17,484598,Hypertension,Hypertension || id:ebi-a-GCST90038604,TRUE,reported,igd,2,1,TRUE
108,rs27687,C,T,C,T,0.0063675,-4.00E-04,0.267132,0.2603,FALSE,FALSE,FALSE,Atrial fibrillation,5,68032422,0.0076,1030836,0.9625,Atrial fibrillation || id:ebi-a-GCST006414,Atrial fibrillation,Atrial fibrillation ||  || ,TRUE,igd,NA,NA,NA,NA,NA,NA,NA,5,68032422,0.000941807,6.70E-12,484598,Hypertension,Hypertension || id:ebi-a-GCST90038604,TRUE,reported,igd,2,1,TRUE
109,rs2823139,A,G,A,G,0.00608958,0.0163,0.337739,0.3386,FALSE,FALSE,FALSE,Atrial fibrillation,21,16576783,0.007,1030836,0.0209098,Atrial fibrillation || id:ebi-a-GCST006414,Atrial fibrillation,Atrial fibrillation ||  || ,TRUE,igd,NA,NA,NA,NA,NA,NA,NA,21,16576783,0.00088608,5.10E-12,484598,Hypertension,Hypertension || id:ebi-a-GCST90038604,TRUE,reported,igd,2,1,TRUE
110,rs28381984,T,C,T,C,0.00472182,0.0069,0.494786,0.4913,FALSE,FALSE,FALSE,Atrial fibrillation,2,228135631,0.0067,1030836,0.299,Atrial fibrillation || id:ebi-a-GCST006414,Atrial fibrillation,Atrial fibrillation ||  || ,TRUE,igd,NA,NA,NA,NA,NA,NA,NA,2,228135631,0.000833545,3.30E-08,484598,Hypertension,Hypertension || id:ebi-a-GCST90038604,TRUE,reported,igd,2,1,TRUE
111,rs28394055,T,C,T,C,-0.00624853,-0.0076,0.528854,0.5121,FALSE,FALSE,FALSE,Atrial fibrillation,8,143996923,0.0104,1030836,0.4648,Atrial fibrillation || id:ebi-a-GCST006414,Atrial fibrillation,Atrial fibrillation ||  || ,TRUE,igd,NA,NA,NA,NA,NA,NA,NA,8,143996923,0.00085628,1.40E-13,484598,Hypertension,Hypertension || id:ebi-a-GCST90038604,TRUE,reported,igd,2,1,TRUE
112,rs28515660,C,T,C,T,-0.00618765,-0.0127,0.259093,0.2466,FALSE,FALSE,FALSE,Atrial fibrillation,5,63815458,0.0077,1030836,0.0987598,Atrial fibrillation || id:ebi-a-GCST006414,Atrial fibrillation,Atrial fibrillation ||  || ,TRUE,igd,NA,NA,NA,NA,NA,NA,NA,5,63815458,0.000953136,1.00E-10,484598,Hypertension,Hypertension || id:ebi-a-GCST90038604,TRUE,reported,igd,2,1,TRUE
113,rs28590346,T,A,T,A,0.00588469,-7.00E-04,0.345327,0.3314,FALSE,TRUE,FALSE,Atrial fibrillation,16,2080653,0.0074,1030836,0.9275,Atrial fibrillation || id:ebi-a-GCST006414,Atrial fibrillation,Atrial fibrillation ||  || ,TRUE,igd,NA,NA,NA,NA,NA,NA,NA,16,2080653,0.000884349,2.10E-12,484598,Hypertension,Hypertension || id:ebi-a-GCST90038604,TRUE,reported,igd,2,1,TRUE
114,rs28667801,T,A,T,A,0.00711835,0.0114,0.405919,0.4112,FALSE,TRUE,FALSE,Atrial fibrillation,4,26785356,0.0069,1030836,0.0988804,Atrial fibrillation || id:ebi-a-GCST006414,Atrial fibrillation,Atrial fibrillation ||  || ,TRUE,igd,NA,NA,NA,NA,NA,NA,NA,4,26785356,0.000852845,1.10E-16,484598,Hypertension,Hypertension || id:ebi-a-GCST90038604,TRUE,reported,igd,2,1,TRUE
115,rs28730491,C,G,C,G,-0.00497811,-0.0037,0.336268,0.3379,FALSE,TRUE,FALSE,Atrial fibrillation,4,157681274,0.0178,1030836,0.8356,Atrial fibrillation || id:ebi-a-GCST006414,Atrial fibrillation,Atrial fibrillation ||  || ,TRUE,igd,NA,NA,NA,NA,NA,NA,NA,4,157681274,0.000893096,3.00E-08,484598,Hypertension,Hypertension || id:ebi-a-GCST90038604,TRUE,reported,igd,2,1,TRUE
116,rs2921965,C,T,C,T,-0.00524916,0.0076,0.290767,0.2866,FALSE,FALSE,FALSE,Atrial fibrillation,10,118445251,0.0074,1030836,0.3019,Atrial fibrillation || id:ebi-a-GCST006414,Atrial fibrillation,Atrial fibrillation ||  || ,TRUE,igd,NA,NA,NA,NA,NA,NA,NA,10,118445251,0.000925195,1.70E-08,484598,Hypertension,Hypertension || id:ebi-a-GCST90038604,TRUE,reported,igd,2,1,TRUE
117,rs2972147,C,T,C,T,0.0051878,-0.0119,0.651284,0.6234,FALSE,FALSE,FALSE,Atrial fibrillation,2,227099854,0.007,1030836,0.08744,Atrial fibrillation || id:ebi-a-GCST006414,Atrial fibrillation,Atrial fibrillation ||  || ,TRUE,igd,NA,NA,NA,NA,NA,NA,NA,2,227099854,0.000870406,9.80E-10,484598,Hypertension,Hypertension || id:ebi-a-GCST90038604,TRUE,reported,igd,2,1,TRUE
118,rs3093733,CA,C,CA,C,-0.00737,-0.0155,0.282523,0.2539,FALSE,FALSE,FALSE,Atrial fibrillation,12,12872484,0.0192,1030836,0.4207,Atrial fibrillation || id:ebi-a-GCST006414,Atrial fibrillation,Atrial fibrillation ||  || ,TRUE,igd,NA,NA,NA,NA,NA,NA,NA,12,12872484,0.000931391,9.00E-16,484598,Hypertension,Hypertension || id:ebi-a-GCST90038604,TRUE,reported,igd,2,1,TRUE
119,rs3117738,C,T,C,T,0.00956613,-0.0046,0.267182,0.2669,FALSE,FALSE,FALSE,Atrial fibrillation,5,157460731,0.0075,1030836,0.5387,Atrial fibrillation || id:ebi-a-GCST006414,Atrial fibrillation,Atrial fibrillation ||  || ,TRUE,igd,NA,NA,NA,NA,NA,NA,NA,5,157460731,0.000939323,6.20E-25,484598,Hypertension,Hypertension || id:ebi-a-GCST90038604,TRUE,reported,igd,2,1,TRUE
120,rs3208800,T,G,T,G,-0.00530804,-0.0256,0.522544,0.5098,FALSE,FALSE,FALSE,Atrial fibrillation,22,29451793,0.0166,1030836,0.1235,Atrial fibrillation || id:ebi-a-GCST006414,Atrial fibrillation,Atrial fibrillation ||  || ,TRUE,igd,NA,NA,NA,NA,NA,NA,NA,22,29451793,0.000833504,1.10E-10,484598,Hypertension,Hypertension || id:ebi-a-GCST90038604,TRUE,reported,igd,2,1,TRUE
121,rs34344953,C,T,C,T,0.00558642,0.0229,0.356274,0.3768,FALSE,FALSE,FALSE,Atrial fibrillation,7,156312714,0.0069,1030836,0.000920492,Atrial fibrillation || id:ebi-a-GCST006414,Atrial fibrillation,Atrial fibrillation ||  || ,TRUE,igd,NA,NA,NA,NA,NA,NA,NA,7,156312714,0.000871606,2.60E-11,484598,Hypertension,Hypertension || id:ebi-a-GCST90038604,TRUE,reported,igd,2,1,TRUE
122,rs35100507,AGT,A,AGT,A,0.00563203,0.0157,0.277873,0.3023,FALSE,FALSE,FALSE,Atrial fibrillation,13,110872429,0.0181,1030836,0.386,Atrial fibrillation || id:ebi-a-GCST006414,Atrial fibrillation,Atrial fibrillation ||  || ,TRUE,igd,NA,NA,NA,NA,NA,NA,NA,13,110872429,0.000943038,3.50E-09,484598,Hypertension,Hypertension || id:ebi-a-GCST90038604,TRUE,reported,igd,2,1,TRUE
123,rs35444,G,A,G,A,-0.0105693,-0.0162,0.383264,0.4009,FALSE,FALSE,FALSE,Atrial fibrillation,12,115552437,0.0068,1030836,0.01717,Atrial fibrillation || id:ebi-a-GCST006414,Atrial fibrillation,Atrial fibrillation ||  || ,TRUE,igd,NA,NA,NA,NA,NA,NA,NA,12,115552437,0.00085295,6.70E-35,484598,Hypertension,Hypertension || id:ebi-a-GCST90038604,TRUE,reported,igd,2,1,TRUE
124,rs35479618,A,G,A,G,0.0269047,0.0674,0.016533,0.0167,FALSE,FALSE,FALSE,Atrial fibrillation,1,153662423,0.0299,1030836,0.0242499,Atrial fibrillation || id:ebi-a-GCST006414,Atrial fibrillation,Atrial fibrillation ||  || ,TRUE,igd,NA,NA,NA,NA,NA,NA,NA,1,153662423,0.00324826,1.80E-17,484598,Hypertension,Hypertension || id:ebi-a-GCST90038604,TRUE,reported,igd,2,1,TRUE
125,rs35769913,T,C,T,C,-0.00586484,-0.0163,0.404451,0.3979,FALSE,FALSE,FALSE,Atrial fibrillation,7,134192151,0.017,1030836,0.3368,Atrial fibrillation || id:ebi-a-GCST006414,Atrial fibrillation,Atrial fibrillation ||  || ,TRUE,igd,NA,NA,NA,NA,NA,NA,NA,7,134192151,0.000849093,1.20E-11,484598,Hypertension,Hypertension || id:ebi-a-GCST90038604,TRUE,reported,igd,2,1,TRUE
126,rs35783704,A,G,A,G,-0.0111005,-0.0321,0.09689,0.1141,FALSE,FALSE,FALSE,Atrial fibrillation,8,105966258,0.0109,1030836,0.003378,Atrial fibrillation || id:ebi-a-GCST006414,Atrial fibrillation,Atrial fibrillation ||  || ,TRUE,igd,NA,NA,NA,NA,NA,NA,NA,8,105966258,0.00142292,4.80E-15,484598,Hypertension,Hypertension || id:ebi-a-GCST90038604,TRUE,reported,igd,2,1,TRUE
127,rs35895091,G,A,G,A,0.00524872,-0.0158,0.698704,0.6976,FALSE,FALSE,FALSE,Atrial fibrillation,4,83834773,0.0075,1030836,0.0346402,Atrial fibrillation || id:ebi-a-GCST006414,Atrial fibrillation,Atrial fibrillation ||  || ,TRUE,igd,NA,NA,NA,NA,NA,NA,NA,4,83834773,0.000916619,4.90E-09,484598,Hypertension,Hypertension || id:ebi-a-GCST90038604,TRUE,reported,igd,2,1,TRUE
128,rs360153,C,T,C,T,0.00811534,0.009,0.575157,0.579,FALSE,FALSE,FALSE,Atrial fibrillation,11,9762274,0.0067,1030836,0.178,Atrial fibrillation || id:ebi-a-GCST006414,Atrial fibrillation,Atrial fibrillation ||  || ,TRUE,igd,NA,NA,NA,NA,NA,NA,NA,11,9762274,0.000841612,9.10E-24,484598,Hypertension,Hypertension || id:ebi-a-GCST90038604,TRUE,reported,igd,2,1,TRUE
129,rs36163465,G,A,G,A,-0.005429,-0.0248,0.321281,0.3293,FALSE,FALSE,FALSE,Atrial fibrillation,8,143323427,0.0196,1030836,0.2058,Atrial fibrillation || id:ebi-a-GCST006414,Atrial fibrillation,Atrial fibrillation ||  || ,TRUE,igd,NA,NA,NA,NA,NA,NA,NA,8,143323427,0.000964827,1.60E-08,484598,Hypertension,Hypertension || id:ebi-a-GCST90038604,TRUE,reported,igd,2,1,TRUE
130,rs36174733,G,A,G,A,-0.00666051,-0.0067,0.177337,0.1886,FALSE,FALSE,FALSE,Atrial fibrillation,12,133781163,0.0091,1030836,0.4607,Atrial fibrillation || id:ebi-a-GCST006414,Atrial fibrillation,Atrial fibrillation ||  || ,TRUE,igd,NA,NA,NA,NA,NA,NA,NA,12,133781163,0.0010881,1.50E-09,484598,Hypertension,Hypertension || id:ebi-a-GCST90038604,TRUE,reported,igd,2,1,TRUE
131,rs3757394,T,C,T,C,0.00568557,-0.0066,0.623008,0.6202,FALSE,FALSE,FALSE,Atrial fibrillation,7,131010429,0.007,1030836,0.3408,Atrial fibrillation || id:ebi-a-GCST006414,Atrial fibrillation,Atrial fibrillation ||  || ,TRUE,igd,NA,NA,NA,NA,NA,NA,NA,7,131010429,0.000862541,4.60E-12,484598,Hypertension,Hypertension || id:ebi-a-GCST90038604,TRUE,reported,igd,2,1,TRUE
132,rs3759582,C,A,C,A,-0.00763988,-0.014,0.126937,0.1348,FALSE,FALSE,FALSE,Atrial fibrillation,14,103989892,0.0098,1030836,0.1541,Atrial fibrillation || id:ebi-a-GCST006414,Atrial fibrillation,Atrial fibrillation ||  || ,TRUE,igd,NA,NA,NA,NA,NA,NA,NA,14,103989892,0.00125636,3.20E-09,484598,Hypertension,Hypertension || id:ebi-a-GCST90038604,TRUE,reported,igd,2,1,TRUE
133,rs3764769,T,C,T,C,-0.00680287,-2.00E-04,0.257851,0.2549,FALSE,FALSE,FALSE,Atrial fibrillation,2,43732958,0.0077,1030836,0.9747,Atrial fibrillation || id:ebi-a-GCST006414,Atrial fibrillation,Atrial fibrillation ||  || ,TRUE,igd,NA,NA,NA,NA,NA,NA,NA,2,43732958,0.000951192,2.40E-13,484598,Hypertension,Hypertension || id:ebi-a-GCST90038604,TRUE,reported,igd,2,1,TRUE
134,rs3785837,A,G,A,G,0.00758769,0.0108,0.752062,0.7522,FALSE,FALSE,FALSE,Atrial fibrillation,17,59468942,0.0081,1030836,0.1794,Atrial fibrillation || id:ebi-a-GCST006414,Atrial fibrillation,Atrial fibrillation ||  || ,TRUE,igd,NA,NA,NA,NA,NA,NA,NA,17,59468942,0.000991042,7.30E-15,484598,Hypertension,Hypertension || id:ebi-a-GCST90038604,TRUE,reported,igd,2,1,TRUE
135,rs3803266,C,G,C,G,-0.00827001,-0.0146,0.751347,0.7369,FALSE,TRUE,FALSE,Atrial fibrillation,13,30154349,0.0077,1030836,0.0570506,Atrial fibrillation || id:ebi-a-GCST006414,Atrial fibrillation,Atrial fibrillation ||  || ,TRUE,igd,NA,NA,NA,NA,NA,NA,NA,13,30154349,0.000985593,9.90E-18,484598,Hypertension,Hypertension || id:ebi-a-GCST90038604,TRUE,reported,igd,2,1,TRUE
136,rs3809060,T,G,T,G,0.00542092,0.0046,0.389138,0.3736,FALSE,FALSE,FALSE,Atrial fibrillation,11,32458807,0.0069,1030836,0.5012,Atrial fibrillation || id:ebi-a-GCST006414,Atrial fibrillation,Atrial fibrillation ||  || ,TRUE,igd,NA,NA,NA,NA,NA,NA,NA,11,32458807,0.000861792,7.80E-10,484598,Hypertension,Hypertension || id:ebi-a-GCST90038604,TRUE,reported,igd,2,1,TRUE
137,rs3863105,C,T,C,T,0.00502918,-0.0069,0.679326,0.6619,FALSE,FALSE,FALSE,Atrial fibrillation,3,169283495,0.0071,1030836,0.3284,Atrial fibrillation || id:ebi-a-GCST006414,Atrial fibrillation,Atrial fibrillation ||  || ,TRUE,igd,NA,NA,NA,NA,NA,NA,NA,3,169283495,0.000898432,6.30E-09,484598,Hypertension,Hypertension || id:ebi-a-GCST90038604,TRUE,reported,igd,2,1,TRUE
138,rs3867466,C,A,C,A,0.0076467,-0.0152,0.277949,0.2762,FALSE,FALSE,FALSE,Atrial fibrillation,11,111668256,0.0074,1030836,0.0400498,Atrial fibrillation || id:ebi-a-GCST006414,Atrial fibrillation,Atrial fibrillation ||  || ,TRUE,igd,NA,NA,NA,NA,NA,NA,NA,11,111668256,0.000927858,4.80E-17,484598,Hypertension,Hypertension || id:ebi-a-GCST90038604,TRUE,reported,igd,2,1,TRUE
139,rs3918226,T,C,T,C,0.0261951,0.0109,0.077846,0.0863,FALSE,FALSE,FALSE,Atrial fibrillation,7,150690176,0.0125,1030836,0.3829,Atrial fibrillation || id:ebi-a-GCST006414,Atrial fibrillation,Atrial fibrillation ||  || ,TRUE,igd,NA,NA,NA,NA,NA,NA,NA,7,150690176,0.0015757,7.80E-63,484598,Hypertension,Hypertension || id:ebi-a-GCST90038604,TRUE,reported,igd,2,1,TRUE
140,rs4277405,T,C,T,C,-0.00875536,0.0013,0.625058,0.6009,FALSE,FALSE,FALSE,Atrial fibrillation,17,61548918,0.0068,1030836,0.8449,Atrial fibrillation || id:ebi-a-GCST006414,Atrial fibrillation,Atrial fibrillation ||  || ,TRUE,igd,NA,NA,NA,NA,NA,NA,NA,17,61548918,0.000860172,4.30E-25,484598,Hypertension,Hypertension || id:ebi-a-GCST90038604,TRUE,reported,igd,2,1,TRUE
141,rs4335411,A,G,A,G,0.00639539,0.0184,0.7674,0.7493,FALSE,FALSE,FALSE,Atrial fibrillation,1,249191706,0.0095,1030836,0.05339,Atrial fibrillation || id:ebi-a-GCST006414,Atrial fibrillation,Atrial fibrillation ||  || ,TRUE,igd,NA,NA,NA,NA,NA,NA,NA,1,249191706,0.00104945,3.10E-10,484598,Hypertension,Hypertension || id:ebi-a-GCST90038604,TRUE,reported,igd,2,1,TRUE
142,rs4390812,A,G,A,G,-0.00613798,-0.007,0.508885,0.5104,FALSE,FALSE,FALSE,Atrial fibrillation,2,43113789,0.0067,1030836,0.297,Atrial fibrillation || id:ebi-a-GCST006414,Atrial fibrillation,Atrial fibrillation ||  || ,TRUE,igd,NA,NA,NA,NA,NA,NA,NA,2,43113789,0.000830903,2.70E-13,484598,Hypertension,Hypertension || id:ebi-a-GCST90038604,TRUE,reported,igd,2,1,TRUE
143,rs4392188,G,A,G,A,0.00763655,0.021,0.122948,0.1229,FALSE,FALSE,FALSE,Atrial fibrillation,2,144262757,0.0102,1030836,0.0394903,Atrial fibrillation || id:ebi-a-GCST006414,Atrial fibrillation,Atrial fibrillation ||  || ,TRUE,igd,NA,NA,NA,NA,NA,NA,NA,2,144262757,0.00126999,3.00E-09,484598,Hypertension,Hypertension || id:ebi-a-GCST90038604,TRUE,reported,igd,2,1,TRUE
144,rs4648624,T,G,T,G,0.00609888,0.0131,0.418053,0.4346,FALSE,FALSE,FALSE,Atrial fibrillation,1,1688513,0.007,1030836,0.0603698,Atrial fibrillation || id:ebi-a-GCST006414,Atrial fibrillation,Atrial fibrillation ||  || ,TRUE,igd,NA,NA,NA,NA,NA,NA,NA,1,1688513,0.000844883,2.80E-13,484598,Hypertension,Hypertension || id:ebi-a-GCST90038604,TRUE,reported,igd,2,1,TRUE
145,rs4682671,G,T,G,T,0.00673295,0.0111,0.590775,0.5654,FALSE,FALSE,FALSE,Atrial fibrillation,3,133993315,0.0065,1030836,0.0884606,Atrial fibrillation || id:ebi-a-GCST006414,Atrial fibrillation,Atrial fibrillation ||  || ,TRUE,igd,NA,NA,NA,NA,NA,NA,NA,3,133993315,0.000849421,1.00E-15,484598,Hypertension,Hypertension || id:ebi-a-GCST90038604,TRUE,reported,igd,2,1,TRUE
146,rs473188,G,C,G,C,-0.00844797,0.0081,0.885545,0.8612,FALSE,TRUE,FALSE,Atrial fibrillation,11,116812029,0.0103,1030836,0.4314,Atrial fibrillation || id:ebi-a-GCST006414,Atrial fibrillation,Atrial fibrillation ||  || ,TRUE,igd,NA,NA,NA,NA,NA,NA,NA,11,116812029,0.00132309,1.20E-10,484598,Hypertension,Hypertension || id:ebi-a-GCST90038604,TRUE,reported,igd,2,1,TRUE
147,rs4752518,T,C,T,C,0.00751005,0.0079,0.200345,0.191,FALSE,FALSE,FALSE,Atrial fibrillation,10,122988935,0.0084,1030836,0.3489,Atrial fibrillation || id:ebi-a-GCST006414,Atrial fibrillation,Atrial fibrillation ||  || ,TRUE,igd,NA,NA,NA,NA,NA,NA,NA,10,122988935,0.00104539,2.90E-12,484598,Hypertension,Hypertension || id:ebi-a-GCST90038604,TRUE,reported,igd,2,1,TRUE
148,rs4803195,T,G,T,G,-0.00685883,-0.0029,0.175624,0.1564,FALSE,FALSE,FALSE,Atrial fibrillation,19,38015006,0.0091,1030836,0.7509,Atrial fibrillation || id:ebi-a-GCST006414,Atrial fibrillation,Atrial fibrillation ||  || ,TRUE,igd,NA,NA,NA,NA,NA,NA,NA,19,38015006,0.00110874,9.10E-10,484598,Hypertension,Hypertension || id:ebi-a-GCST90038604,TRUE,reported,igd,2,1,TRUE
149,rs4805881,C,A,C,A,-0.00599175,0.01,0.662233,0.6585,FALSE,FALSE,FALSE,Atrial fibrillation,19,33896432,0.0071,1030836,0.1609,Atrial fibrillation || id:ebi-a-GCST006414,Atrial fibrillation,Atrial fibrillation ||  || ,TRUE,igd,NA,NA,NA,NA,NA,NA,NA,19,33896432,0.000884215,1.80E-11,484598,Hypertension,Hypertension || id:ebi-a-GCST90038604,TRUE,reported,igd,2,1,TRUE
150,rs4833588,G,A,G,A,-0.00927408,-0.0264,0.871297,0.8513,FALSE,FALSE,FALSE,Atrial fibrillation,4,111392102,0.0099,1030836,0.00781502,Atrial fibrillation || id:ebi-a-GCST006414,Atrial fibrillation,Atrial fibrillation ||  || ,TRUE,igd,NA,NA,NA,NA,NA,NA,NA,4,111392102,0.00124915,1.10E-13,484598,Hypertension,Hypertension || id:ebi-a-GCST90038604,TRUE,reported,igd,2,1,TRUE
151,rs4842504,C,A,C,A,-0.00467573,-0.0111,0.529243,0.5377,FALSE,FALSE,FALSE,Atrial fibrillation,12,90402701,0.0066,1030836,0.0943691,Atrial fibrillation || id:ebi-a-GCST006414,Atrial fibrillation,Atrial fibrillation ||  || ,TRUE,igd,NA,NA,NA,NA,NA,NA,NA,12,90402701,0.000831819,5.30E-09,484598,Hypertension,Hypertension || id:ebi-a-GCST90038604,TRUE,reported,igd,2,1,TRUE
152,rs488834,T,C,T,C,-0.00794897,-0.0151,0.758521,0.7477,FALSE,FALSE,FALSE,Atrial fibrillation,1,10767902,0.0079,1030836,0.0577803,Atrial fibrillation || id:ebi-a-GCST006414,Atrial fibrillation,Atrial fibrillation ||  || ,TRUE,igd,NA,NA,NA,NA,NA,NA,NA,1,10767902,0.000973499,2.80E-16,484598,Hypertension,Hypertension || id:ebi-a-GCST90038604,TRUE,reported,igd,2,1,TRUE
153,rs4924588,G,A,G,A,0.00653282,0.0167,0.355485,0.3604,FALSE,FALSE,FALSE,Atrial fibrillation,15,42212374,0.0071,1030836,0.0177902,Atrial fibrillation || id:ebi-a-GCST006414,Atrial fibrillation,Atrial fibrillation ||  || ,TRUE,igd,NA,NA,NA,NA,NA,NA,NA,15,42212374,0.00087645,6.90E-14,484598,Hypertension,Hypertension || id:ebi-a-GCST90038604,TRUE,reported,igd,2,1,TRUE
154,rs5020545,T,C,T,C,-0.00524771,-0.0254,0.435734,0.4422,FALSE,FALSE,FALSE,Atrial fibrillation,4,77414988,0.0068,1030836,0.000179701,Atrial fibrillation || id:ebi-a-GCST006414,Atrial fibrillation,Atrial fibrillation ||  || ,TRUE,igd,NA,NA,NA,NA,NA,NA,NA,4,77414988,0.000844473,4.90E-10,484598,Hypertension,Hypertension || id:ebi-a-GCST90038604,TRUE,reported,igd,2,1,TRUE
155,rs55735727,T,A,T,A,-0.00541683,0.0028,0.267267,0.211,FALSE,TRUE,FALSE,Atrial fibrillation,3,169488148,0.0134,1030836,0.8322,Atrial fibrillation || id:ebi-a-GCST006414,Atrial fibrillation,Atrial fibrillation ||  || ,TRUE,igd,NA,NA,NA,NA,NA,NA,NA,3,169488148,0.000952655,1.00E-08,484598,Hypertension,Hypertension || id:ebi-a-GCST90038604,TRUE,reported,igd,2,1,TRUE
156,rs55994889,CA,C,CA,C,0.0123249,0.0073,0.426458,0.4144,FALSE,FALSE,FALSE,Atrial fibrillation,6,127187921,0.0167,1030836,0.6622,Atrial fibrillation || id:ebi-a-GCST006414,Atrial fibrillation,Atrial fibrillation ||  || ,TRUE,igd,NA,NA,NA,NA,NA,NA,NA,6,127187921,0.000846998,6.90E-47,484598,Hypertension,Hypertension || id:ebi-a-GCST90038604,TRUE,reported,igd,2,1,TRUE
157,rs56153133,G,A,G,A,-0.0177284,0.0227,0.161669,0.1581,FALSE,FALSE,FALSE,Atrial fibrillation,1,11885647,0.0091,1030836,0.01232,Atrial fibrillation || id:ebi-a-GCST006414,Atrial fibrillation,Atrial fibrillation ||  || ,TRUE,igd,NA,NA,NA,NA,NA,NA,NA,1,11885647,0.00112808,1.60E-55,484598,Hypertension,Hypertension || id:ebi-a-GCST90038604,TRUE,reported,igd,2,1,TRUE
158,rs569550,G,T,G,T,0.0117103,0.0319,0.385351,0.3962,FALSE,FALSE,FALSE,Atrial fibrillation,11,1887068,0.0069,1030836,3.72E-06,Atrial fibrillation || id:ebi-a-GCST006414,Atrial fibrillation,Atrial fibrillation ||  || ,TRUE,igd,NA,NA,NA,NA,NA,NA,NA,11,1887068,0.000859713,7.10E-42,484598,Hypertension,Hypertension || id:ebi-a-GCST90038604,TRUE,reported,igd,2,1,TRUE
159,rs57139556,G,A,G,A,-0.0188108,-0.0066,0.076333,0.0715,FALSE,FALSE,FALSE,Atrial fibrillation,6,150998511,0.0127,1030836,0.6036,Atrial fibrillation || id:ebi-a-GCST006414,Atrial fibrillation,Atrial fibrillation ||  || ,TRUE,igd,NA,NA,NA,NA,NA,NA,NA,6,150998511,0.00156978,1.40E-33,484598,Hypertension,Hypertension || id:ebi-a-GCST90038604,TRUE,reported,igd,2,1,TRUE
160,rs57158761,G,A,G,A,0.00522623,-0.0052,0.442106,0.4293,FALSE,FALSE,FALSE,Atrial fibrillation,3,185371172,0.0068,1030836,0.4473,Atrial fibrillation || id:ebi-a-GCST006414,Atrial fibrillation,Atrial fibrillation ||  || ,TRUE,igd,NA,NA,NA,NA,NA,NA,NA,3,185371172,0.000839269,5.50E-11,484598,Hypertension,Hypertension || id:ebi-a-GCST90038604,TRUE,reported,igd,2,1,TRUE
161,rs57778433,A,G,A,G,-0.00947692,0.0078,0.081786,0.0844,FALSE,FALSE,FALSE,Atrial fibrillation,1,27712608,0.0121,1030836,0.5213,Atrial fibrillation || id:ebi-a-GCST006414,Atrial fibrillation,Atrial fibrillation ||  || ,TRUE,igd,NA,NA,NA,NA,NA,NA,NA,1,27712608,0.00151596,2.00E-10,484598,Hypertension,Hypertension || id:ebi-a-GCST90038604,TRUE,reported,igd,2,1,TRUE
162,rs57786342,A,G,A,G,0.00620249,-0.0011,0.20445,0.203,FALSE,FALSE,FALSE,Atrial fibrillation,14,69260028,0.0083,1030836,0.8909,Atrial fibrillation || id:ebi-a-GCST006414,Atrial fibrillation,Atrial fibrillation ||  || ,TRUE,igd,NA,NA,NA,NA,NA,NA,NA,14,69260028,0.00103707,2.30E-09,484598,Hypertension,Hypertension || id:ebi-a-GCST90038604,TRUE,reported,igd,2,1,TRUE
163,rs57866767,C,T,C,T,-0.00996313,0.001,0.438051,0.4407,FALSE,FALSE,FALSE,Atrial fibrillation,10,96023077,0.0066,1030836,0.8836,Atrial fibrillation || id:ebi-a-GCST006414,Atrial fibrillation,Atrial fibrillation ||  || ,TRUE,igd,NA,NA,NA,NA,NA,NA,NA,10,96023077,0.000838034,3.30E-33,484598,Hypertension,Hypertension || id:ebi-a-GCST90038604,TRUE,reported,igd,2,1,TRUE
164,rs58854324,C,T,C,T,0.00660698,-0.0027,0.166567,0.1399,FALSE,FALSE,FALSE,Atrial fibrillation,4,17864014,0.0097,1030836,0.7828,Atrial fibrillation || id:ebi-a-GCST006414,Atrial fibrillation,Atrial fibrillation ||  || ,TRUE,igd,NA,NA,NA,NA,NA,NA,NA,4,17864014,0.0011267,2.40E-09,484598,Hypertension,Hypertension || id:ebi-a-GCST90038604,TRUE,reported,igd,2,1,TRUE
165,rs59867374,A,G,A,G,0.00603656,0.0194,0.592011,0.5912,FALSE,FALSE,FALSE,Atrial fibrillation,16,75432682,0.0105,1030836,0.0649307,Atrial fibrillation || id:ebi-a-GCST006414,Atrial fibrillation,Atrial fibrillation ||  || ,TRUE,igd,NA,NA,NA,NA,NA,NA,NA,16,75432682,0.00085001,1.10E-12,484598,Hypertension,Hypertension || id:ebi-a-GCST90038604,TRUE,reported,igd,2,1,TRUE
166,rs6026742,A,G,A,G,0.0195389,0.0174,0.118989,0.1272,FALSE,FALSE,FALSE,Atrial fibrillation,20,57740605,0.0101,1030836,0.0836103,Atrial fibrillation || id:ebi-a-GCST006414,Atrial fibrillation,Atrial fibrillation ||  || ,TRUE,igd,NA,NA,NA,NA,NA,NA,NA,20,57740605,0.00129413,6.20E-51,484598,Hypertension,Hypertension || id:ebi-a-GCST90038604,TRUE,reported,igd,2,1,TRUE
167,rs6031431,G,A,G,A,0.00642179,0.0276,0.459955,0.464,FALSE,FALSE,FALSE,Atrial fibrillation,20,42795152,0.0068,1030836,4.86E-05,Atrial fibrillation || id:ebi-a-GCST006414,Atrial fibrillation,Atrial fibrillation ||  || ,TRUE,igd,NA,NA,NA,NA,NA,NA,NA,20,42795152,0.000839877,4.20E-14,484598,Hypertension,Hypertension || id:ebi-a-GCST90038604,TRUE,reported,igd,2,1,TRUE
168,rs6033019,T,G,T,G,0.0224885,0.0231,0.013285,0.0107,FALSE,FALSE,FALSE,Atrial fibrillation,20,11047726,0.0345,1030836,0.502599,Atrial fibrillation || id:ebi-a-GCST006414,Atrial fibrillation,Atrial fibrillation ||  || ,TRUE,igd,NA,NA,NA,NA,NA,NA,NA,20,11047726,0.00366212,7.50E-10,484598,Hypertension,Hypertension || id:ebi-a-GCST90038604,TRUE,reported,igd,2,1,TRUE
169,rs604723,C,T,C,T,0.0141871,0.0125,0.724885,0.7106,FALSE,FALSE,FALSE,Atrial fibrillation,11,100610546,0.0074,1030836,0.0921892,Atrial fibrillation || id:ebi-a-GCST006414,Atrial fibrillation,Atrial fibrillation ||  || ,TRUE,igd,NA,NA,NA,NA,NA,NA,NA,11,100610546,0.000940998,7.40E-53,484598,Hypertension,Hypertension || id:ebi-a-GCST90038604,TRUE,reported,igd,2,1,TRUE
170,rs60984214,A,G,A,G,0.00541211,-0.0054,0.216511,0.2103,FALSE,FALSE,FALSE,Atrial fibrillation,12,48566748,0.0082,1030836,0.5082,Atrial fibrillation || id:ebi-a-GCST006414,Atrial fibrillation,Atrial fibrillation ||  || ,TRUE,igd,NA,NA,NA,NA,NA,NA,NA,12,48566748,0.0010114,2.00E-08,484598,Hypertension,Hypertension || id:ebi-a-GCST90038604,TRUE,reported,igd,2,1,TRUE
171,rs6108168,A,C,A,C,-0.0111849,-0.0028,0.26208,0.2617,FALSE,FALSE,FALSE,Atrial fibrillation,20,8626271,0.0076,1030836,0.714301,Atrial fibrillation || id:ebi-a-GCST006414,Atrial fibrillation,Atrial fibrillation ||  || ,TRUE,igd,NA,NA,NA,NA,NA,NA,NA,20,8626271,0.000950715,5.60E-33,484598,Hypertension,Hypertension || id:ebi-a-GCST90038604,TRUE,reported,igd,2,1,TRUE
172,rs6108676,A,C,A,C,-0.00536054,-0.0025,0.369675,0.3646,FALSE,FALSE,FALSE,Atrial fibrillation,20,10688744,0.007,1030836,0.715501,Atrial fibrillation || id:ebi-a-GCST006414,Atrial fibrillation,Atrial fibrillation ||  || ,TRUE,igd,NA,NA,NA,NA,NA,NA,NA,20,10688744,0.00086316,9.70E-10,484598,Hypertension,Hypertension || id:ebi-a-GCST90038604,TRUE,reported,igd,2,1,TRUE
173,rs61772592,G,A,G,A,0.00819403,0.0148,0.120567,0.1274,FALSE,FALSE,FALSE,Atrial fibrillation,1,56979681,0.01,1030836,0.1365,Atrial fibrillation || id:ebi-a-GCST006414,Atrial fibrillation,Atrial fibrillation ||  || ,TRUE,igd,NA,NA,NA,NA,NA,NA,NA,1,56979681,0.00128102,1.10E-10,484598,Hypertension,Hypertension || id:ebi-a-GCST90038604,TRUE,reported,igd,2,1,TRUE
174,rs62189015,C,T,C,T,-0.00753276,-0.028,0.099666,0.0951,FALSE,FALSE,FALSE,Atrial fibrillation,2,162583504,0.0114,1030836,0.0144501,Atrial fibrillation || id:ebi-a-GCST006414,Atrial fibrillation,Atrial fibrillation ||  || ,TRUE,igd,NA,NA,NA,NA,NA,NA,NA,2,162583504,0.00139903,3.90E-08,484598,Hypertension,Hypertension || id:ebi-a-GCST90038604,TRUE,reported,igd,2,1,TRUE
175,rs62271373,A,T,A,T,0.0134925,0.0189,0.057817,0.0534,FALSE,TRUE,FALSE,Atrial fibrillation,3,150066540,0.0156,1030836,0.2272,Atrial fibrillation || id:ebi-a-GCST006414,Atrial fibrillation,Atrial fibrillation ||  || ,TRUE,igd,NA,NA,NA,NA,NA,NA,NA,3,150066540,0.00181597,1.80E-13,484598,Hypertension,Hypertension || id:ebi-a-GCST90038604,TRUE,reported,igd,2,1,TRUE
176,rs62429779,A,G,A,G,0.0064626,0.0061,0.150357,0.1586,FALSE,FALSE,FALSE,Atrial fibrillation,6,140694040,0.0091,1030836,0.5036,Atrial fibrillation || id:ebi-a-GCST006414,Atrial fibrillation,Atrial fibrillation ||  || ,TRUE,igd,NA,NA,NA,NA,NA,NA,NA,6,140694040,0.00116417,2.80E-08,484598,Hypertension,Hypertension || id:ebi-a-GCST90038604,TRUE,reported,igd,2,1,TRUE
177,rs62460739,A,G,A,G,-0.00528835,0.0143,0.273082,0.2716,FALSE,FALSE,FALSE,Atrial fibrillation,7,77406747,0.0081,1030836,0.0779507,Atrial fibrillation || id:ebi-a-GCST006414,Atrial fibrillation,Atrial fibrillation ||  || ,TRUE,igd,NA,NA,NA,NA,NA,NA,NA,7,77406747,0.000933331,5.70E-09,484598,Hypertension,Hypertension || id:ebi-a-GCST90038604,TRUE,reported,igd,2,1,TRUE
178,rs62481856,A,G,A,G,0.0101412,0.0061,0.197249,0.216,FALSE,FALSE,FALSE,Atrial fibrillation,7,106412082,0.0081,1030836,0.4545,Atrial fibrillation || id:ebi-a-GCST006414,Atrial fibrillation,Atrial fibrillation ||  || ,TRUE,igd,NA,NA,NA,NA,NA,NA,NA,7,106412082,0.0010448,1.60E-22,484598,Hypertension,Hypertension || id:ebi-a-GCST90038604,TRUE,reported,igd,2,1,TRUE
179,rs6271,T,C,T,C,-0.0127297,0.006,0.070997,0.0669,FALSE,FALSE,FALSE,Atrial fibrillation,9,136522274,0.0147,1030836,0.6838,Atrial fibrillation || id:ebi-a-GCST006414,Atrial fibrillation,Atrial fibrillation ||  || ,TRUE,igd,NA,NA,NA,NA,NA,NA,NA,9,136522274,0.00161849,1.70E-15,484598,Hypertension,Hypertension || id:ebi-a-GCST90038604,TRUE,reported,igd,2,1,TRUE
180,rs6441207,T,C,T,C,0.00495705,0.0037,0.407275,0.4013,FALSE,FALSE,FALSE,Atrial fibrillation,3,158282459,0.0068,1030836,0.5884,Atrial fibrillation || id:ebi-a-GCST006414,Atrial fibrillation,Atrial fibrillation ||  || ,TRUE,igd,NA,NA,NA,NA,NA,NA,NA,3,158282459,0.000847093,3.20E-09,484598,Hypertension,Hypertension || id:ebi-a-GCST90038604,TRUE,reported,igd,2,1,TRUE
181,rs6445819,T,C,T,C,-0.00576604,-0.0115,0.324825,0.316,FALSE,FALSE,FALSE,Atrial fibrillation,3,56753662,0.0072,1030836,0.108,Atrial fibrillation || id:ebi-a-GCST006414,Atrial fibrillation,Atrial fibrillation ||  || ,TRUE,igd,NA,NA,NA,NA,NA,NA,NA,3,56753662,0.000889583,8.60E-11,484598,Hypertension,Hypertension || id:ebi-a-GCST90038604,TRUE,reported,igd,2,1,TRUE
182,rs6456010,T,A,T,A,0.011419,-0.0197,0.930721,0.9427,FALSE,TRUE,FALSE,Atrial fibrillation,6,166178864,0.0243,1030836,0.417,Atrial fibrillation || id:ebi-a-GCST006414,Atrial fibrillation,Atrial fibrillation ||  || ,TRUE,igd,NA,NA,NA,NA,NA,NA,NA,6,166178864,0.00168974,2.20E-11,484598,Hypertension,Hypertension || id:ebi-a-GCST90038604,TRUE,reported,igd,2,1,TRUE
183,rs6471502,A,G,A,G,-0.00573225,8.00E-04,0.528772,0.4981,FALSE,FALSE,FALSE,Atrial fibrillation,8,95988484,0.0091,1030836,0.9301,Atrial fibrillation || id:ebi-a-GCST006414,Atrial fibrillation,Atrial fibrillation ||  || ,TRUE,igd,NA,NA,NA,NA,NA,NA,NA,8,95988484,0.000833788,8.30E-12,484598,Hypertension,Hypertension || id:ebi-a-GCST90038604,TRUE,reported,igd,2,1,TRUE
184,rs6504213,C,T,C,T,0.00514257,0.0036,0.595381,0.5793,FALSE,FALSE,FALSE,Atrial fibrillation,17,62381714,0.0069,1030836,0.6009,Atrial fibrillation || id:ebi-a-GCST006414,Atrial fibrillation,Atrial fibrillation ||  || ,TRUE,igd,NA,NA,NA,NA,NA,NA,NA,17,62381714,0.000850342,1.70E-09,484598,Hypertension,Hypertension || id:ebi-a-GCST90038604,TRUE,reported,igd,2,1,TRUE
185,rs6568443,C,T,C,T,-0.00584428,0.0033,0.80889,0.7918,FALSE,FALSE,FALSE,Atrial fibrillation,6,96944473,0.0084,1030836,0.698601,Atrial fibrillation || id:ebi-a-GCST006414,Atrial fibrillation,Atrial fibrillation ||  || ,TRUE,igd,NA,NA,NA,NA,NA,NA,NA,6,96944473,0.0010587,6.30E-09,484598,Hypertension,Hypertension || id:ebi-a-GCST90038604,TRUE,reported,igd,2,1,TRUE
186,rs6666703,T,C,T,C,-0.00514373,-0.001,0.286961,0.2954,FALSE,FALSE,FALSE,Atrial fibrillation,1,153943800,0.0072,1030836,0.8926,Atrial fibrillation || id:ebi-a-GCST006414,Atrial fibrillation,Atrial fibrillation ||  || ,TRUE,igd,NA,NA,NA,NA,NA,NA,NA,1,153943800,0.0009205,4.80E-08,484598,Hypertension,Hypertension || id:ebi-a-GCST90038604,TRUE,reported,igd,2,1,TRUE
187,rs6768611,A,G,A,G,0.00769944,0.0076,0.666495,0.6607,FALSE,FALSE,FALSE,Atrial fibrillation,3,11434465,0.007,1030836,0.2786,Atrial fibrillation || id:ebi-a-GCST006414,Atrial fibrillation,Atrial fibrillation ||  || ,TRUE,igd,NA,NA,NA,NA,NA,NA,NA,3,11434465,0.000882397,2.10E-18,484598,Hypertension,Hypertension || id:ebi-a-GCST90038604,TRUE,reported,igd,2,1,TRUE
188,rs6784520,A,C,A,C,-0.00526918,-0.0123,0.41895,0.4204,FALSE,FALSE,FALSE,Atrial fibrillation,3,124613271,0.0068,1030836,0.0703996,Atrial fibrillation || id:ebi-a-GCST006414,Atrial fibrillation,Atrial fibrillation ||  || ,TRUE,igd,NA,NA,NA,NA,NA,NA,NA,3,124613271,0.000844584,1.10E-10,484598,Hypertension,Hypertension || id:ebi-a-GCST90038604,TRUE,reported,igd,2,1,TRUE
189,rs6800730,G,A,G,A,0.00864124,-0.0023,0.663214,0.6622,FALSE,FALSE,FALSE,Atrial fibrillation,3,48174210,0.0071,1030836,0.7467,Atrial fibrillation || id:ebi-a-GCST006414,Atrial fibrillation,Atrial fibrillation ||  || ,TRUE,igd,NA,NA,NA,NA,NA,NA,NA,3,48174210,0.000880029,3.30E-22,484598,Hypertension,Hypertension || id:ebi-a-GCST90038604,TRUE,reported,igd,2,1,TRUE
190,rs68085857,T,C,T,C,0.00634822,-0.0029,0.229731,0.2426,FALSE,FALSE,FALSE,Atrial fibrillation,1,217737629,0.0078,1030836,0.7093,Atrial fibrillation || id:ebi-a-GCST006414,Atrial fibrillation,Atrial fibrillation ||  || ,TRUE,igd,NA,NA,NA,NA,NA,NA,NA,1,217737629,0.000988717,8.30E-11,484598,Hypertension,Hypertension || id:ebi-a-GCST90038604,TRUE,reported,igd,2,1,TRUE
191,rs681343,T,C,T,C,0.00617305,0.0024,0.501097,0.5083,FALSE,FALSE,FALSE,Atrial fibrillation,19,49206462,0.0068,1030836,0.7284,Atrial fibrillation || id:ebi-a-GCST006414,Atrial fibrillation,Atrial fibrillation ||  || ,TRUE,igd,NA,NA,NA,NA,NA,NA,NA,19,49206462,0.000837326,5.20E-14,484598,Hypertension,Hypertension || id:ebi-a-GCST90038604,TRUE,reported,igd,2,1,TRUE
192,rs68192516,G,T,G,T,0.00575932,-0.004,0.302104,0.3022,FALSE,FALSE,FALSE,Atrial fibrillation,1,243485126,0.0072,1030836,0.5815,Atrial fibrillation || id:ebi-a-GCST006414,Atrial fibrillation,Atrial fibrillation ||  || ,TRUE,igd,NA,NA,NA,NA,NA,NA,NA,1,243485126,0.000905374,1.00E-10,484598,Hypertension,Hypertension || id:ebi-a-GCST90038604,TRUE,reported,igd,2,1,TRUE
193,rs6841386,A,C,A,C,0.00836576,0.0218,0.852984,0.839,FALSE,FALSE,FALSE,Atrial fibrillation,4,106910453,0.0097,1030836,0.0238902,Atrial fibrillation || id:ebi-a-GCST006414,Atrial fibrillation,Atrial fibrillation ||  || ,TRUE,igd,NA,NA,NA,NA,NA,NA,NA,4,106910453,0.00117324,2.20E-13,484598,Hypertension,Hypertension || id:ebi-a-GCST90038604,TRUE,reported,igd,2,1,TRUE
194,rs6883793,C,A,C,A,-0.0051033,-0.003,0.442147,0.4385,FALSE,FALSE,FALSE,Atrial fibrillation,5,77917525,0.0067,1030836,0.653501,Atrial fibrillation || id:ebi-a-GCST006414,Atrial fibrillation,Atrial fibrillation ||  || ,TRUE,igd,NA,NA,NA,NA,NA,NA,NA,5,77917525,0.000838922,2.90E-10,484598,Hypertension,Hypertension || id:ebi-a-GCST90038604,TRUE,reported,igd,2,1,TRUE
195,rs6905288,A,G,A,G,0.00544241,-0.0117,0.573,0.5503,FALSE,FALSE,FALSE,Atrial fibrillation,6,43758873,0.0063,1030836,0.0637206,Atrial fibrillation || id:ebi-a-GCST006414,Atrial fibrillation,Atrial fibrillation ||  || ,TRUE,igd,NA,NA,NA,NA,NA,NA,NA,6,43758873,0.000841981,4.80E-11,484598,Hypertension,Hypertension || id:ebi-a-GCST90038604,TRUE,reported,igd,2,1,TRUE
196,rs6934891,A,G,A,G,0.00555936,0.0079,0.427298,0.4312,FALSE,FALSE,FALSE,Atrial fibrillation,6,22139729,0.0068,1030836,0.2449,Atrial fibrillation || id:ebi-a-GCST006414,Atrial fibrillation,Atrial fibrillation ||  || ,TRUE,igd,NA,NA,NA,NA,NA,NA,NA,6,22139729,0.000839991,2.40E-11,484598,Hypertension,Hypertension || id:ebi-a-GCST90038604,TRUE,reported,igd,2,1,TRUE
197,rs696,T,C,T,C,0.00578864,-0.0059,0.370392,0.3645,FALSE,FALSE,FALSE,Atrial fibrillation,14,35871093,0.0069,1030836,0.387,Atrial fibrillation || id:ebi-a-GCST006414,Atrial fibrillation,Atrial fibrillation ||  || ,TRUE,igd,NA,NA,NA,NA,NA,NA,NA,14,35871093,0.000863794,4.40E-12,484598,Hypertension,Hypertension || id:ebi-a-GCST90038604,TRUE,reported,igd,2,1,TRUE
198,rs6961048,G,C,G,C,0.0114059,0.0224,0.100663,0.1026,FALSE,TRUE,FALSE,Atrial fibrillation,7,27328187,0.0108,1030836,0.0385301,Atrial fibrillation || id:ebi-a-GCST006414,Atrial fibrillation,Atrial fibrillation ||  || ,TRUE,igd,NA,NA,NA,NA,NA,NA,NA,7,27328187,0.0013824,2.60E-16,484598,Hypertension,Hypertension || id:ebi-a-GCST90038604,TRUE,reported,igd,2,1,TRUE
199,rs702634,A,G,A,G,0.00605715,-0.0095,0.69657,0.6763,FALSE,FALSE,FALSE,Atrial fibrillation,5,53271420,0.0072,1030836,0.1854,Atrial fibrillation || id:ebi-a-GCST006414,Atrial fibrillation,Atrial fibrillation ||  || ,TRUE,igd,NA,NA,NA,NA,NA,NA,NA,5,53271420,0.00090514,1.30E-11,484598,Hypertension,Hypertension || id:ebi-a-GCST90038604,TRUE,reported,igd,2,1,TRUE
200,rs7107372,T,C,T,C,0.00573246,0.01,0.262933,0.2694,FALSE,FALSE,FALSE,Atrial fibrillation,11,76161221,0.0076,1030836,0.1855,Atrial fibrillation || id:ebi-a-GCST006414,Atrial fibrillation,Atrial fibrillation ||  || ,TRUE,igd,NA,NA,NA,NA,NA,NA,NA,11,76161221,0.000948106,1.30E-09,484598,Hypertension,Hypertension || id:ebi-a-GCST90038604,TRUE,reported,igd,2,1,TRUE
201,rs7118561,G,A,G,A,-0.00707891,0.0035,0.173505,0.1747,FALSE,FALSE,FALSE,Atrial fibrillation,11,69058291,0.0087,1030836,0.686099,Atrial fibrillation || id:ebi-a-GCST006414,Atrial fibrillation,Atrial fibrillation ||  || ,TRUE,igd,NA,NA,NA,NA,NA,NA,NA,11,69058291,0.00111722,3.00E-10,484598,Hypertension,Hypertension || id:ebi-a-GCST90038604,TRUE,reported,igd,2,1,TRUE
202,rs7125196,C,T,C,T,-0.00997915,-0.0234,0.120575,0.121,FALSE,FALSE,FALSE,Atrial fibrillation,11,61272565,0.0102,1030836,0.02093,Atrial fibrillation || id:ebi-a-GCST006414,Atrial fibrillation,Atrial fibrillation ||  || ,TRUE,igd,NA,NA,NA,NA,NA,NA,NA,11,61272565,0.00128257,3.50E-15,484598,Hypertension,Hypertension || id:ebi-a-GCST90038604,TRUE,reported,igd,2,1,TRUE
203,rs71382367,AGAT,A,AGAT,A,0.00598906,0.0194,0.4512,0.4948,FALSE,FALSE,FALSE,Atrial fibrillation,16,51762808,0.0167,1030836,0.2445,Atrial fibrillation || id:ebi-a-GCST006414,Atrial fibrillation,Atrial fibrillation ||  || ,TRUE,igd,NA,NA,NA,NA,NA,NA,NA,16,51762808,0.00083999,1.70E-12,484598,Hypertension,Hypertension || id:ebi-a-GCST90038604,TRUE,reported,igd,2,1,TRUE
204,rs71475909,G,A,G,A,0.0105825,3.00E-04,0.35299,0.3353,FALSE,FALSE,FALSE,Atrial fibrillation,11,47377283,0.01,1030836,0.9738,Atrial fibrillation || id:ebi-a-GCST006414,Atrial fibrillation,Atrial fibrillation ||  || ,TRUE,igd,NA,NA,NA,NA,NA,NA,NA,11,47377283,0.000884747,4.70E-33,484598,Hypertension,Hypertension || id:ebi-a-GCST90038604,TRUE,reported,igd,2,1,TRUE
205,rs7186298,T,C,T,C,-0.00478133,-0.0105,0.43157,0.4407,FALSE,FALSE,FALSE,Atrial fibrillation,16,21088031,0.0067,1030836,0.1161,Atrial fibrillation || id:ebi-a-GCST006414,Atrial fibrillation,Atrial fibrillation ||  || ,TRUE,igd,NA,NA,NA,NA,NA,NA,NA,16,21088031,0.000837974,1.70E-08,484598,Hypertension,Hypertension || id:ebi-a-GCST90038604,TRUE,reported,igd,2,1,TRUE
206,rs7232858,C,T,C,T,-0.00687031,-0.0125,0.189308,0.1864,FALSE,FALSE,FALSE,Atrial fibrillation,18,773092,0.0087,1030836,0.1484,Atrial fibrillation || id:ebi-a-GCST006414,Atrial fibrillation,Atrial fibrillation ||  || ,TRUE,igd,NA,NA,NA,NA,NA,NA,NA,18,773092,0.00107016,1.40E-10,484598,Hypertension,Hypertension || id:ebi-a-GCST90038604,TRUE,reported,igd,2,1,TRUE
207,rs7259285,A,G,A,G,0.00487707,-0.0045,0.449102,0.4412,FALSE,FALSE,FALSE,Atrial fibrillation,19,17153149,0.0068,1030836,0.5098,Atrial fibrillation || id:ebi-a-GCST006414,Atrial fibrillation,Atrial fibrillation ||  || ,TRUE,igd,NA,NA,NA,NA,NA,NA,NA,19,17153149,0.000837606,2.40E-09,484598,Hypertension,Hypertension || id:ebi-a-GCST90038604,TRUE,reported,igd,2,1,TRUE
208,rs72683923,C,T,C,T,-0.0191879,0.0257,0.018908,0.0182,FALSE,FALSE,FALSE,Atrial fibrillation,14,50735947,0.0276,1030836,0.3517,Atrial fibrillation || id:ebi-a-GCST006414,Atrial fibrillation,Atrial fibrillation ||  || ,TRUE,igd,NA,NA,NA,NA,NA,NA,NA,14,50735947,0.00305513,1.10E-10,484598,Hypertension,Hypertension || id:ebi-a-GCST90038604,TRUE,reported,igd,2,1,TRUE
209,rs72689147,T,G,T,G,-0.00993275,-0.0108,0.181425,0.1868,FALSE,FALSE,FALSE,Atrial fibrillation,4,156639888,0.0085,1030836,0.2017,Atrial fibrillation || id:ebi-a-GCST006414,Atrial fibrillation,Atrial fibrillation ||  || ,TRUE,igd,NA,NA,NA,NA,NA,NA,NA,4,156639888,0.00107892,2.00E-20,484598,Hypertension,Hypertension || id:ebi-a-GCST90038604,TRUE,reported,igd,2,1,TRUE
210,rs7276316,T,A,T,A,0.00550941,0.0032,0.597926,0.604,FALSE,TRUE,FALSE,Atrial fibrillation,21,45029333,0.0069,1030836,0.6451,Atrial fibrillation || id:ebi-a-GCST006414,Atrial fibrillation,Atrial fibrillation ||  || ,TRUE,igd,NA,NA,NA,NA,NA,NA,NA,21,45029333,0.000850182,1.90E-11,484598,Hypertension,Hypertension || id:ebi-a-GCST90038604,TRUE,reported,igd,2,1,TRUE
211,rs72785660,G,A,G,A,-0.00618781,-0.0144,0.150218,0.1441,FALSE,FALSE,FALSE,Atrial fibrillation,5,87278359,0.0097,1030836,0.1402,Atrial fibrillation || id:ebi-a-GCST006414,Atrial fibrillation,Atrial fibrillation ||  || ,TRUE,igd,NA,NA,NA,NA,NA,NA,NA,5,87278359,0.00116774,2.60E-08,484598,Hypertension,Hypertension || id:ebi-a-GCST90038604,TRUE,reported,igd,2,1,TRUE
212,rs72801474,A,G,A,G,-0.00929852,-0.022,0.088533,0.1213,FALSE,FALSE,FALSE,Atrial fibrillation,5,132444128,0.0115,1030836,0.0560299,Atrial fibrillation || id:ebi-a-GCST006414,Atrial fibrillation,Atrial fibrillation ||  || ,TRUE,igd,NA,NA,NA,NA,NA,NA,NA,5,132444128,0.00146397,1.80E-10,484598,Hypertension,Hypertension || id:ebi-a-GCST90038604,TRUE,reported,igd,2,1,TRUE
213,rs72831343,G,T,G,T,-0.0206223,-0.0124,0.14019,0.144,FALSE,FALSE,FALSE,Atrial fibrillation,10,63515681,0.0095,1030836,0.192,Atrial fibrillation || id:ebi-a-GCST006414,Atrial fibrillation,Atrial fibrillation ||  || ,TRUE,igd,NA,NA,NA,NA,NA,NA,NA,10,63515681,0.00119775,1.40E-67,484598,Hypertension,Hypertension || id:ebi-a-GCST90038604,TRUE,reported,igd,2,1,TRUE
214,rs72838866,G,A,G,A,0.00919606,0.0099,0.131634,0.1362,FALSE,FALSE,FALSE,Atrial fibrillation,6,25673273,0.0099,1030836,0.3197,Atrial fibrillation || id:ebi-a-GCST006414,Atrial fibrillation,Atrial fibrillation ||  || ,TRUE,igd,NA,NA,NA,NA,NA,NA,NA,6,25673273,0.00123508,2.50E-13,484598,Hypertension,Hypertension || id:ebi-a-GCST90038604,TRUE,reported,igd,2,1,TRUE
215,rs72915163,T,C,T,C,0.0077444,0.004,0.257712,0.2517,FALSE,FALSE,FALSE,Atrial fibrillation,18,48792829,0.0078,1030836,0.6037,Atrial fibrillation || id:ebi-a-GCST006414,Atrial fibrillation,Atrial fibrillation ||  || ,TRUE,igd,NA,NA,NA,NA,NA,NA,NA,18,48792829,0.000962745,4.60E-16,484598,Hypertension,Hypertension || id:ebi-a-GCST90038604,TRUE,reported,igd,2,1,TRUE
216,rs72971364,A,G,A,G,0.00785479,0.0245,0.099023,0.0988,FALSE,FALSE,FALSE,Atrial fibrillation,18,72474173,0.0113,1030836,0.0309101,Atrial fibrillation || id:ebi-a-GCST006414,Atrial fibrillation,Atrial fibrillation ||  || ,TRUE,igd,NA,NA,NA,NA,NA,NA,NA,18,72474173,0.00139699,4.60E-08,484598,Hypertension,Hypertension || id:ebi-a-GCST90038604,TRUE,reported,igd,2,1,TRUE
217,rs73053851,G,C,G,C,-0.00542587,-2.00E-04,0.258992,0.2706,FALSE,TRUE,FALSE,Atrial fibrillation,12,8839377,0.0076,1030836,0.9771,Atrial fibrillation || id:ebi-a-GCST006414,Atrial fibrillation,Atrial fibrillation ||  || ,TRUE,igd,NA,NA,NA,NA,NA,NA,NA,12,8839377,0.00095498,2.40E-08,484598,Hypertension,Hypertension || id:ebi-a-GCST90038604,TRUE,reported,igd,2,1,TRUE
218,rs73099903,T,C,T,C,0.00948676,-3.00E-04,0.084881,0.0889,FALSE,FALSE,FALSE,Atrial fibrillation,12,53440779,0.0121,1030836,0.979,Atrial fibrillation || id:ebi-a-GCST006414,Atrial fibrillation,Atrial fibrillation ||  || ,TRUE,igd,NA,NA,NA,NA,NA,NA,NA,12,53440779,0.0014951,2.90E-10,484598,Hypertension,Hypertension || id:ebi-a-GCST90038604,TRUE,reported,igd,2,1,TRUE
219,rs73126004,C,T,C,T,-0.00567599,-0.0077,0.266019,0.2657,FALSE,FALSE,FALSE,Atrial fibrillation,12,63004975,0.0076,1030836,0.3114,Atrial fibrillation || id:ebi-a-GCST006414,Atrial fibrillation,Atrial fibrillation ||  || ,TRUE,igd,NA,NA,NA,NA,NA,NA,NA,12,63004975,0.000945293,2.00E-09,484598,Hypertension,Hypertension || id:ebi-a-GCST90038604,TRUE,reported,igd,2,1,TRUE
220,rs740047,T,C,T,C,0.00732017,0.0177,0.800474,0.7839,FALSE,FALSE,FALSE,Atrial fibrillation,7,92230162,0.0083,1030836,0.0329503,Atrial fibrillation || id:ebi-a-GCST006414,Atrial fibrillation,Atrial fibrillation ||  || ,TRUE,igd,NA,NA,NA,NA,NA,NA,NA,7,92230162,0.00104136,3.20E-12,484598,Hypertension,Hypertension || id:ebi-a-GCST90038604,TRUE,reported,igd,2,1,TRUE
221,rs7404754,T,C,T,C,-0.00577185,0.003,0.574126,0.5669,FALSE,FALSE,FALSE,Atrial fibrillation,16,49767921,0.0067,1030836,0.6541,Atrial fibrillation || id:ebi-a-GCST006414,Atrial fibrillation,Atrial fibrillation ||  || ,TRUE,igd,NA,NA,NA,NA,NA,NA,NA,16,49767921,0.000843275,3.00E-12,484598,Hypertension,Hypertension || id:ebi-a-GCST90038604,TRUE,reported,igd,2,1,TRUE
222,rs74439044,C,T,C,T,0.0121976,0.0189,0.097654,0.0944,FALSE,FALSE,FALSE,Atrial fibrillation,17,7781019,0.0114,1030836,0.0964606,Atrial fibrillation || id:ebi-a-GCST006414,Atrial fibrillation,Atrial fibrillation ||  || ,TRUE,igd,NA,NA,NA,NA,NA,NA,NA,17,7781019,0.00140112,4.20E-18,484598,Hypertension,Hypertension || id:ebi-a-GCST90038604,TRUE,reported,igd,2,1,TRUE
223,rs7515635,C,T,C,T,-0.00485514,-0.0181,0.538697,0.5327,FALSE,FALSE,FALSE,Atrial fibrillation,1,42408070,0.0066,1030836,0.00626902,Atrial fibrillation || id:ebi-a-GCST006414,Atrial fibrillation,Atrial fibrillation ||  || ,TRUE,igd,NA,NA,NA,NA,NA,NA,NA,1,42408070,0.000835909,3.50E-09,484598,Hypertension,Hypertension || id:ebi-a-GCST90038604,TRUE,reported,igd,2,1,TRUE
224,rs754064,T,C,T,C,-0.0071281,-0.001,0.148831,0.1475,FALSE,FALSE,FALSE,Atrial fibrillation,20,47415446,0.0095,1030836,0.9188,Atrial fibrillation || id:ebi-a-GCST006414,Atrial fibrillation,Atrial fibrillation ||  || ,TRUE,igd,NA,NA,NA,NA,NA,NA,NA,20,47415446,0.0011706,6.80E-10,484598,Hypertension,Hypertension || id:ebi-a-GCST90038604,TRUE,reported,igd,2,1,TRUE
225,rs76452347,T,C,T,C,-0.0107531,-0.0107,0.199028,0.2028,FALSE,FALSE,FALSE,Atrial fibrillation,9,35906471,0.0087,1030836,0.2171,Atrial fibrillation || id:ebi-a-GCST006414,Atrial fibrillation,Atrial fibrillation ||  || ,TRUE,igd,NA,NA,NA,NA,NA,NA,NA,9,35906471,0.00108349,3.60E-23,484598,Hypertension,Hypertension || id:ebi-a-GCST90038604,TRUE,reported,igd,2,1,TRUE
226,rs7763350,C,A,C,A,0.00804502,0.0171,0.331133,0.3301,FALSE,FALSE,FALSE,Atrial fibrillation,6,43349308,0.007,1030836,0.0145999,Atrial fibrillation || id:ebi-a-GCST006414,Atrial fibrillation,Atrial fibrillation ||  || ,TRUE,igd,NA,NA,NA,NA,NA,NA,NA,6,43349308,0.000888652,4.90E-20,484598,Hypertension,Hypertension || id:ebi-a-GCST90038604,TRUE,reported,igd,2,1,TRUE
227,rs778124,A,G,A,G,0.00518761,0.0096,0.37539,0.3647,FALSE,FALSE,FALSE,Atrial fibrillation,1,56606206,0.0069,1030836,0.1636,Atrial fibrillation || id:ebi-a-GCST006414,Atrial fibrillation,Atrial fibrillation ||  || ,TRUE,igd,NA,NA,NA,NA,NA,NA,NA,1,56606206,0.000858212,1.60E-09,484598,Hypertension,Hypertension || id:ebi-a-GCST90038604,TRUE,reported,igd,2,1,TRUE
228,rs77924615,A,G,A,G,-0.0132379,-0.0093,0.194052,0.1965,FALSE,FALSE,FALSE,Atrial fibrillation,16,20392332,0.0087,1030836,0.2875,Atrial fibrillation || id:ebi-a-GCST006414,Atrial fibrillation,Atrial fibrillation ||  || ,TRUE,igd,NA,NA,NA,NA,NA,NA,NA,16,20392332,0.00106274,3.20E-36,484598,Hypertension,Hypertension || id:ebi-a-GCST90038604,TRUE,reported,igd,2,1,TRUE
229,rs78083376,T,G,T,G,-0.00557588,-0.0132,0.247362,0.2479,FALSE,FALSE,FALSE,Atrial fibrillation,1,94672536,0.0109,1030836,0.2263,Atrial fibrillation || id:ebi-a-GCST006414,Atrial fibrillation,Atrial fibrillation ||  || ,TRUE,igd,NA,NA,NA,NA,NA,NA,NA,1,94672536,0.000992908,7.70E-09,484598,Hypertension,Hypertension || id:ebi-a-GCST90038604,TRUE,reported,igd,2,1,TRUE
230,rs7826620,T,C,T,C,0.00607843,-0.0025,0.325054,0.3206,FALSE,FALSE,FALSE,Atrial fibrillation,8,23375652,0.0071,1030836,0.727301,Atrial fibrillation || id:ebi-a-GCST006414,Atrial fibrillation,Atrial fibrillation ||  || ,TRUE,igd,NA,NA,NA,NA,NA,NA,NA,8,23375652,0.000888326,4.60E-12,484598,Hypertension,Hypertension || id:ebi-a-GCST90038604,TRUE,reported,igd,2,1,TRUE
231,rs7831859,C,T,C,T,-0.00574362,3.00E-04,0.431949,0.4217,FALSE,FALSE,FALSE,Atrial fibrillation,8,101676642,0.0067,1030836,0.9625,Atrial fibrillation || id:ebi-a-GCST006414,Atrial fibrillation,Atrial fibrillation ||  || ,TRUE,igd,NA,NA,NA,NA,NA,NA,NA,8,101676642,0.000841252,6.00E-12,484598,Hypertension,Hypertension || id:ebi-a-GCST90038604,TRUE,reported,igd,2,1,TRUE
232,rs7838131,A,G,A,G,-0.00614826,0.0101,0.564456,0.5626,FALSE,FALSE,FALSE,Atrial fibrillation,8,11596163,0.0068,1030836,0.1344,Atrial fibrillation || id:ebi-a-GCST006414,Atrial fibrillation,Atrial fibrillation ||  || ,TRUE,igd,NA,NA,NA,NA,NA,NA,NA,8,11596163,0.000843825,1.40E-13,484598,Hypertension,Hypertension || id:ebi-a-GCST90038604,TRUE,reported,igd,2,1,TRUE
233,rs7841408,G,A,G,A,-0.00601065,-0.0173,0.348299,0.3304,FALSE,FALSE,FALSE,Atrial fibrillation,8,129412828,0.007,1030836,0.0138701,Atrial fibrillation || id:ebi-a-GCST006414,Atrial fibrillation,Atrial fibrillation ||  || ,TRUE,igd,NA,NA,NA,NA,NA,NA,NA,8,129412828,0.000875406,3.20E-12,484598,Hypertension,Hypertension || id:ebi-a-GCST90038604,TRUE,reported,igd,2,1,TRUE
234,rs7844259,A,G,A,G,0.00585106,0.0122,0.730581,0.7191,FALSE,FALSE,FALSE,Atrial fibrillation,8,102749408,0.0076,1030836,0.1097,Atrial fibrillation || id:ebi-a-GCST006414,Atrial fibrillation,Atrial fibrillation ||  || ,TRUE,igd,NA,NA,NA,NA,NA,NA,NA,8,102749408,0.000955992,4.90E-10,484598,Hypertension,Hypertension || id:ebi-a-GCST90038604,TRUE,reported,igd,2,1,TRUE
235,rs79094191,C,T,C,T,0.0175324,0.0093,0.037683,0.0426,FALSE,FALSE,FALSE,Atrial fibrillation,21,44720890,0.0182,1030836,0.608501,Atrial fibrillation || id:ebi-a-GCST006414,Atrial fibrillation,Atrial fibrillation ||  || ,TRUE,igd,NA,NA,NA,NA,NA,NA,NA,21,44720890,0.00219121,2.00E-15,484598,Hypertension,Hypertension || id:ebi-a-GCST90038604,TRUE,reported,igd,2,1,TRUE
236,rs7911644,T,C,T,C,0.00817448,0.015,0.33634,0.3226,FALSE,FALSE,FALSE,Atrial fibrillation,10,18468589,0.0071,1030836,0.0339297,Atrial fibrillation || id:ebi-a-GCST006414,Atrial fibrillation,Atrial fibrillation ||  || ,TRUE,igd,NA,NA,NA,NA,NA,NA,NA,10,18468589,0.000883814,6.20E-21,484598,Hypertension,Hypertension || id:ebi-a-GCST90038604,TRUE,reported,igd,2,1,TRUE
237,rs79384779,T,C,T,C,0.00785357,6.00E-04,0.148326,0.1498,FALSE,FALSE,FALSE,Atrial fibrillation,20,31214944,0.0094,1030836,0.9453,Atrial fibrillation || id:ebi-a-GCST006414,Atrial fibrillation,Atrial fibrillation ||  || ,TRUE,igd,NA,NA,NA,NA,NA,NA,NA,20,31214944,0.00119246,1.50E-10,484598,Hypertension,Hypertension || id:ebi-a-GCST90038604,TRUE,reported,igd,2,1,TRUE
238,rs79598313,T,C,T,C,0.0174486,0.0289,0.022523,0.0248,FALSE,FALSE,FALSE,Atrial fibrillation,1,27284913,0.0237,1030836,0.2229,Atrial fibrillation || id:ebi-a-GCST006414,Atrial fibrillation,Atrial fibrillation ||  || ,TRUE,igd,NA,NA,NA,NA,NA,NA,NA,1,27284913,0.00279891,5.40E-10,484598,Hypertension,Hypertension || id:ebi-a-GCST90038604,TRUE,reported,igd,2,1,TRUE
239,rs8073626,T,C,T,C,-0.00504654,-0.0357,0.524678,0.5298,FALSE,FALSE,FALSE,Atrial fibrillation,17,76790279,0.0066,1030836,7.30E-08,Atrial fibrillation || id:ebi-a-GCST006414,Atrial fibrillation,Atrial fibrillation ||  || ,TRUE,igd,NA,NA,NA,NA,NA,NA,NA,17,76790279,0.000836328,9.20E-10,484598,Hypertension,Hypertension || id:ebi-a-GCST90038604,TRUE,reported,igd,2,1,TRUE
240,rs8093196,T,G,T,G,0.00682514,-0.0055,0.66915,0.6676,FALSE,FALSE,FALSE,Atrial fibrillation,18,42113270,0.0071,1030836,0.4353,Atrial fibrillation || id:ebi-a-GCST006414,Atrial fibrillation,Atrial fibrillation ||  || ,TRUE,igd,NA,NA,NA,NA,NA,NA,NA,18,42113270,0.000888073,2.30E-14,484598,Hypertension,Hypertension || id:ebi-a-GCST90038604,TRUE,reported,igd,2,1,TRUE
241,rs8131909,G,C,G,C,0.00856298,0.0079,0.125329,0.1319,FALSE,TRUE,FALSE,Atrial fibrillation,21,37689720,0.0104,1030836,0.4455,Atrial fibrillation || id:ebi-a-GCST006414,Atrial fibrillation,Atrial fibrillation ||  || ,TRUE,igd,NA,NA,NA,NA,NA,NA,NA,21,37689720,0.0012699,1.40E-11,484598,Hypertension,Hypertension || id:ebi-a-GCST90038604,TRUE,reported,igd,2,1,TRUE
242,rs8243,A,C,A,C,-0.00578184,-0.0316,0.625495,0.6042,FALSE,FALSE,FALSE,Atrial fibrillation,2,37477794,0.0068,1030836,3.90E-06,Atrial fibrillation || id:ebi-a-GCST006414,Atrial fibrillation,Atrial fibrillation ||  || ,TRUE,igd,NA,NA,NA,NA,NA,NA,NA,2,37477794,0.000860364,8.00E-11,484598,Hypertension,Hypertension || id:ebi-a-GCST90038604,TRUE,reported,igd,2,1,TRUE
243,rs848309,C,T,C,T,0.00498031,-0.01,0.575103,0.5644,FALSE,FALSE,FALSE,Atrial fibrillation,1,16308447,0.0073,1030836,0.1698,Atrial fibrillation || id:ebi-a-GCST006414,Atrial fibrillation,Atrial fibrillation ||  || ,TRUE,igd,NA,NA,NA,NA,NA,NA,NA,1,16308447,0.000840327,1.80E-09,484598,Hypertension,Hypertension || id:ebi-a-GCST90038604,TRUE,reported,igd,2,1,TRUE
244,rs886629,C,A,C,A,-0.00730712,-0.0041,0.684122,0.6753,FALSE,FALSE,FALSE,Atrial fibrillation,7,2528060,0.0073,1030836,0.5711,Atrial fibrillation || id:ebi-a-GCST006414,Atrial fibrillation,Atrial fibrillation ||  || ,TRUE,igd,NA,NA,NA,NA,NA,NA,NA,7,2528060,0.000897509,8.80E-16,484598,Hypertension,Hypertension || id:ebi-a-GCST90038604,TRUE,reported,igd,2,1,TRUE
245,rs893929,A,G,A,G,-0.00584489,-0.0023,0.450955,0.4512,FALSE,FALSE,FALSE,Atrial fibrillation,4,144187380,0.0067,1030836,0.736701,Atrial fibrillation || id:ebi-a-GCST006414,Atrial fibrillation,Atrial fibrillation ||  || ,TRUE,igd,NA,NA,NA,NA,NA,NA,NA,4,144187380,0.000840098,1.90E-12,484598,Hypertension,Hypertension || id:ebi-a-GCST90038604,TRUE,reported,igd,2,1,TRUE
246,rs902450,A,G,A,G,-0.0057027,-0.016,0.720001,0.7122,FALSE,FALSE,FALSE,Atrial fibrillation,3,14928771,0.0074,1030836,0.0298099,Atrial fibrillation || id:ebi-a-GCST006414,Atrial fibrillation,Atrial fibrillation ||  || ,TRUE,igd,NA,NA,NA,NA,NA,NA,NA,3,14928771,0.000924824,2.70E-10,484598,Hypertension,Hypertension || id:ebi-a-GCST90038604,TRUE,reported,igd,2,1,TRUE
247,rs9268671,G,A,G,A,0.00633486,-0.0021,0.662242,0.6403,FALSE,FALSE,FALSE,Atrial fibrillation,6,32414290,0.0077,1030836,0.788301,Atrial fibrillation || id:ebi-a-GCST006414,Atrial fibrillation,Atrial fibrillation ||  || ,TRUE,igd,NA,NA,NA,NA,NA,NA,NA,6,32414290,0.000879377,6.30E-13,484598,Hypertension,Hypertension || id:ebi-a-GCST90038604,TRUE,reported,igd,2,1,TRUE
248,rs9399953,T,C,T,C,0.00538985,0.0109,0.307175,0.3091,FALSE,FALSE,FALSE,Atrial fibrillation,6,106320260,0.0079,1030836,0.1693,Atrial fibrillation || id:ebi-a-GCST006414,Atrial fibrillation,Atrial fibrillation ||  || ,TRUE,igd,NA,NA,NA,NA,NA,NA,NA,6,106320260,0.000931799,1.30E-08,484598,Hypertension,Hypertension || id:ebi-a-GCST90038604,TRUE,reported,igd,2,1,TRUE
249,rs943580,A,G,A,G,-0.00807532,-0.0112,0.585591,0.5882,FALSE,FALSE,FALSE,Atrial fibrillation,1,230837044,0.0068,1030836,0.096781,Atrial fibrillation || id:ebi-a-GCST006414,Atrial fibrillation,Atrial fibrillation ||  || ,TRUE,igd,NA,NA,NA,NA,NA,NA,NA,1,230837044,0.000852448,8.40E-22,484598,Hypertension,Hypertension || id:ebi-a-GCST90038604,TRUE,reported,igd,2,1,TRUE
250,rs9479072,T,C,T,C,-0.00552713,-0.022,0.582209,0.6038,FALSE,FALSE,FALSE,Atrial fibrillation,6,151890789,0.0068,1030836,0.00115101,Atrial fibrillation || id:ebi-a-GCST006414,Atrial fibrillation,Atrial fibrillation ||  || ,TRUE,igd,NA,NA,NA,NA,NA,NA,NA,6,151890789,0.000853496,8.10E-11,484598,Hypertension,Hypertension || id:ebi-a-GCST90038604,TRUE,reported,igd,2,1,TRUE
251,rs9506725,C,T,C,T,-0.00699511,-0.0196,0.359383,0.3676,FALSE,FALSE,FALSE,Atrial fibrillation,13,22314146,0.007,1030836,0.00485803,Atrial fibrillation || id:ebi-a-GCST006414,Atrial fibrillation,Atrial fibrillation ||  || ,TRUE,igd,NA,NA,NA,NA,NA,NA,NA,13,22314146,0.000871411,5.10E-16,484598,Hypertension,Hypertension || id:ebi-a-GCST90038604,TRUE,reported,igd,2,1,TRUE
252,rs951914,C,G,C,G,0.00868984,0.0115,0.711986,0.6969,FALSE,TRUE,FALSE,Atrial fibrillation,8,25878995,0.0074,1030836,0.1182,Atrial fibrillation || id:ebi-a-GCST006414,Atrial fibrillation,Atrial fibrillation ||  || ,TRUE,igd,NA,NA,NA,NA,NA,NA,NA,8,25878995,0.000924839,1.20E-21,484598,Hypertension,Hypertension || id:ebi-a-GCST90038604,TRUE,reported,igd,2,1,TRUE
253,rs9690885,T,C,T,C,-0.00825682,-0.0131,0.191017,0.1767,FALSE,FALSE,FALSE,Atrial fibrillation,7,139366112,0.0088,1030836,0.1389,Atrial fibrillation || id:ebi-a-GCST006414,Atrial fibrillation,Atrial fibrillation ||  || ,TRUE,igd,NA,NA,NA,NA,NA,NA,NA,7,139366112,0.00108488,1.80E-14,484598,Hypertension,Hypertension || id:ebi-a-GCST90038604,TRUE,reported,igd,2,1,TRUE
254,rs972283,G,A,G,A,0.00750504,-0.0118,0.52148,0.4961,FALSE,FALSE,FALSE,Atrial fibrillation,7,130466854,0.0067,1030836,0.0763308,Atrial fibrillation || id:ebi-a-GCST006414,Atrial fibrillation,Atrial fibrillation ||  || ,TRUE,igd,NA,NA,NA,NA,NA,NA,NA,7,130466854,0.000836015,1.30E-19,484598,Hypertension,Hypertension || id:ebi-a-GCST90038604,TRUE,reported,igd,2,1,TRUE
255,rs9747806,A,G,A,G,-0.00489039,0.0179,0.513276,0.5073,FALSE,FALSE,FALSE,Atrial fibrillation,17,16241303,0.0068,1030836,0.00863794,Atrial fibrillation || id:ebi-a-GCST006414,Atrial fibrillation,Atrial fibrillation ||  || ,TRUE,igd,NA,NA,NA,NA,NA,NA,NA,17,16241303,0.000840366,5.50E-09,484598,Hypertension,Hypertension || id:ebi-a-GCST90038604,TRUE,reported,igd,2,1,TRUE
256,rs9751828,A,G,A,G,0.00562939,3.00E-04,0.713322,0.7066,FALSE,FALSE,FALSE,Atrial fibrillation,2,175161976,0.0105,1030836,0.974,Atrial fibrillation || id:ebi-a-GCST006414,Atrial fibrillation,Atrial fibrillation ||  || ,TRUE,igd,NA,NA,NA,NA,NA,NA,NA,2,175161976,0.000951998,4.40E-09,484598,Hypertension,Hypertension || id:ebi-a-GCST90038604,TRUE,reported,igd,2,1,TRUE
257,rs9907987,C,T,C,T,0.00829971,0.0217,0.9059,0.8782,FALSE,FALSE,FALSE,Atrial fibrillation,17,46659228,0.0112,1030836,0.0516404,Atrial fibrillation || id:ebi-a-GCST006414,Atrial fibrillation,Atrial fibrillation ||  || ,TRUE,igd,NA,NA,NA,NA,NA,NA,NA,17,46659228,0.00143141,6.80E-09,484598,Hypertension,Hypertension || id:ebi-a-GCST90038604,TRUE,reported,igd,2,1,TRUE
258,rs9917785,G,A,G,A,-0.00464871,0.0016,0.338253,0.3292,FALSE,FALSE,FALSE,Atrial fibrillation,3,20141704,0.007,1030836,0.8219,Atrial fibrillation || id:ebi-a-GCST006414,Atrial fibrillation,Atrial fibrillation ||  || ,TRUE,igd,NA,NA,NA,NA,NA,NA,NA,3,20141704,0.000882588,2.80E-08,484598,Hypertension,Hypertension || id:ebi-a-GCST90038604,TRUE,reported,igd,2,1,TRUE
