"","SNP","effect_allele.exposure","other_allele.exposure","effect_allele.outcome","other_allele.outcome","beta.exposure","beta.outcome","eaf.exposure","eaf.outcome","remove","palindromic","ambiguous","id.outcome","chr","pos","se.outcome","samplesize.outcome","pval.outcome","outcome","originalname.outcome","outcome.deprecated","mr_keep.outcome","data_source.outcome","proxy.outcome","target_snp.outcome","proxy_snp.outcome","target_a1.outcome","target_a2.outcome","proxy_a1.outcome","proxy_a2.outcome","chr.exposure","pos.exposure","se.exposure","pval.exposure","samplesize.exposure","id.exposure","exposure","mr_keep.exposure","pval_origin.exposure","data_source.exposure","action","SNP_index","mr_keep"
"1","rs1501908","C","G","C","G",0.2047,-0.0034,0.7302,0.6306,FALSE,TRUE,FALSE,"Atrial fibrillation","5","156398169",0.0069,1030836,0.6267,"Atrial fibrillation || id:ebi-a-GCST006414","Atrial fibrillation","Atrial fibrillation ||  || ",TRUE,"igd",NA,NA,NA,NA,NA,NA,NA,"5",156398169,0.03751,4.79999e-08,9714,"Hyperlipidemia","Hyperlipidemia || id:ebi-a-GCST90090994",TRUE,"reported","igd",2,1,TRUE
"2","rs2075650","G","A","G","A",0.3808,-0.0037,0.08196,0.1518,FALSE,FALSE,FALSE,"Atrial fibrillation","19","45395619",0.0095,1030836,0.6957,"Atrial fibrillation || id:ebi-a-GCST006414","Atrial fibrillation","Atrial fibrillation ||  || ",TRUE,"igd",NA,NA,NA,NA,NA,NA,NA,"19",45395619,0.05739,3.25012e-11,9714,"Hyperlipidemia","Hyperlipidemia || id:ebi-a-GCST90090994",TRUE,"reported","igd",2,1,TRUE
"3","rs2954031","T","G","T","G",-0.2289,-2e-04,0.5309,0.4543,FALSE,FALSE,FALSE,"Atrial fibrillation","8","126495818",0.0067,1030836,0.9775,"Atrial fibrillation || id:ebi-a-GCST006414","Atrial fibrillation","Atrial fibrillation ||  || ",TRUE,"igd",TRUE,"rs2954031","rs10808546","T","G","T","C","8",126491733,0.0325,1.86982e-12,9714,"Hyperlipidemia","Hyperlipidemia || id:ebi-a-GCST90090994",TRUE,"reported","igd",2,1,TRUE
"4","rs662799","A","G","A","G",-0.5901,-0.0017,0.7244,0.9113,FALSE,FALSE,FALSE,"Atrial fibrillation","11","116663707",0.0133,1030836,0.8994,"Atrial fibrillation || id:ebi-a-GCST006414","Atrial fibrillation","Atrial fibrillation ||  || ",TRUE,"igd",NA,NA,NA,NA,NA,NA,NA,"11",116663707,0.03682,8.10961e-58,9714,"Hyperlipidemia","Hyperlipidemia || id:ebi-a-GCST90090994",TRUE,"reported","igd",2,1,TRUE
"5","rs780092","G","A","G","A",-0.2564,-0.0123,0.364,0.1588,FALSE,FALSE,FALSE,"Atrial fibrillation","2","27743154",0.009,1030836,0.1723,"Atrial fibrillation || id:ebi-a-GCST006414","Atrial fibrillation","Atrial fibrillation ||  || ",TRUE,"igd",NA,NA,NA,NA,NA,NA,NA,"2",27743154,0.03451,1.08993e-13,9714,"Hyperlipidemia","Hyperlipidemia || id:ebi-a-GCST90090994",TRUE,"reported","igd",2,1,TRUE
