,SNP,effect_allele.exposure,other_allele.exposure,effect_allele.outcome,other_allele.outcome,beta.exposure,beta.outcome,eaf.exposure,eaf.outcome,remove,palindromic,ambiguous,id.outcome,chr,pos,se.outcome,samplesize.outcome,pval.outcome,outcome,originalname.outcome,outcome.deprecated,mr_keep.outcome,data_source.outcome,chr.exposure,pos.exposure,se.exposure,pval.exposure,samplesize.exposure,id.exposure,exposure,mr_keep.exposure,pval_origin.exposure,data_source.exposure,action,SNP_index,mr_keep
1,rs10200533,A,G,A,G,-0.0412315,-0.0137,0.521888,0.5075,FALSE,FALSE,FALSE,Atrial fibrillation,2,144183002,0.0066,1030836,0.0391904,Atrial fibrillation || id:ebi-a-GCST006414,Atrial fibrillation,Atrial fibrillation ||  || ,TRUE,igd,2,144183002,0.00992915,3.29E-05,486484,Pneumonia, || id:ieu-b-4976,TRUE,reported,igd,2,1,TRUE
2,rs10410601,G,A,G,A,0.0475721,0.0089,0.673613,0.664,FALSE,FALSE,FALSE,Atrial fibrillation,19,31849728,0.0073,1030836,0.2241,Atrial fibrillation || id:ebi-a-GCST006414,Atrial fibrillation,Atrial fibrillation ||  || ,TRUE,igd,19,31849728,0.0105838,6.96E-06,486484,Pneumonia, || id:ieu-b-4976,TRUE,reported,igd,2,1,TRUE
3,rs11049,G,A,G,A,-0.0486625,-0.0092,0.408132,0.4125,FALSE,FALSE,FALSE,Atrial fibrillation,15,52203813,0.0067,1030836,0.1695,Atrial fibrillation || id:ebi-a-GCST006414,Atrial fibrillation,Atrial fibrillation ||  || ,TRUE,igd,15,52203813,0.0100851,1.40E-06,486484,Pneumonia, || id:ieu-b-4976,TRUE,reported,igd,2,1,TRUE
4,rs112074516,G,A,G,A,0.144594,0.0118,0.0223455,0.0252,FALSE,FALSE,FALSE,Atrial fibrillation,14,65320013,0.0224,1030836,0.598199,Atrial fibrillation || id:ebi-a-GCST006414,Atrial fibrillation,Atrial fibrillation ||  || ,TRUE,igd,14,65320013,0.0340535,2.18E-05,486484,Pneumonia, || id:ieu-b-4976,TRUE,reported,igd,2,1,TRUE
5,rs11221484,C,G,C,G,0.0443975,0.0101,0.418547,0.4076,FALSE,TRUE,FALSE,Atrial fibrillation,11,128739455,0.0075,1030836,0.1768,Atrial fibrillation || id:ebi-a-GCST006414,Atrial fibrillation,Atrial fibrillation ||  || ,TRUE,igd,11,128739455,0.010456,2.18E-05,486484,Pneumonia, || id:ieu-b-4976,TRUE,reported,igd,2,1,TRUE
6,rs112534719,C,T,C,T,0.12853,0.0226,0.0295108,0.0291,FALSE,FALSE,FALSE,Atrial fibrillation,7,117096293,0.0215,1030836,0.2936,Atrial fibrillation || id:ebi-a-GCST006414,Atrial fibrillation,Atrial fibrillation ||  || ,TRUE,igd,7,117096293,0.0298667,1.68E-05,486484,Pneumonia, || id:ieu-b-4976,TRUE,reported,igd,2,1,TRUE
7,rs112959543,A,G,A,G,-0.252106,-0.0963,0.00811861,0.0079,FALSE,FALSE,FALSE,Atrial fibrillation,6,154318284,0.048,1030836,0.0445605,Atrial fibrillation || id:ebi-a-GCST006414,Atrial fibrillation,Atrial fibrillation ||  || ,TRUE,igd,6,154318284,0.0575583,1.19E-05,486484,Pneumonia, || id:ieu-b-4976,TRUE,reported,igd,2,1,TRUE
8,rs112967299,C,T,C,T,0.078232,0.0277,0.0763629,0.0724,FALSE,FALSE,FALSE,Atrial fibrillation,4,32894634,0.0163,1030836,0.0892894,Atrial fibrillation || id:ebi-a-GCST006414,Atrial fibrillation,Atrial fibrillation ||  || ,TRUE,igd,4,32894634,0.0190739,4.10E-05,486484,Pneumonia, || id:ieu-b-4976,TRUE,reported,igd,2,1,TRUE
9,rs113680097,A,C,A,C,-0.144412,-0.0105,0.0224769,0.0246,FALSE,FALSE,FALSE,Atrial fibrillation,19,1002021,0.025,1030836,0.6732,Atrial fibrillation || id:ebi-a-GCST006414,Atrial fibrillation,Atrial fibrillation ||  || ,TRUE,igd,19,1002021,0.033932,2.08E-05,486484,Pneumonia, || id:ieu-b-4976,TRUE,reported,igd,2,1,TRUE
10,rs114015773,T,C,T,C,-0.11075,-0.0028,0.0706138,0.0691,FALSE,FALSE,FALSE,Atrial fibrillation,6,32537468,0.0191,1030836,0.8845,Atrial fibrillation || id:ebi-a-GCST006414,Atrial fibrillation,Atrial fibrillation ||  || ,TRUE,igd,6,32537468,0.0268031,3.60E-05,486484,Pneumonia, || id:ieu-b-4976,TRUE,reported,igd,2,1,TRUE
11,rs114396406,C,T,C,T,-0.123897,-0.0136,0.0308591,0.0325,FALSE,FALSE,FALSE,Atrial fibrillation,1,75101621,0.0232,1030836,0.5568,Atrial fibrillation || id:ebi-a-GCST006414,Atrial fibrillation,Atrial fibrillation ||  || ,TRUE,igd,1,75101621,0.0286655,1.55E-05,486484,Pneumonia, || id:ieu-b-4976,TRUE,reported,igd,2,1,TRUE
12,rs114435258,A,T,A,T,0.179147,0.0474,0.0216278,0.0044,FALSE,TRUE,FALSE,Atrial fibrillation,11,64333959,0.0327,1030836,0.1469,Atrial fibrillation || id:ebi-a-GCST006414,Atrial fibrillation,Atrial fibrillation ||  || ,TRUE,igd,11,64333959,0.0408881,1.18E-05,486484,Pneumonia, || id:ieu-b-4976,TRUE,reported,igd,2,1,TRUE
13,rs116369237,G,C,G,C,0.174743,-0.0599,0.0135281,0.0162,FALSE,TRUE,FALSE,Atrial fibrillation,2,101347811,0.0297,1030836,0.0435301,Atrial fibrillation || id:ebi-a-GCST006414,Atrial fibrillation,Atrial fibrillation ||  || ,TRUE,igd,2,101347811,0.0428047,4.46E-05,486484,Pneumonia, || id:ieu-b-4976,TRUE,reported,igd,2,1,TRUE
14,rs117138525,A,T,A,T,0.166224,-0.0544,0.0182718,0.0276,FALSE,TRUE,FALSE,Atrial fibrillation,15,61941682,0.0239,1030836,0.0225502,Atrial fibrillation || id:ebi-a-GCST006414,Atrial fibrillation,Atrial fibrillation ||  || ,TRUE,igd,15,61941682,0.0369117,6.69E-06,486484,Pneumonia, || id:ieu-b-4976,TRUE,reported,igd,2,1,TRUE
15,rs11716896,C,T,C,T,-0.0448257,-0.0019,0.371148,0.3543,FALSE,FALSE,FALSE,Atrial fibrillation,3,29506440,0.0069,1030836,0.783,Atrial fibrillation || id:ebi-a-GCST006414,Atrial fibrillation,Atrial fibrillation ||  || ,TRUE,igd,3,29506440,0.0102624,1.25E-05,486484,Pneumonia, || id:ieu-b-4976,TRUE,reported,igd,2,1,TRUE
16,rs117291711,A,G,A,G,0.13356,-0.0134,0.0237705,0.0211,FALSE,FALSE,FALSE,Atrial fibrillation,6,77342861,0.0259,1030836,0.6065,Atrial fibrillation || id:ebi-a-GCST006414,Atrial fibrillation,Atrial fibrillation ||  || ,TRUE,igd,6,77342861,0.0325245,4.02E-05,486484,Pneumonia, || id:ieu-b-4976,TRUE,reported,igd,2,1,TRUE
17,rs117555996,A,G,A,G,-0.126292,-0.0179,0.0280067,0.029,FALSE,FALSE,FALSE,Atrial fibrillation,12,117577640,0.0232,1030836,0.4407,Atrial fibrillation || id:ebi-a-GCST006414,Atrial fibrillation,Atrial fibrillation ||  || ,TRUE,igd,12,117577640,0.031035,4.71E-05,486484,Pneumonia, || id:ieu-b-4976,TRUE,reported,igd,2,1,TRUE
18,rs117576758,T,C,T,C,0.0776626,0.0295,0.0951214,0.0945,FALSE,FALSE,FALSE,Atrial fibrillation,12,131622239,0.0122,1030836,0.01546,Atrial fibrillation || id:ebi-a-GCST006414,Atrial fibrillation,Atrial fibrillation ||  || ,TRUE,igd,12,131622239,0.0178578,1.37E-05,486484,Pneumonia, || id:ieu-b-4976,TRUE,reported,igd,2,1,TRUE
19,rs117673608,A,G,A,G,0.179267,-0.0504,0.0137776,0.0124,FALSE,FALSE,FALSE,Atrial fibrillation,6,162352675,0.0362,1030836,0.1634,Atrial fibrillation || id:ebi-a-GCST006414,Atrial fibrillation,Atrial fibrillation ||  || ,TRUE,igd,6,162352675,0.0424488,2.41E-05,486484,Pneumonia, || id:ieu-b-4976,TRUE,reported,igd,2,1,TRUE
20,rs1230666,G,A,G,A,-0.0676941,-0.0219,0.852246,0.8248,FALSE,FALSE,FALSE,Atrial fibrillation,1,114173410,0.0096,1030836,0.0218298,Atrial fibrillation || id:ebi-a-GCST006414,Atrial fibrillation,Atrial fibrillation ||  || ,TRUE,igd,1,114173410,0.0140162,1.37E-06,486484,Pneumonia, || id:ieu-b-4976,TRUE,reported,igd,2,1,TRUE
21,rs12494963,G,A,G,A,0.0584183,0.0093,0.206347,0.1937,FALSE,FALSE,FALSE,Atrial fibrillation,3,74878020,0.0087,1030836,0.2831,Atrial fibrillation || id:ebi-a-GCST006414,Atrial fibrillation,Atrial fibrillation ||  || ,TRUE,igd,3,74878020,0.0123582,2.28E-06,486484,Pneumonia, || id:ieu-b-4976,TRUE,reported,igd,2,1,TRUE
22,rs12581782,A,G,A,G,-0.108008,-0.009,0.0392676,0.0405,FALSE,FALSE,FALSE,Atrial fibrillation,12,47865173,0.0176,1030836,0.607,Atrial fibrillation || id:ebi-a-GCST006414,Atrial fibrillation,Atrial fibrillation ||  || ,TRUE,igd,12,47865173,0.0257373,2.71E-05,486484,Pneumonia, || id:ieu-b-4976,TRUE,reported,igd,2,1,TRUE
23,rs12611282,A,G,A,G,0.0426254,0.005,0.391777,0.3805,FALSE,FALSE,FALSE,Atrial fibrillation,19,15956179,0.007,1030836,0.4758,Atrial fibrillation || id:ebi-a-GCST006414,Atrial fibrillation,Atrial fibrillation ||  || ,TRUE,igd,19,15956179,0.0102121,2.99E-05,486484,Pneumonia, || id:ieu-b-4976,TRUE,reported,igd,2,1,TRUE
24,rs1370604,T,C,T,C,-0.0551289,-0.0123,0.736326,0.7235,FALSE,FALSE,FALSE,Atrial fibrillation,2,212056503,0.0075,1030836,0.1018,Atrial fibrillation || id:ebi-a-GCST006414,Atrial fibrillation,Atrial fibrillation ||  || ,TRUE,igd,2,212056503,0.0112513,9.59E-07,486484,Pneumonia, || id:ieu-b-4976,TRUE,reported,igd,2,1,TRUE
25,rs138172838,G,C,G,C,-0.106692,0.0168,0.0515837,0.0568,FALSE,TRUE,FALSE,Atrial fibrillation,6,108545682,0.0171,1030836,0.3272,Atrial fibrillation || id:ebi-a-GCST006414,Atrial fibrillation,Atrial fibrillation ||  || ,TRUE,igd,6,108545682,0.0229384,3.30E-06,486484,Pneumonia, || id:ieu-b-4976,TRUE,reported,igd,2,1,TRUE
26,rs138379794,A,G,A,G,0.154789,0.0136,0.0219788,0.0205,FALSE,FALSE,FALSE,Atrial fibrillation,11,83561220,0.0394,1030836,0.73,Atrial fibrillation || id:ebi-a-GCST006414,Atrial fibrillation,Atrial fibrillation ||  || ,TRUE,igd,11,83561220,0.0375516,3.76E-05,486484,Pneumonia, || id:ieu-b-4976,TRUE,reported,igd,2,1,TRUE
27,rs138394938,C,G,C,G,-0.195283,-0.0691,0.0130426,0.0142,FALSE,TRUE,FALSE,Atrial fibrillation,7,135884129,0.0366,1030836,0.0589101,Atrial fibrillation || id:ebi-a-GCST006414,Atrial fibrillation,Atrial fibrillation ||  || ,TRUE,igd,7,135884129,0.0466663,2.86E-05,486484,Pneumonia, || id:ieu-b-4976,TRUE,reported,igd,2,1,TRUE
28,rs142761480,T,C,T,C,0.260062,0.0445,0.00682374,0.0075,FALSE,FALSE,FALSE,Atrial fibrillation,20,14460227,0.0456,1030836,0.3294,Atrial fibrillation || id:ebi-a-GCST006414,Atrial fibrillation,Atrial fibrillation ||  || ,TRUE,igd,20,14460227,0.0636283,4.37E-05,486484,Pneumonia, || id:ieu-b-4976,TRUE,reported,igd,2,1,TRUE
29,rs143070636,T,C,T,C,0.0486573,-0.0236,0.322746,0.3163,FALSE,FALSE,FALSE,Atrial fibrillation,11,25163937,0.0146,1030836,0.1062,Atrial fibrillation || id:ebi-a-GCST006414,Atrial fibrillation,Atrial fibrillation ||  || ,TRUE,igd,11,25163937,0.0111065,1.18E-05,486484,Pneumonia, || id:ieu-b-4976,TRUE,reported,igd,2,1,TRUE
30,rs144084835,A,G,A,G,-0.15276,-0.029,0.0295265,0.0267,FALSE,FALSE,FALSE,Atrial fibrillation,14,43458283,0.0271,1030836,0.2837,Atrial fibrillation || id:ebi-a-GCST006414,Atrial fibrillation,Atrial fibrillation ||  || ,TRUE,igd,14,43458283,0.0356118,1.79E-05,486484,Pneumonia, || id:ieu-b-4976,TRUE,reported,igd,2,1,TRUE
31,rs146387474,A,G,A,G,-0.248281,0.0038,0.00901628,0.0108,FALSE,FALSE,FALSE,Atrial fibrillation,6,148633511,0.0397,1030836,0.9241,Atrial fibrillation || id:ebi-a-GCST006414,Atrial fibrillation,Atrial fibrillation ||  || ,TRUE,igd,6,148633511,0.0552215,6.92E-06,486484,Pneumonia, || id:ieu-b-4976,TRUE,reported,igd,2,1,TRUE
32,rs147631414,G,A,G,A,-0.220966,0.0455,0.0108412,0.0106,FALSE,FALSE,FALSE,Atrial fibrillation,3,14909899,0.0376,1030836,0.2265,Atrial fibrillation || id:ebi-a-GCST006414,Atrial fibrillation,Atrial fibrillation ||  || ,TRUE,igd,3,14909899,0.0490694,6.70E-06,486484,Pneumonia, || id:ieu-b-4976,TRUE,reported,igd,2,1,TRUE
33,rs148272359,A,G,A,G,0.230526,-4.00E-04,0.0137782,0.0114,FALSE,FALSE,FALSE,Atrial fibrillation,10,121159954,0.038,1030836,0.9907,Atrial fibrillation || id:ebi-a-GCST006414,Atrial fibrillation,Atrial fibrillation ||  || ,TRUE,igd,10,121159954,0.0479959,1.56E-06,486484,Pneumonia, || id:ieu-b-4976,TRUE,reported,igd,2,1,TRUE
34,rs148569690,T,C,T,C,-0.151709,-0.0484,0.0193709,0.0241,FALSE,FALSE,FALSE,Atrial fibrillation,10,118628335,0.0253,1030836,0.0558702,Atrial fibrillation || id:ebi-a-GCST006414,Atrial fibrillation,Atrial fibrillation ||  || ,TRUE,igd,10,118628335,0.0364224,3.11E-05,486484,Pneumonia, || id:ieu-b-4976,TRUE,reported,igd,2,1,TRUE
35,rs149295689,T,C,T,C,0.161305,0.0228,0.0189965,0.024,FALSE,FALSE,FALSE,Atrial fibrillation,4,10991122,0.0249,1030836,0.3609,Atrial fibrillation || id:ebi-a-GCST006414,Atrial fibrillation,Atrial fibrillation ||  || ,TRUE,igd,4,10991122,0.036709,1.11E-05,486484,Pneumonia, || id:ieu-b-4976,TRUE,reported,igd,2,1,TRUE
36,rs149571141,A,G,A,G,-0.269326,-0.037,0.00717241,0.0111,FALSE,FALSE,FALSE,Atrial fibrillation,13,62240742,0.0423,1030836,0.3815,Atrial fibrillation || id:ebi-a-GCST006414,Atrial fibrillation,Atrial fibrillation ||  || ,TRUE,igd,13,62240742,0.0646054,3.06E-05,486484,Pneumonia, || id:ieu-b-4976,TRUE,reported,igd,2,1,TRUE
37,rs149880673,G,A,G,A,0.241039,-0.073,0.00829046,0.0132,FALSE,FALSE,FALSE,Atrial fibrillation,4,113895433,0.0395,1030836,0.0649501,Atrial fibrillation || id:ebi-a-GCST006414,Atrial fibrillation,Atrial fibrillation ||  || ,TRUE,igd,4,113895433,0.0594218,4.98E-05,486484,Pneumonia, || id:ieu-b-4976,TRUE,reported,igd,2,1,TRUE
38,rs149974992,T,C,T,C,-0.135041,0.0025,0.0298924,0.0312,FALSE,FALSE,FALSE,Atrial fibrillation,2,238484694,0.0235,1030836,0.9162,Atrial fibrillation || id:ebi-a-GCST006414,Atrial fibrillation,Atrial fibrillation ||  || ,TRUE,igd,2,238484694,0.031729,2.08E-05,486484,Pneumonia, || id:ieu-b-4976,TRUE,reported,igd,2,1,TRUE
39,rs150776526,A,C,A,C,0.202101,-0.0196,0.010988,0.0105,FALSE,FALSE,FALSE,Atrial fibrillation,3,137560222,0.04,1030836,0.623199,Atrial fibrillation || id:ebi-a-GCST006414,Atrial fibrillation,Atrial fibrillation ||  || ,TRUE,igd,3,137560222,0.0486891,3.31E-05,486484,Pneumonia, || id:ieu-b-4976,TRUE,reported,igd,2,1,TRUE
40,rs150795698,T,C,T,C,0.175277,0.0584,0.0141897,0.0133,FALSE,FALSE,FALSE,Atrial fibrillation,9,73413463,0.0352,1030836,0.0974204,Atrial fibrillation || id:ebi-a-GCST006414,Atrial fibrillation,Atrial fibrillation ||  || ,TRUE,igd,9,73413463,0.0427477,4.13E-05,486484,Pneumonia, || id:ieu-b-4976,TRUE,reported,igd,2,1,TRUE
41,rs16875077,T,C,T,C,-0.21336,0.0182,0.0101801,0.0093,FALSE,FALSE,FALSE,Atrial fibrillation,8,107789607,0.0352,1030836,0.606001,Atrial fibrillation || id:ebi-a-GCST006414,Atrial fibrillation,Atrial fibrillation ||  || ,TRUE,igd,8,107789607,0.0499131,1.91E-05,486484,Pneumonia, || id:ieu-b-4976,TRUE,reported,igd,2,1,TRUE
42,rs17007164,G,A,G,A,0.0662794,0.0457,0.155189,0.1532,FALSE,FALSE,FALSE,Atrial fibrillation,2,61452502,0.0091,1030836,5.52E-07,Atrial fibrillation || id:ebi-a-GCST006414,Atrial fibrillation,Atrial fibrillation ||  || ,TRUE,igd,2,61452502,0.0137041,1.32E-06,486484,Pneumonia, || id:ieu-b-4976,TRUE,reported,igd,2,1,TRUE
43,rs17090764,A,G,A,G,-0.0462143,0.0062,0.265862,0.2765,FALSE,FALSE,FALSE,Atrial fibrillation,10,115372585,0.0075,1030836,0.4082,Atrial fibrillation || id:ebi-a-GCST006414,Atrial fibrillation,Atrial fibrillation ||  || ,TRUE,igd,10,115372585,0.0112724,4.14E-05,486484,Pneumonia, || id:ieu-b-4976,TRUE,reported,igd,2,1,TRUE
44,rs17151904,A,G,A,G,0.0520086,0.0176,0.21034,0.2069,FALSE,FALSE,FALSE,Atrial fibrillation,7,25608409,0.0081,1030836,0.0298999,Atrial fibrillation || id:ebi-a-GCST006414,Atrial fibrillation,Atrial fibrillation ||  || ,TRUE,igd,7,25608409,0.0121476,1.86E-05,486484,Pneumonia, || id:ieu-b-4976,TRUE,reported,igd,2,1,TRUE
45,rs181120971,A,G,A,G,0.173696,-0.0126,0.0192572,0.0231,FALSE,FALSE,FALSE,Atrial fibrillation,4,175049796,0.0271,1030836,0.6426,Atrial fibrillation || id:ebi-a-GCST006414,Atrial fibrillation,Atrial fibrillation ||  || ,TRUE,igd,4,175049796,0.0362547,1.66E-06,486484,Pneumonia, || id:ieu-b-4976,TRUE,reported,igd,2,1,TRUE
46,rs181840,T,C,T,C,-0.065822,0.0104,0.123798,0.1103,FALSE,FALSE,FALSE,Atrial fibrillation,5,31615401,0.0175,1030836,0.552199,Atrial fibrillation || id:ebi-a-GCST006414,Atrial fibrillation,Atrial fibrillation ||  || ,TRUE,igd,5,31615401,0.016016,3.96E-05,486484,Pneumonia, || id:ieu-b-4976,TRUE,reported,igd,2,1,TRUE
47,rs185090254,A,G,A,G,0.200183,-0.0533,0.0113317,0.0111,FALSE,FALSE,FALSE,Atrial fibrillation,8,141000866,0.0392,1030836,0.1738,Atrial fibrillation || id:ebi-a-GCST006414,Atrial fibrillation,Atrial fibrillation ||  || ,TRUE,igd,8,141000866,0.0486127,3.82E-05,486484,Pneumonia, || id:ieu-b-4976,TRUE,reported,igd,2,1,TRUE
48,rs187821048,G,C,G,C,-0.221868,-1.00E-04,0.00998982,0.0152,FALSE,TRUE,FALSE,Atrial fibrillation,17,67109739,0.0339,1030836,0.9965,Atrial fibrillation || id:ebi-a-GCST006414,Atrial fibrillation,Atrial fibrillation ||  || ,TRUE,igd,17,67109739,0.0507206,1.22E-05,486484,Pneumonia, || id:ieu-b-4976,TRUE,reported,igd,2,1,TRUE
49,rs1879759,A,G,A,G,-0.095631,-0.0533,0.0579787,0.0604,FALSE,FALSE,FALSE,Atrial fibrillation,2,26678169,0.0144,1030836,0.000219599,Atrial fibrillation || id:ebi-a-GCST006414,Atrial fibrillation,Atrial fibrillation ||  || ,TRUE,igd,2,26678169,0.0219124,1.28E-05,486484,Pneumonia, || id:ieu-b-4976,TRUE,reported,igd,2,1,TRUE
50,rs1965780,A,G,A,G,0.0414924,0.0043,0.588686,0.5851,FALSE,FALSE,FALSE,Atrial fibrillation,17,75734511,0.0068,1030836,0.5235,Atrial fibrillation || id:ebi-a-GCST006414,Atrial fibrillation,Atrial fibrillation ||  || ,TRUE,igd,17,75734511,0.0100653,3.75E-05,486484,Pneumonia, || id:ieu-b-4976,TRUE,reported,igd,2,1,TRUE
51,rs2120841,A,G,A,G,-0.137472,-0.0277,0.0230913,0.0233,FALSE,FALSE,FALSE,Atrial fibrillation,4,168816480,0.0236,1030836,0.2392,Atrial fibrillation || id:ebi-a-GCST006414,Atrial fibrillation,Atrial fibrillation ||  || ,TRUE,igd,4,168816480,0.0331151,3.31E-05,486484,Pneumonia, || id:ieu-b-4976,TRUE,reported,igd,2,1,TRUE
52,rs2281988,C,A,C,A,0.0505839,-0.0106,0.215835,0.2123,FALSE,FALSE,FALSE,Atrial fibrillation,13,102365162,0.0081,1030836,0.1953,Atrial fibrillation || id:ebi-a-GCST006414,Atrial fibrillation,Atrial fibrillation ||  || ,TRUE,igd,13,102365162,0.0120412,2.66E-05,486484,Pneumonia, || id:ieu-b-4976,TRUE,reported,igd,2,1,TRUE
53,rs2682086,A,C,A,C,-0.0465023,-0.0043,0.716572,0.6991,FALSE,FALSE,FALSE,Atrial fibrillation,11,6395690,0.0075,1030836,0.5706,Atrial fibrillation || id:ebi-a-GCST006414,Atrial fibrillation,Atrial fibrillation ||  || ,TRUE,igd,11,6395690,0.0110812,2.71E-05,486484,Pneumonia, || id:ieu-b-4976,TRUE,reported,igd,2,1,TRUE
54,rs28589776,T,C,T,C,0.130842,0.0893,0.0243602,0.022,FALSE,FALSE,FALSE,Atrial fibrillation,5,76406470,0.025,1030836,0.000359998,Atrial fibrillation || id:ebi-a-GCST006414,Atrial fibrillation,Atrial fibrillation ||  || ,TRUE,igd,5,76406470,0.0320989,4.58E-05,486484,Pneumonia, || id:ieu-b-4976,TRUE,reported,igd,2,1,TRUE
55,rs28698446,C,T,C,T,-0.0460622,4.00E-04,0.650205,0.6233,FALSE,FALSE,FALSE,Atrial fibrillation,6,167772262,0.0071,1030836,0.9573,Atrial fibrillation || id:ebi-a-GCST006414,Atrial fibrillation,Atrial fibrillation ||  || ,TRUE,igd,6,167772262,0.0104396,1.02E-05,486484,Pneumonia, || id:ieu-b-4976,TRUE,reported,igd,2,1,TRUE
56,rs34517439,A,C,A,C,0.0737136,0.0231,0.12176,0.1222,FALSE,FALSE,FALSE,Atrial fibrillation,1,78450517,0.0108,1030836,0.0327703,Atrial fibrillation || id:ebi-a-GCST006414,Atrial fibrillation,Atrial fibrillation ||  || ,TRUE,igd,1,78450517,0.0153495,1.57E-06,486484,Pneumonia, || id:ieu-b-4976,TRUE,reported,igd,2,1,TRUE
57,rs34659361,A,G,A,G,0.137548,-0.0162,0.0280086,0.0257,FALSE,FALSE,FALSE,Atrial fibrillation,3,57589341,0.033,1030836,0.624701,Atrial fibrillation || id:ebi-a-GCST006414,Atrial fibrillation,Atrial fibrillation ||  || ,TRUE,igd,3,57589341,0.0315743,1.32E-05,486484,Pneumonia, || id:ieu-b-4976,TRUE,reported,igd,2,1,TRUE
58,rs34855462,A,G,A,G,-0.0479643,-0.0296,0.268025,0.2681,FALSE,FALSE,FALSE,Atrial fibrillation,4,57880284,0.0076,1030836,9.26E-05,Atrial fibrillation || id:ebi-a-GCST006414,Atrial fibrillation,Atrial fibrillation ||  || ,TRUE,igd,4,57880284,0.0111923,1.82E-05,486484,Pneumonia, || id:ieu-b-4976,TRUE,reported,igd,2,1,TRUE
59,rs35989849,T,C,T,C,-0.109629,-0.051,0.038306,0.0388,FALSE,FALSE,FALSE,Atrial fibrillation,15,100422563,0.0348,1030836,0.1424,Atrial fibrillation || id:ebi-a-GCST006414,Atrial fibrillation,Atrial fibrillation ||  || ,TRUE,igd,15,100422563,0.0261571,2.78E-05,486484,Pneumonia, || id:ieu-b-4976,TRUE,reported,igd,2,1,TRUE
60,rs36345,C,T,C,T,-0.0406565,-0.0077,0.540667,0.5382,FALSE,FALSE,FALSE,Atrial fibrillation,14,72389021,0.0067,1030836,0.2507,Atrial fibrillation || id:ebi-a-GCST006414,Atrial fibrillation,Atrial fibrillation ||  || ,TRUE,igd,14,72389021,0.00993644,4.28E-05,486484,Pneumonia, || id:ieu-b-4976,TRUE,reported,igd,2,1,TRUE
61,rs3737152,T,C,T,C,0.0969017,-0.009,0.0554985,0.0529,FALSE,FALSE,FALSE,Atrial fibrillation,9,13508377,0.0162,1030836,0.5782,Atrial fibrillation || id:ebi-a-GCST006414,Atrial fibrillation,Atrial fibrillation ||  || ,TRUE,igd,9,13508377,0.0234487,3.59E-05,486484,Pneumonia, || id:ieu-b-4976,TRUE,reported,igd,2,1,TRUE
62,rs383243,A,T,A,T,0.0466447,5.00E-04,0.296559,0.2946,FALSE,TRUE,FALSE,Atrial fibrillation,19,13858096,0.0075,1030836,0.9515,Atrial fibrillation || id:ebi-a-GCST006414,Atrial fibrillation,Atrial fibrillation ||  || ,TRUE,igd,19,13858096,0.0108369,1.68E-05,486484,Pneumonia, || id:ieu-b-4976,TRUE,reported,igd,2,1,TRUE
63,rs3846792,C,A,C,A,-0.0424618,0.0036,0.605298,0.6051,FALSE,FALSE,FALSE,Atrial fibrillation,6,63923011,0.0068,1030836,0.596901,Atrial fibrillation || id:ebi-a-GCST006414,Atrial fibrillation,Atrial fibrillation ||  || ,TRUE,igd,6,63923011,0.0101817,3.04E-05,486484,Pneumonia, || id:ieu-b-4976,TRUE,reported,igd,2,1,TRUE
64,rs4073054,A,C,A,C,-0.0501053,-0.0093,0.627017,0.6211,FALSE,FALSE,FALSE,Atrial fibrillation,1,161200487,0.0069,1030836,0.175,Atrial fibrillation || id:ebi-a-GCST006414,Atrial fibrillation,Atrial fibrillation ||  || ,TRUE,igd,1,161200487,0.0102316,9.73E-07,486484,Pneumonia, || id:ieu-b-4976,TRUE,reported,igd,2,1,TRUE
65,rs4074029,T,C,T,C,-0.0608714,0.0118,0.170653,0.1676,FALSE,FALSE,FALSE,Atrial fibrillation,22,46350276,0.0101,1030836,0.2443,Atrial fibrillation || id:ebi-a-GCST006414,Atrial fibrillation,Atrial fibrillation ||  || ,TRUE,igd,22,46350276,0.0131966,3.98E-06,486484,Pneumonia, || id:ieu-b-4976,TRUE,reported,igd,2,1,TRUE
66,rs4323565,T,G,T,G,0.0515984,-0.0083,0.793027,0.787,FALSE,FALSE,FALSE,Atrial fibrillation,9,25593053,0.0084,1030836,0.3214,Atrial fibrillation || id:ebi-a-GCST006414,Atrial fibrillation,Atrial fibrillation ||  || ,TRUE,igd,9,25593053,0.0122614,2.57E-05,486484,Pneumonia, || id:ieu-b-4976,TRUE,reported,igd,2,1,TRUE
67,rs443632,C,G,C,G,0.0489631,-0.0147,0.708133,0.7009,FALSE,TRUE,FALSE,Atrial fibrillation,16,84304110,0.0075,1030836,0.0511399,Atrial fibrillation || id:ebi-a-GCST006414,Atrial fibrillation,Atrial fibrillation ||  || ,TRUE,igd,16,84304110,0.010994,8.44E-06,486484,Pneumonia, || id:ieu-b-4976,TRUE,reported,igd,2,1,TRUE
68,rs4511375,T,C,T,C,0.0543594,0.0086,0.248911,0.2443,FALSE,FALSE,FALSE,Atrial fibrillation,12,106035444,0.0077,1030836,0.261,Atrial fibrillation || id:ebi-a-GCST006414,Atrial fibrillation,Atrial fibrillation ||  || ,TRUE,igd,12,106035444,0.011444,2.03E-06,486484,Pneumonia, || id:ieu-b-4976,TRUE,reported,igd,2,1,TRUE
69,rs4622988,T,C,T,C,0.0453085,4.00E-04,0.52772,0.5462,FALSE,FALSE,FALSE,Atrial fibrillation,4,23563570,0.0073,1030836,0.961,Atrial fibrillation || id:ebi-a-GCST006414,Atrial fibrillation,Atrial fibrillation ||  || ,TRUE,igd,4,23563570,0.0105196,1.65E-05,486484,Pneumonia, || id:ieu-b-4976,TRUE,reported,igd,2,1,TRUE
70,rs469628,C,A,C,A,0.0552952,0.0147,0.178742,0.1705,FALSE,FALSE,FALSE,Atrial fibrillation,21,27635707,0.0089,1030836,0.0985689,Atrial fibrillation || id:ebi-a-GCST006414,Atrial fibrillation,Atrial fibrillation ||  || ,TRUE,igd,21,27635707,0.012918,1.87E-05,486484,Pneumonia, || id:ieu-b-4976,TRUE,reported,igd,2,1,TRUE
71,rs4947139,C,T,C,T,-0.0627927,-6.00E-04,0.132178,0.1307,FALSE,FALSE,FALSE,Atrial fibrillation,6,111978744,0.0097,1030836,0.9532,Atrial fibrillation || id:ebi-a-GCST006414,Atrial fibrillation,Atrial fibrillation ||  || ,TRUE,igd,6,111978744,0.0146518,1.82E-05,486484,Pneumonia, || id:ieu-b-4976,TRUE,reported,igd,2,1,TRUE
72,rs56190286,T,C,T,C,0.116201,0.0031,0.0315925,0.0368,FALSE,FALSE,FALSE,Atrial fibrillation,18,77347898,0.0215,1030836,0.8863,Atrial fibrillation || id:ebi-a-GCST006414,Atrial fibrillation,Atrial fibrillation ||  || ,TRUE,igd,18,77347898,0.028259,3.92E-05,486484,Pneumonia, || id:ieu-b-4976,TRUE,reported,igd,2,1,TRUE
73,rs578002126,T,C,T,C,0.114652,0.0073,0.0352737,0.0511,FALSE,FALSE,FALSE,Atrial fibrillation,18,9978019,0.031,1030836,0.8128,Atrial fibrillation || id:ebi-a-GCST006414,Atrial fibrillation,Atrial fibrillation ||  || ,TRUE,igd,18,9978019,0.027698,3.48E-05,486484,Pneumonia, || id:ieu-b-4976,TRUE,reported,igd,2,1,TRUE
74,rs6021800,C,T,C,T,0.0497784,0.0056,0.23359,0.246,FALSE,FALSE,FALSE,Atrial fibrillation,20,50848737,0.0078,1030836,0.4749,Atrial fibrillation || id:ebi-a-GCST006414,Atrial fibrillation,Atrial fibrillation ||  || ,TRUE,igd,20,50848737,0.0117583,2.30E-05,486484,Pneumonia, || id:ieu-b-4976,TRUE,reported,igd,2,1,TRUE
75,rs605805,G,A,G,A,0.0573607,-6.00E-04,0.155577,0.1501,FALSE,FALSE,FALSE,Atrial fibrillation,11,117949807,0.0093,1030836,0.952,Atrial fibrillation || id:ebi-a-GCST006414,Atrial fibrillation,Atrial fibrillation ||  || ,TRUE,igd,11,117949807,0.0137357,2.97E-05,486484,Pneumonia, || id:ieu-b-4976,TRUE,reported,igd,2,1,TRUE
76,rs61760203,T,C,T,C,0.186337,-0.0084,0.0136695,0.0125,FALSE,FALSE,FALSE,Atrial fibrillation,3,179408054,0.0356,1030836,0.8125,Atrial fibrillation || id:ebi-a-GCST006414,Atrial fibrillation,Atrial fibrillation ||  || ,TRUE,igd,3,179408054,0.0430239,1.48E-05,486484,Pneumonia, || id:ieu-b-4976,TRUE,reported,igd,2,1,TRUE
77,rs61915097,C,A,C,A,-0.164158,-0.0035,0.0178281,0.0166,FALSE,FALSE,FALSE,Atrial fibrillation,11,130181017,0.0339,1030836,0.9188,Atrial fibrillation || id:ebi-a-GCST006414,Atrial fibrillation,Atrial fibrillation ||  || ,TRUE,igd,11,130181017,0.0396604,3.49E-05,486484,Pneumonia, || id:ieu-b-4976,TRUE,reported,igd,2,1,TRUE
78,rs62039118,T,C,T,C,0.0660975,0.0479,0.102976,0.1059,FALSE,FALSE,FALSE,Atrial fibrillation,16,3957681,0.0116,1030836,3.75E-05,Atrial fibrillation || id:ebi-a-GCST006414,Atrial fibrillation,Atrial fibrillation ||  || ,TRUE,igd,16,3957681,0.0162688,4.85E-05,486484,Pneumonia, || id:ieu-b-4976,TRUE,reported,igd,2,1,TRUE
79,rs62095853,T,G,T,G,0.0484263,0.0057,0.261385,0.2637,FALSE,FALSE,FALSE,Atrial fibrillation,18,58182122,0.0077,1030836,0.4562,Atrial fibrillation || id:ebi-a-GCST006414,Atrial fibrillation,Atrial fibrillation ||  || ,TRUE,igd,18,58182122,0.0113022,1.83E-05,486484,Pneumonia, || id:ieu-b-4976,TRUE,reported,igd,2,1,TRUE
80,rs6468442,G,A,G,A,-0.0508182,-0.0123,0.78824,0.7813,FALSE,FALSE,FALSE,Atrial fibrillation,8,37686749,0.0085,1030836,0.1455,Atrial fibrillation || id:ebi-a-GCST006414,Atrial fibrillation,Atrial fibrillation ||  || ,TRUE,igd,8,37686749,0.0121386,2.83E-05,486484,Pneumonia, || id:ieu-b-4976,TRUE,reported,igd,2,1,TRUE
81,rs6470361,G,A,G,A,0.0494618,-0.0066,0.290196,0.2945,FALSE,FALSE,FALSE,Atrial fibrillation,8,126510338,0.0074,1030836,0.3743,Atrial fibrillation || id:ebi-a-GCST006414,Atrial fibrillation,Atrial fibrillation ||  || ,TRUE,igd,8,126510338,0.0110301,7.32E-06,486484,Pneumonia, || id:ieu-b-4976,TRUE,reported,igd,2,1,TRUE
82,rs6543485,C,T,C,T,-0.129558,-0.0134,0.96882,0.9493,FALSE,FALSE,FALSE,Atrial fibrillation,2,98921655,0.0205,1030836,0.514,Atrial fibrillation || id:ebi-a-GCST006414,Atrial fibrillation,Atrial fibrillation ||  || ,TRUE,igd,2,98921655,0.0299212,1.49E-05,486484,Pneumonia, || id:ieu-b-4976,TRUE,reported,igd,2,1,TRUE
83,rs6675984,A,G,A,G,-0.0518345,-0.0137,0.190985,0.1971,FALSE,FALSE,FALSE,Atrial fibrillation,1,151498624,0.0093,1030836,0.1392,Atrial fibrillation || id:ebi-a-GCST006414,Atrial fibrillation,Atrial fibrillation ||  || ,TRUE,igd,1,151498624,0.0126969,4.46E-05,486484,Pneumonia, || id:ieu-b-4976,TRUE,reported,igd,2,1,TRUE
84,rs707173,T,C,T,C,-0.0469557,-0.0082,0.659708,0.6496,FALSE,FALSE,FALSE,Atrial fibrillation,5,151581680,0.0071,1030836,0.2454,Atrial fibrillation || id:ebi-a-GCST006414,Atrial fibrillation,Atrial fibrillation ||  || ,TRUE,igd,5,151581680,0.0104875,7.56E-06,486484,Pneumonia, || id:ieu-b-4976,TRUE,reported,igd,2,1,TRUE
85,rs7164594,T,C,T,C,-0.0613859,-0.0063,0.222764,0.2231,FALSE,FALSE,FALSE,Atrial fibrillation,15,78803057,0.008,1030836,0.4266,Atrial fibrillation || id:ebi-a-GCST006414,Atrial fibrillation,Atrial fibrillation ||  || ,TRUE,igd,15,78803057,0.0119557,2.83E-07,486484,Pneumonia, || id:ieu-b-4976,TRUE,reported,igd,2,1,TRUE
86,rs72678431,G,A,G,A,-0.103835,-0.0058,0.0394857,0.0352,FALSE,FALSE,FALSE,Atrial fibrillation,4,125318976,0.0206,1030836,0.7776,Atrial fibrillation || id:ebi-a-GCST006414,Atrial fibrillation,Atrial fibrillation ||  || ,TRUE,igd,4,125318976,0.0254083,4.38E-05,486484,Pneumonia, || id:ieu-b-4976,TRUE,reported,igd,2,1,TRUE
87,rs72738923,T,A,T,A,-0.128593,0.0214,0.036188,0.0462,FALSE,TRUE,FALSE,Atrial fibrillation,5,10150880,0.0203,1030836,0.2911,Atrial fibrillation || id:ebi-a-GCST006414,Atrial fibrillation,Atrial fibrillation ||  || ,TRUE,igd,5,10150880,0.0290192,9.37E-06,486484,Pneumonia, || id:ieu-b-4976,TRUE,reported,igd,2,1,TRUE
88,rs72855589,G,T,G,T,0.137561,0.0535,0.0308823,0.03,FALSE,FALSE,FALSE,Atrial fibrillation,2,130362447,0.0233,1030836,0.0216401,Atrial fibrillation || id:ebi-a-GCST006414,Atrial fibrillation,Atrial fibrillation ||  || ,TRUE,igd,2,130362447,0.0297106,3.66E-06,486484,Pneumonia, || id:ieu-b-4976,TRUE,reported,igd,2,1,TRUE
89,rs72963656,A,T,A,T,-0.240276,0.0192,0.00805508,0.007,FALSE,TRUE,FALSE,Atrial fibrillation,18,67902897,0.0541,1030836,0.723199,Atrial fibrillation || id:ebi-a-GCST006414,Atrial fibrillation,Atrial fibrillation ||  || ,TRUE,igd,18,67902897,0.058953,4.59E-05,486484,Pneumonia, || id:ieu-b-4976,TRUE,reported,igd,2,1,TRUE
90,rs73062454,C,T,C,T,0.113486,0.0258,0.0454445,0.0421,FALSE,FALSE,FALSE,Atrial fibrillation,12,21144925,0.0189,1030836,0.172,Atrial fibrillation || id:ebi-a-GCST006414,Atrial fibrillation,Atrial fibrillation ||  || ,TRUE,igd,12,21144925,0.0238006,1.86E-06,486484,Pneumonia, || id:ieu-b-4976,TRUE,reported,igd,2,1,TRUE
91,rs73232701,G,A,G,A,-0.218264,-0.035,0.0119468,0.0127,FALSE,FALSE,FALSE,Atrial fibrillation,21,25116487,0.0405,1030836,0.3872,Atrial fibrillation || id:ebi-a-GCST006414,Atrial fibrillation,Atrial fibrillation ||  || ,TRUE,igd,21,25116487,0.0528479,3.63E-05,486484,Pneumonia, || id:ieu-b-4976,TRUE,reported,igd,2,1,TRUE
92,rs74873178,A,G,A,G,0.096209,0.0094,0.053958,0.0539,FALSE,FALSE,FALSE,Atrial fibrillation,11,7448238,0.0162,1030836,0.562101,Atrial fibrillation || id:ebi-a-GCST006414,Atrial fibrillation,Atrial fibrillation ||  || ,TRUE,igd,11,7448238,0.0227712,2.39E-05,486484,Pneumonia, || id:ieu-b-4976,TRUE,reported,igd,2,1,TRUE
93,rs74966509,G,A,G,A,0.120533,0.0251,0.0370436,0.0348,FALSE,FALSE,FALSE,Atrial fibrillation,7,53952827,0.0213,1030836,0.2378,Atrial fibrillation || id:ebi-a-GCST006414,Atrial fibrillation,Atrial fibrillation ||  || ,TRUE,igd,7,53952827,0.02628,4.51E-06,486484,Pneumonia, || id:ieu-b-4976,TRUE,reported,igd,2,1,TRUE
94,rs75729837,A,G,A,G,-0.235385,-0.0151,0.00766146,0.0072,FALSE,FALSE,FALSE,Atrial fibrillation,8,104135033,0.0409,1030836,0.7115,Atrial fibrillation || id:ebi-a-GCST006414,Atrial fibrillation,Atrial fibrillation ||  || ,TRUE,igd,8,104135033,0.0573579,4.06E-05,486484,Pneumonia, || id:ieu-b-4976,TRUE,reported,igd,2,1,TRUE
95,rs75753821,G,C,G,C,0.0742869,-0.0105,0.11177,0.1134,FALSE,TRUE,FALSE,Atrial fibrillation,8,84150473,0.0119,1030836,0.377,Atrial fibrillation || id:ebi-a-GCST006414,Atrial fibrillation,Atrial fibrillation ||  || ,TRUE,igd,8,84150473,0.0161767,4.39E-06,486484,Pneumonia, || id:ieu-b-4976,TRUE,reported,igd,2,1,TRUE
96,rs76071092,G,A,G,A,0.177185,-0.0042,0.0153296,0.0162,FALSE,FALSE,FALSE,Atrial fibrillation,3,141295037,0.0298,1030836,0.8884,Atrial fibrillation || id:ebi-a-GCST006414,Atrial fibrillation,Atrial fibrillation ||  || ,TRUE,igd,3,141295037,0.0401952,1.04E-05,486484,Pneumonia, || id:ieu-b-4976,TRUE,reported,igd,2,1,TRUE
97,rs76101694,C,T,C,T,0.100702,-0.004,0.048707,0.0511,FALSE,FALSE,FALSE,Atrial fibrillation,1,183878209,0.0169,1030836,0.8112,Atrial fibrillation || id:ebi-a-GCST006414,Atrial fibrillation,Atrial fibrillation ||  || ,TRUE,igd,1,183878209,0.0233353,1.59E-05,486484,Pneumonia, || id:ieu-b-4976,TRUE,reported,igd,2,1,TRUE
98,rs7656213,T,C,T,C,0.108649,0.0194,0.957675,0.9414,FALSE,FALSE,FALSE,Atrial fibrillation,4,5237293,0.0167,1030836,0.246,Atrial fibrillation || id:ebi-a-GCST006414,Atrial fibrillation,Atrial fibrillation ||  || ,TRUE,igd,4,5237293,0.0247527,1.14E-05,486484,Pneumonia, || id:ieu-b-4976,TRUE,reported,igd,2,1,TRUE
99,rs77101466,G,A,G,A,-0.11433,-0.0079,0.0364495,0.037,FALSE,FALSE,FALSE,Atrial fibrillation,4,181639168,0.0206,1030836,0.6997,Atrial fibrillation || id:ebi-a-GCST006414,Atrial fibrillation,Atrial fibrillation ||  || ,TRUE,igd,4,181639168,0.0268343,2.04E-05,486484,Pneumonia, || id:ieu-b-4976,TRUE,reported,igd,2,1,TRUE
100,rs77249863,G,A,G,A,-0.153277,-0.0169,0.0193162,0.0173,FALSE,FALSE,FALSE,Atrial fibrillation,11,75820695,0.0298,1030836,0.5696,Atrial fibrillation || id:ebi-a-GCST006414,Atrial fibrillation,Atrial fibrillation ||  || ,TRUE,igd,11,75820695,0.0360392,2.11E-05,486484,Pneumonia, || id:ieu-b-4976,TRUE,reported,igd,2,1,TRUE
101,rs7735461,A,G,A,G,0.0423874,-0.0056,0.555952,0.5648,FALSE,FALSE,FALSE,Atrial fibrillation,5,178595870,0.0069,1030836,0.415,Atrial fibrillation || id:ebi-a-GCST006414,Atrial fibrillation,Atrial fibrillation ||  || ,TRUE,igd,5,178595870,0.0103217,4.01E-05,486484,Pneumonia, || id:ieu-b-4976,TRUE,reported,igd,2,1,TRUE
102,rs77381749,A,G,A,G,0.156759,-0.0244,0.0201889,0.0184,FALSE,FALSE,FALSE,Atrial fibrillation,2,173214006,0.0274,1030836,0.3738,Atrial fibrillation || id:ebi-a-GCST006414,Atrial fibrillation,Atrial fibrillation ||  || ,TRUE,igd,2,173214006,0.0357824,1.18E-05,486484,Pneumonia, || id:ieu-b-4976,TRUE,reported,igd,2,1,TRUE
103,rs77580590,C,T,C,T,-0.14274,0.0387,0.0234154,0.0232,FALSE,FALSE,FALSE,Atrial fibrillation,16,72916051,0.0258,1030836,0.1334,Atrial fibrillation || id:ebi-a-GCST006414,Atrial fibrillation,Atrial fibrillation ||  || ,TRUE,igd,16,72916051,0.0344542,3.43E-05,486484,Pneumonia, || id:ieu-b-4976,TRUE,reported,igd,2,1,TRUE
104,rs78561004,C,T,C,T,-0.0933243,0.0318,0.0637859,0.0631,FALSE,FALSE,FALSE,Atrial fibrillation,3,44679445,0.0147,1030836,0.0306803,Atrial fibrillation || id:ebi-a-GCST006414,Atrial fibrillation,Atrial fibrillation ||  || ,TRUE,igd,3,44679445,0.0205677,5.69E-06,486484,Pneumonia, || id:ieu-b-4976,TRUE,reported,igd,2,1,TRUE
105,rs7874654,C,A,C,A,0.0453407,-0.0076,0.419018,0.417,FALSE,FALSE,FALSE,Atrial fibrillation,9,3167312,0.0068,1030836,0.2619,Atrial fibrillation || id:ebi-a-GCST006414,Atrial fibrillation,Atrial fibrillation ||  || ,TRUE,igd,9,3167312,0.0101188,7.43E-06,486484,Pneumonia, || id:ieu-b-4976,TRUE,reported,igd,2,1,TRUE
106,rs79254802,A,G,A,G,-0.140054,-0.0397,0.0222495,0.0263,FALSE,FALSE,FALSE,Atrial fibrillation,3,149834400,0.0225,1030836,0.0774194,Atrial fibrillation || id:ebi-a-GCST006414,Atrial fibrillation,Atrial fibrillation ||  || ,TRUE,igd,3,149834400,0.0338275,3.47E-05,486484,Pneumonia, || id:ieu-b-4976,TRUE,reported,igd,2,1,TRUE
107,rs79298980,G,A,G,A,-0.144948,-0.0312,0.0216751,0.0203,FALSE,FALSE,FALSE,Atrial fibrillation,9,116952274,0.0261,1030836,0.2326,Atrial fibrillation || id:ebi-a-GCST006414,Atrial fibrillation,Atrial fibrillation ||  || ,TRUE,igd,9,116952274,0.0343052,2.39E-05,486484,Pneumonia, || id:ieu-b-4976,TRUE,reported,igd,2,1,TRUE
108,rs80082665,T,C,T,C,0.207878,0.04,0.0104158,0.01,FALSE,FALSE,FALSE,Atrial fibrillation,5,141751471,0.0346,1030836,0.2471,Atrial fibrillation || id:ebi-a-GCST006414,Atrial fibrillation,Atrial fibrillation ||  || ,TRUE,igd,5,141751471,0.049692,2.87E-05,486484,Pneumonia, || id:ieu-b-4976,TRUE,reported,igd,2,1,TRUE
109,rs80340940,T,C,T,C,0.105357,0.0141,0.0615082,0.0677,FALSE,FALSE,FALSE,Atrial fibrillation,1,225166471,0.0141,1030836,0.3176,Atrial fibrillation || id:ebi-a-GCST006414,Atrial fibrillation,Atrial fibrillation ||  || ,TRUE,igd,1,225166471,0.0207722,3.94E-07,486484,Pneumonia, || id:ieu-b-4976,TRUE,reported,igd,2,1,TRUE
110,rs8034525,T,C,T,C,0.0520364,0.0095,0.697959,0.693,FALSE,FALSE,FALSE,Atrial fibrillation,15,73148375,0.0072,1030836,0.1883,Atrial fibrillation || id:ebi-a-GCST006414,Atrial fibrillation,Atrial fibrillation ||  || ,TRUE,igd,15,73148375,0.0108164,1.50E-06,486484,Pneumonia, || id:ieu-b-4976,TRUE,reported,igd,2,1,TRUE
111,rs8050503,A,G,A,G,-0.104898,0.0059,0.0402861,0.0425,FALSE,FALSE,FALSE,Atrial fibrillation,16,58935432,0.016,1030836,0.712901,Atrial fibrillation || id:ebi-a-GCST006414,Atrial fibrillation,Atrial fibrillation ||  || ,TRUE,igd,16,58935432,0.0253484,3.50E-05,486484,Pneumonia, || id:ieu-b-4976,TRUE,reported,igd,2,1,TRUE
112,rs9604160,G,T,G,T,-0.0482912,0.0142,0.722187,0.7135,FALSE,FALSE,FALSE,Atrial fibrillation,13,114219316,0.008,1030836,0.0777893,Atrial fibrillation || id:ebi-a-GCST006414,Atrial fibrillation,Atrial fibrillation ||  || ,TRUE,igd,13,114219316,0.0114748,2.57E-05,486484,Pneumonia, || id:ieu-b-4976,TRUE,reported,igd,2,1,TRUE
113,rs9889103,C,T,C,T,0.0449621,0.007,0.424773,0.4262,FALSE,FALSE,FALSE,Atrial fibrillation,16,54604109,0.0067,1030836,0.299,Atrial fibrillation || id:ebi-a-GCST006414,Atrial fibrillation,Atrial fibrillation ||  || ,TRUE,igd,16,54604109,0.0100505,7.69E-06,486484,Pneumonia, || id:ieu-b-4976,TRUE,reported,igd,2,1,TRUE
114,rs9976904,C,T,C,T,0.052379,-0.0016,0.192205,0.1847,FALSE,FALSE,FALSE,Atrial fibrillation,21,32722826,0.0088,1030836,0.8599,Atrial fibrillation || id:ebi-a-GCST006414,Atrial fibrillation,Atrial fibrillation ||  || ,TRUE,igd,21,32722826,0.0126971,3.70E-05,486484,Pneumonia, || id:ieu-b-4976,TRUE,reported,igd,2,1,TRUE
