,SNP,effect_allele.exposure,other_allele.exposure,effect_allele.outcome,other_allele.outcome,beta.exposure,beta.outcome,eaf.exposure,eaf.outcome,remove,palindromic,ambiguous,id.outcome,chr,pos,se.outcome,samplesize.outcome,pval.outcome,outcome,originalname.outcome,outcome.deprecated,mr_keep.outcome,data_source.outcome,chr.exposure,pos.exposure,se.exposure,pval.exposure,samplesize.exposure,id.exposure,exposure,mr_keep.exposure,pval_origin.exposure,data_source.exposure,action,SNP_index,mr_keep
1,rs11045239,A,G,A,G,0.0604,0.000270279,0.492943,0.400337,FALSE,FALSE,FALSE,Atrial fibrillation,12,20579694,0.000234199,463010,0.25,Diagnoses - main ICD10: I48 Atrial fibrillation and flutter || id:ukb-b-964,Diagnoses - main ICD10: I48 Atrial fibrillation and flutter,Diagnoses - main ICD10: I48 Atrial fibrillation and flutter ||  || ,TRUE,igd,12,20579694,0.0089,1.12E-11,484121,Stroke,Ischemic stroke || id:ebi-a-GCST90018864,TRUE,reported,igd,2,1,TRUE
2,rs11105378,T,C,T,C,-0.054,-0.000135483,0.203466,0.171235,FALSE,FALSE,FALSE,Atrial fibrillation,12,90090741,0.000303882,463010,0.66,Diagnoses - main ICD10: I48 Atrial fibrillation and flutter || id:ukb-b-964,Diagnoses - main ICD10: I48 Atrial fibrillation and flutter,Diagnoses - main ICD10: I48 Atrial fibrillation and flutter ||  || ,TRUE,igd,12,90090741,0.0098,4.11E-08,484121,Stroke,Ischemic stroke || id:ebi-a-GCST90018864,TRUE,reported,igd,2,1,TRUE
3,rs11191772,C,T,C,T,-0.0511,-0.000136333,0.444954,0.413031,FALSE,FALSE,FALSE,Atrial fibrillation,10,105459834,0.000233953,463010,0.56,Diagnoses - main ICD10: I48 Atrial fibrillation and flutter || id:ukb-b-964,Diagnoses - main ICD10: I48 Atrial fibrillation and flutter,Diagnoses - main ICD10: I48 Atrial fibrillation and flutter ||  || ,TRUE,igd,10,105459834,0.0086,3.40E-09,484121,Stroke,Ischemic stroke || id:ebi-a-GCST90018864,TRUE,reported,igd,2,1,TRUE
4,rs11880613,A,G,A,G,-0.0613,-0.0002082,0.184857,0.190707,FALSE,FALSE,FALSE,Atrial fibrillation,19,10903972,0.000291815,463010,0.48,Diagnoses - main ICD10: I48 Atrial fibrillation and flutter || id:ukb-b-964,Diagnoses - main ICD10: I48 Atrial fibrillation and flutter,Diagnoses - main ICD10: I48 Atrial fibrillation and flutter ||  || ,TRUE,igd,19,10903972,0.011,2.58E-08,484121,Stroke,Ischemic stroke || id:ebi-a-GCST90018864,TRUE,reported,igd,2,1,TRUE
5,rs12509595,C,T,C,T,0.0577,0.000707478,0.297929,0.291511,FALSE,FALSE,FALSE,Atrial fibrillation,4,81182554,0.0002515,463010,0.00490004,Diagnoses - main ICD10: I48 Atrial fibrillation and flutter || id:ukb-b-964,Diagnoses - main ICD10: I48 Atrial fibrillation and flutter,Diagnoses - main ICD10: I48 Atrial fibrillation and flutter ||  || ,TRUE,igd,4,81182554,0.0091,2.56E-10,484121,Stroke,Ischemic stroke || id:ebi-a-GCST90018864,TRUE,reported,igd,2,1,TRUE
6,rs1275980,T,C,T,C,-0.0582,0.000345205,0.498545,0.615576,FALSE,FALSE,FALSE,Atrial fibrillation,2,26916969,0.00023507,463010,0.14,Diagnoses - main ICD10: I48 Atrial fibrillation and flutter || id:ukb-b-964,Diagnoses - main ICD10: I48 Atrial fibrillation and flutter,Diagnoses - main ICD10: I48 Atrial fibrillation and flutter ||  || ,TRUE,igd,2,26916969,0.0094,5.28E-10,484121,Stroke,Ischemic stroke || id:ebi-a-GCST90018864,TRUE,reported,igd,2,1,TRUE
7,rs2501968,G,A,G,A,-0.049,-6.57E-05,0.465302,0.402969,FALSE,FALSE,FALSE,Atrial fibrillation,6,49459978,0.000232897,463010,0.780001,Diagnoses - main ICD10: I48 Atrial fibrillation and flutter || id:ukb-b-964,Diagnoses - main ICD10: I48 Atrial fibrillation and flutter,Diagnoses - main ICD10: I48 Atrial fibrillation and flutter ||  || ,TRUE,igd,6,49459978,0.0086,1.10E-08,484121,Stroke,Ischemic stroke || id:ebi-a-GCST90018864,TRUE,reported,igd,2,1,TRUE
8,rs2526620,G,A,G,A,0.05,-0.000753279,0.252144,0.194025,FALSE,FALSE,FALSE,Atrial fibrillation,7,19045397,0.000291722,463010,0.00980009,Diagnoses - main ICD10: I48 Atrial fibrillation and flutter || id:ukb-b-964,Diagnoses - main ICD10: I48 Atrial fibrillation and flutter,Diagnoses - main ICD10: I48 Atrial fibrillation and flutter ||  || ,TRUE,igd,7,19045397,0.0092,4.57E-08,484121,Stroke,Ischemic stroke || id:ebi-a-GCST90018864,TRUE,reported,igd,2,1,TRUE
9,rs284160,A,G,A,G,0.0572,3.39E-05,0.192644,0.085966,FALSE,FALSE,FALSE,Atrial fibrillation,1,92270070,0.000407623,463010,0.93,Diagnoses - main ICD10: I48 Atrial fibrillation and flutter || id:ukb-b-964,Diagnoses - main ICD10: I48 Atrial fibrillation and flutter,Diagnoses - main ICD10: I48 Atrial fibrillation and flutter ||  || ,TRUE,igd,1,92270070,0.0096,2.80E-09,484121,Stroke,Ischemic stroke || id:ebi-a-GCST90018864,TRUE,reported,igd,2,1,TRUE
10,rs7091346,T,C,T,C,-0.0582,-0.00105148,0.45273,0.360303,FALSE,FALSE,FALSE,Atrial fibrillation,10,105608824,0.000238017,463010,1.00E-05,Diagnoses - main ICD10: I48 Atrial fibrillation and flutter || id:ukb-b-964,Diagnoses - main ICD10: I48 Atrial fibrillation and flutter,Diagnoses - main ICD10: I48 Atrial fibrillation and flutter ||  || ,TRUE,igd,10,105608824,0.0098,2.53E-09,484121,Stroke,Ischemic stroke || id:ebi-a-GCST90018864,TRUE,reported,igd,2,1,TRUE
11,rs7451833,G,A,G,A,0.128,0.000192079,0.103042,0.096636,FALSE,FALSE,FALSE,Atrial fibrillation,6,1377601,0.000388553,463010,0.62,Diagnoses - main ICD10: I48 Atrial fibrillation and flutter || id:ukb-b-964,Diagnoses - main ICD10: I48 Atrial fibrillation and flutter,Diagnoses - main ICD10: I48 Atrial fibrillation and flutter ||  || ,TRUE,igd,6,1377601,0.022,5.82E-09,484121,Stroke,Ischemic stroke || id:ebi-a-GCST90018864,TRUE,reported,igd,2,1,TRUE
12,rs7859727,T,C,T,C,0.0569,0.000127102,0.518845,0.491423,FALSE,FALSE,FALSE,Atrial fibrillation,9,22102165,0.000228269,463010,0.58,Diagnoses - main ICD10: I48 Atrial fibrillation and flutter || id:ukb-b-964,Diagnoses - main ICD10: I48 Atrial fibrillation and flutter,Diagnoses - main ICD10: I48 Atrial fibrillation and flutter ||  || ,TRUE,igd,9,22102165,0.0087,5.23E-11,484121,Stroke,Ischemic stroke || id:ebi-a-GCST90018864,TRUE,reported,igd,2,1,TRUE
